resident_id,facility_id,booking_timestamp,usage_timestamp,usage_day,usage_hour,lead_time_hours
R-114,Pool,2025-12-31 20:14:46.729979,2026-01-01 10:00:00,Thu,10,13.753686116911068
R-063,Tennis,2026-01-01 00:09:53.447539,2026-01-01 11:00:00,Thu,11,10.835153461331451
R-046,Badminton,2026-01-01 04:18:07.105428,2026-01-01 16:00:00,Thu,16,11.69802626990953
R-099,Tennis,2026-01-01 07:46:05.038706,2026-01-01 17:00:00,Thu,17,9.231933692649172
R-107,Badminton,2025-12-31 17:53:12.462978,2026-01-01 19:00:00,Thu,19,25.113204728293876
R-056,Badminton,2025-12-31 17:22:47.143301,2026-01-01 19:00:00,Thu,19,25.62023797204934
R-089,Tennis,2025-12-31 17:53:55.021775,2026-01-01 19:00:00,Thu,19,25.10138284017683
R-002,Tennis,2025-12-31 18:42:12.092480,2026-01-01 19:00:00,Thu,19,24.29664097791648
R-085,Tennis,2025-12-31 22:39:34.241924,2026-01-01 19:00:00,Thu,19,20.34048835453812
R-075,Badminton,2025-12-31 16:51:25.490518,2026-01-01 19:00:00,Thu,19,26.142919300434873
R-057,Badminton,2025-12-31 19:05:15.815509,2026-01-01 19:00:00,Thu,19,23.912273469602415
R-074,Badminton,2025-12-31 21:05:23.269084,2026-01-01 19:00:00,Thu,19,21.910203032257325
R-083,Badminton,2025-12-31 20:59:31.050703,2026-01-01 19:00:00,Thu,19,22.008041471450667
R-092,Tennis,2025-12-31 17:30:10.206925,2026-01-01 19:00:00,Thu,19,25.49716474309169
R-018,Tennis,2025-12-31 19:55:15.714634,2026-01-01 19:00:00,Thu,19,23.07896815714959
R-069,Badminton,2025-12-31 17:03:30.956841,2026-01-01 19:00:00,Thu,19,25.94140087758683
R-076,Badminton,2025-12-31 18:20:19.566294,2026-01-01 19:00:00,Thu,19,24.661231585010537
R-023,Badminton,2025-12-31 20:08:58.265542,2026-01-01 19:00:00,Thu,19,22.85048179400851
R-095,Badminton,2025-12-31 18:34:07.160199,2026-01-01 19:00:00,Thu,19,24.431344389268276
R-072,Tennis,2025-12-31 19:50:10.370469,2026-01-01 19:00:00,Thu,19,23.16378598087309
R-065,Badminton,2025-12-31 21:51:51.120385,2026-01-01 19:00:00,Thu,19,21.135799893088773
R-100,Tennis,2025-12-31 21:14:16.850580,2026-01-01 20:00:00,Thu,20,22.76198595012279
R-059,Tennis,2025-12-31 18:39:43.986539,2026-01-01 20:00:00,Thu,20,25.33778151697884
R-097,Tennis,2025-12-31 19:57:54.363416,2026-01-01 20:00:00,Thu,20,24.034899051100872
R-058,Pool,2026-01-02 04:00:36.004315,2026-01-02 07:00:00,Fri,7,2.989998801345911
R-003,Gym,2026-01-02 04:00:14.199465,2026-01-02 07:00:00,Fri,7,2.9960557040745712
R-042,Gym,2026-01-02 03:43:30.000096,2026-01-02 07:00:00,Fri,7,3.2749999732413637
R-070,Gym,2026-01-02 03:57:09.578935,2026-01-02 07:00:00,Fri,7,3.0473391848241334
R-111,Pool,2026-01-02 04:00:02.438182,2026-01-02 07:00:00,Fri,7,2.9993227273201475
R-012,Gym,2026-01-02 04:45:09.561293,2026-01-02 07:00:00,Fri,7,2.247344085261691
R-049,Gym,2026-01-02 03:04:54.079656,2026-01-02 07:00:00,Fri,7,3.9183112065409103
R-066,Gym,2026-01-02 03:41:53.523405,2026-01-02 07:00:00,Fri,7,3.301799054112735
R-005,Gym,2026-01-02 04:42:55.043673,2026-01-02 07:00:00,Fri,7,2.2847100907797313
R-015,Gym,2026-01-02 03:43:59.483409,2026-01-02 07:00:00,Fri,7,3.2668101640925347
R-091,Gym,2026-01-02 04:01:14.988166,2026-01-02 07:00:00,Fri,7,2.9791699539153447
R-101,Gym,2026-01-02 02:31:42.818547,2026-01-02 07:00:00,Fri,7,4.47143929238479
R-053,Gym,2026-01-02 03:22:37.310885,2026-01-02 07:00:00,Fri,7,3.622969198729311
R-017,Gym,2026-01-02 03:57:41.146821,2026-01-02 07:00:00,Fri,7,3.038570327451994
R-035,Gym,2026-01-02 03:33:38.643543,2026-01-02 07:00:00,Fri,7,3.43926568238155
R-088,Gym,2026-01-02 04:40:09.825766,2026-01-02 07:00:00,Fri,7,2.3306039538460404
R-073,Gym,2026-01-02 03:46:24.963473,2026-01-02 07:00:00,Fri,7,3.2263990351501572
R-020,Gym,2026-01-02 04:11:44.472826,2026-01-02 07:00:00,Fri,7,2.804313103758762
R-108,Gym,2026-01-02 04:03:24.909022,2026-01-02 07:00:00,Fri,7,2.94308082729475
R-078,Gym,2026-01-02 04:44:26.782225,2026-01-02 07:00:00,Fri,7,2.259227159824509
R-029,Clubhouse,2026-01-01 18:13:07.291368,2026-01-02 10:00:00,Fri,10,15.781307953459397
R-027,Gym,2026-01-02 00:35:40.162137,2026-01-02 12:00:00,Fri,12,11.405510517363835
R-019,Clubhouse,2026-01-02 02:06:01.273584,2026-01-02 13:00:00,Fri,13,10.89964622674886
R-109,Gym,2026-01-02 05:23:34.103355,2026-01-02 15:00:00,Fri,15,9.607193512383784
R-048,Clubhouse,2026-01-02 01:22:52.409094,2026-01-02 16:00:00,Fri,16,14.618775251656652
R-063,Badminton,2026-01-02 00:12:23.804373,2026-01-02 16:00:00,Fri,16,15.793387674091075
R-037,Gym,2026-01-02 12:20:07.741743,2026-01-02 17:00:00,Fri,17,4.664516182496008
R-055,Pool,2026-01-02 14:50:19.134497,2026-01-02 18:00:00,Fri,18,3.161351528590817
R-094,Gym,2026-01-02 15:06:37.632740,2026-01-02 18:00:00,Fri,18,2.889546461082175
R-081,Gym,2026-01-02 14:56:58.676980,2026-01-02 18:00:00,Fri,18,3.0503675056688815
R-061,Pool,2026-01-02 15:49:53.744660,2026-01-02 18:00:00,Fri,18,2.1684042610107506
R-087,Gym,2026-01-02 14:52:58.700908,2026-01-02 18:00:00,Fri,18,3.1170275256648097
R-099,Pool,2026-01-02 21:31:00.245532,2026-01-03 12:00:00,Sat,12,14.48326513005756
R-027,Badminton,2026-01-02 23:45:22.525590,2026-01-03 12:00:00,Sat,12,12.243742891735073
R-019,Clubhouse,2026-01-02 21:40:39.214757,2026-01-03 13:00:00,Sat,13,15.32244034516613
R-051,Clubhouse,2026-01-03 08:01:10.186071,2026-01-03 15:00:00,Sat,15,6.980503869157749
R-112,Pool,2026-01-03 08:22:26.855362,2026-01-03 15:00:00,Sat,15,6.625873510622023
R-004,Pool,2026-01-03 08:05:40.974297,2026-01-03 15:00:00,Sat,15,6.905284917426502
R-030,Pool,2026-01-03 08:48:10.854853,2026-01-03 15:00:00,Sat,15,6.196984762991134
R-105,Pool,2026-01-03 09:01:42.027814,2026-01-03 15:00:00,Sat,15,5.97165894053022
R-039,Pool,2026-01-03 09:27:06.698514,2026-01-03 15:00:00,Sat,15,5.548139301724629
R-062,Pool,2026-01-03 09:48:57.898037,2026-01-03 15:00:00,Sat,15,5.183917211826106
R-050,Pool,2026-01-03 08:47:49.862035,2026-01-03 15:00:00,Sat,15,6.202816101460938
R-077,Pool,2026-01-03 08:03:12.687088,2026-01-03 15:00:00,Sat,15,6.9464758087659675
R-013,Pool,2026-01-03 09:31:56.012541,2026-01-03 15:00:00,Sat,15,5.467774294171336
R-028,Pool,2026-01-03 08:39:07.279302,2026-01-03 15:00:00,Sat,15,6.3479779715304
R-068,Pool,2026-01-03 08:49:31.952663,2026-01-03 15:00:00,Sat,15,6.174457593670691
R-064,Pool,2026-01-03 09:04:14.240007,2026-01-03 15:00:00,Sat,15,5.929377775893751
R-047,Pool,2026-01-03 07:43:06.521271,2026-01-03 15:00:00,Sat,15,7.281521869235624
R-026,Pool,2026-01-03 09:36:32.476394,2026-01-03 15:00:00,Sat,15,5.3909787793159945
R-110,Pool,2026-01-03 07:56:27.795497,2026-01-03 15:00:00,Sat,15,7.058945695189724
R-079,Pool,2026-01-03 08:01:23.223829,2026-01-03 15:00:00,Sat,15,6.976882269584766
R-008,Pool,2026-01-03 08:28:47.533214,2026-01-03 15:00:00,Sat,15,6.520129662684587
R-067,Pool,2026-01-03 08:57:01.483361,2026-01-03 15:00:00,Sat,15,6.049587955275408
R-103,Pool,2026-01-03 07:48:54.488361,2026-01-03 15:00:00,Sat,15,7.184864344238177
R-033,Pool,2026-01-03 10:18:32.479429,2026-01-03 15:00:00,Sat,15,4.690977936331352
R-119,Pool,2026-01-03 08:32:59.181536,2026-01-03 15:00:00,Sat,15,6.450227351005636
R-041,Pool,2026-01-03 08:26:07.037522,2026-01-03 15:00:00,Sat,15,6.564711799515129
R-032,Pool,2026-01-03 10:25:43.918801,2026-01-03 15:00:00,Sat,15,4.571133666522009
R-043,Pool,2026-01-03 08:51:05.253409,2026-01-03 15:00:00,Sat,15,6.148540719624163
R-096,Pool,2026-01-03 08:45:23.701314,2026-01-03 15:00:00,Sat,15,6.243416301711393
R-098,Pool,2026-01-03 08:03:43.049995,2026-01-03 15:00:00,Sat,15,6.938041668187432
R-014,Pool,2026-01-03 09:58:24.024224,2026-01-03 15:00:00,Sat,15,5.026659937720314
R-086,Clubhouse,2026-01-03 10:23:49.934087,2026-01-03 15:00:00,Sat,15,4.602796086927771
R-022,Pool,2026-01-03 07:45:06.253226,2026-01-03 15:00:00,Sat,15,7.248262992886095
R-102,Pool,2026-01-03 09:55:38.765129,2026-01-03 15:00:00,Sat,15,5.072565242077386
R-045,Pool,2026-01-03 09:02:32.807762,2026-01-03 16:00:00,Sat,16,6.957553399484363
R-093,Pool,2026-01-03 10:54:20.506590,2026-01-03 16:00:00,Sat,16,5.094303725125447
R-060,Pool,2026-01-03 11:30:16.740563,2026-01-03 16:00:00,Sat,16,4.495349843656908
R-007,Pool,2026-01-03 10:42:31.393982,2026-01-03 16:00:00,Sat,16,5.291279449378293
R-044,Pool,2026-01-03 10:51:09.160481,2026-01-03 16:00:00,Sat,16,5.147455421996104
R-034,Gym,2026-01-03 03:08:00.110023,2026-01-03 17:00:00,Sat,17,13.866636104838875
R-092,Badminton,2026-01-02 18:32:54.963453,2026-01-03 19:00:00,Sat,19,24.451399040886894
R-083,Badminton,2026-01-02 18:56:08.084655,2026-01-03 19:00:00,Sat,19,24.064420929294084
R-065,Tennis,2026-01-02 19:41:54.236300,2026-01-03 19:00:00,Sat,19,23.301601027723393
R-038,Tennis,2026-01-02 19:43:47.998241,2026-01-03 19:00:00,Sat,19,23.27000048869673
R-006,Tennis,2026-01-02 18:43:12.050688,2026-01-03 19:00:00,Sat,19,24.279985919950235
R-085,Badminton,2026-01-02 19:33:31.941467,2026-01-03 19:00:00,Sat,19,23.441127370213174
R-059,Badminton,2026-01-02 19:24:51.065699,2026-01-03 19:00:00,Sat,19,23.585815083638074
R-089,Badminton,2026-01-02 17:49:03.208619,2026-01-03 19:00:00,Sat,19,25.182442050353988
R-056,Tennis,2026-01-02 17:39:34.941933,2026-01-03 19:00:00,Sat,19,25.34029390742867
R-116,Tennis,2026-01-02 19:23:02.732185,2026-01-03 19:00:00,Sat,19,23.615907726493035
R-057,Badminton,2026-01-02 18:54:04.372605,2026-01-03 19:00:00,Sat,19,24.098785387432898
R-074,Tennis,2026-01-02 19:21:26.395896,2026-01-03 19:00:00,Sat,19,23.642667806799658
R-097,Badminton,2026-01-02 16:25:36.873191,2026-01-03 19:00:00,Sat,19,26.57309078041659
R-107,Badminton,2026-01-02 20:04:44.640720,2026-01-03 19:00:00,Sat,19,22.920933133422892
R-024,Badminton,2026-01-02 18:21:23.600199,2026-01-03 19:00:00,Sat,19,24.643444389121218
R-069,Badminton,2026-01-02 22:36:35.006054,2026-01-03 19:00:00,Sat,19,20.390276096109865
R-072,Tennis,2026-01-02 18:00:28.333010,2026-01-03 19:00:00,Sat,19,24.992129719341538
R-023,Badminton,2026-01-02 19:08:58.615900,2026-01-03 19:00:00,Sat,19,23.850384472349155
R-018,Tennis,2026-01-02 16:49:14.142313,2026-01-03 19:00:00,Sat,19,26.17940491311528
R-076,Badminton,2026-01-02 17:23:22.413933,2026-01-03 19:00:00,Sat,19,25.610440574150367
R-095,Badminton,2026-01-02 20:50:32.321657,2026-01-03 19:00:00,Sat,19,22.157688428564988
R-040,Tennis,2026-01-02 19:01:59.618212,2026-01-03 20:00:00,Sat,20,24.96677271881061
R-002,Badminton,2026-01-02 19:36:50.803575,2026-01-03 20:00:00,Sat,20,24.385887895807848
R-034,Badminton,2026-01-04 02:43:09.894387,2026-01-04 14:00:00,Sun,14,11.280584892582008
R-032,Pool,2026-01-04 10:02:50.487628,2026-01-04 15:00:00,Sun,15,4.952642325662273
R-102,Pool,2026-01-04 09:02:24.921038,2026-01-04 15:00:00,Sun,15,5.95974415610543
R-028,Pool,2026-01-04 08:09:25.434371,2026-01-04 15:00:00,Sun,15,6.842934896823162
R-060,Pool,2026-01-04 09:15:05.049713,2026-01-04 15:00:00,Sun,15,5.7485973019471475
R-026,Pool,2026-01-04 07:58:16.140435,2026-01-04 15:00:00,Sun,15,7.028849879083534
R-064,Pool,2026-01-04 08:41:23.579137,2026-01-04 15:00:00,Sun,15,6.310116906463077
R-051,Clubhouse,2026-01-04 09:52:52.110890,2026-01-04 15:00:00,Sun,15,5.118858086165043
R-007,Pool,2026-01-04 08:05:54.590737,2026-01-04 15:00:00,Sun,15,6.901502573031868
R-105,Pool,2026-01-04 09:11:56.678747,2026-01-04 15:00:00,Sun,15,5.800922570140784
R-043,Pool,2026-01-04 09:14:59.812742,2026-01-04 15:00:00,Sun,15,5.750052016153515
R-086,Pool,2026-01-04 08:08:27.069518,2026-01-04 15:00:00,Sun,15,6.859147356247214
R-119,Pool,2026-01-04 10:13:59.906107,2026-01-04 15:00:00,Sun,15,4.766692748052617
R-013,Clubhouse,2026-01-04 08:40:09.053768,2026-01-04 15:00:00,Sun,15,6.33081839776682
R-009,Clubhouse,2026-01-04 07:14:43.916869,2026-01-04 15:00:00,Sun,15,7.7544675365209015
R-082,Pool,2026-01-04 08:41:46.766585,2026-01-04 15:00:00,Sun,15,6.303675948516651
R-077,Pool,2026-01-04 09:02:42.535761,2026-01-04 15:00:00,Sun,15,5.9548511774396236
R-044,Clubhouse,2026-01-04 08:27:31.992332,2026-01-04 15:00:00,Sun,15,6.541113241192142
R-067,Pool,2026-01-04 07:34:47.075293,2026-01-04 15:00:00,Sun,15,7.4202568629277
R-110,Pool,2026-01-04 09:51:59.817728,2026-01-04 15:00:00,Sun,15,5.1333839645115615
R-016,Pool,2026-01-04 08:30:58.612997,2026-01-04 15:00:00,Sun,15,6.483718612007836
R-008,Pool,2026-01-04 09:06:41.005990,2026-01-04 15:00:00,Sun,15,5.888609447130908
R-079,Pool,2026-01-04 09:41:35.747877,2026-01-04 15:00:00,Sun,15,5.30673670071303
R-112,Pool,2026-01-04 10:15:02.620934,2026-01-04 15:00:00,Sun,15,4.749271962732772
R-096,Pool,2026-01-04 10:31:22.651080,2026-01-04 15:00:00,Sun,15,4.477041366721334
R-062,Pool,2026-01-04 08:33:47.937228,2026-01-04 15:00:00,Sun,15,6.4366841032725475
R-004,Pool,2026-01-04 08:09:25.942953,2026-01-04 15:00:00,Sun,15,6.8427936242635665
R-030,Pool,2026-01-04 08:38:13.534887,2026-01-04 15:00:00,Sun,15,6.362906975937207
R-045,Pool,2026-01-04 08:16:31.660782,2026-01-04 15:00:00,Sun,15,6.724538671637616
R-068,Pool,2026-01-04 06:09:11.815627,2026-01-04 15:00:00,Sun,15,8.846717881430708
R-098,Pool,2026-01-04 10:12:34.508867,2026-01-04 16:00:00,Sun,16,5.790414203639677
R-039,Pool,2026-01-04 10:05:56.361333,2026-01-04 16:00:00,Sun,16,5.901010740946649
R-093,Pool,2026-01-04 08:44:08.300020,2026-01-04 16:00:00,Sun,16,7.264361105553756
R-041,Pool,2026-01-04 09:43:38.504010,2026-01-04 16:00:00,Sun,16,6.27263777503986
R-014,Pool,2026-01-04 07:48:37.156292,2026-01-04 16:00:00,Sun,16,8.189678807868054
R-050,Pool,2026-01-04 09:47:35.100192,2026-01-04 16:00:00,Sun,16,6.206916613255119
R-113,Gym,2026-01-04 10:19:07.746694,2026-01-04 19:00:00,Sun,19,8.681181473757562
R-020,Gym,2026-01-05 03:15:16.256588,2026-01-05 07:00:00,Mon,7,3.745484281238132
R-090,Gym,2026-01-05 03:38:26.102080,2026-01-05 07:00:00,Mon,7,3.359416088874984
R-053,Gym,2026-01-05 04:19:38.061445,2026-01-05 07:00:00,Mon,7,2.672760709621212
R-117,Gym,2026-01-05 04:15:17.619779,2026-01-05 07:00:00,Mon,7,2.745105617047824
R-017,Gym,2026-01-05 04:28:10.435872,2026-01-05 07:00:00,Mon,7,2.5304344801225884
R-015,Gym,2026-01-05 03:32:31.740239,2026-01-05 07:00:00,Mon,7,3.457849933511171
R-091,Pool,2026-01-05 03:13:54.148628,2026-01-05 07:00:00,Mon,7,3.768292047738332
R-111,Gym,2026-01-05 03:47:25.474743,2026-01-05 07:00:00,Mon,7,3.2095903491926907
R-012,Gym,2026-01-05 04:07:05.122133,2026-01-05 07:00:00,Mon,7,2.8819105187309098
R-073,Gym,2026-01-05 03:43:27.978545,2026-01-05 07:00:00,Mon,7,3.275561515159315
R-025,Gym,2026-01-05 03:52:42.627495,2026-01-05 07:00:00,Mon,7,3.121492362522746
R-066,Pool,2026-01-05 03:42:29.651697,2026-01-05 07:00:00,Mon,7,3.2917634175229917
R-084,Gym,2026-01-05 04:25:18.282224,2026-01-05 07:00:00,Mon,7,2.578254937767562
R-055,Gym,2026-01-05 03:39:12.620227,2026-01-05 07:00:00,Mon,7,3.3464943813598094
R-058,Gym,2026-01-05 04:05:24.555565,2026-01-05 07:00:00,Mon,7,2.909845676259178
R-003,Gym,2026-01-05 03:54:32.270477,2026-01-05 07:00:00,Mon,7,3.0910359785411736
R-049,Gym,2026-01-05 03:38:17.418997,2026-01-05 07:00:00,Mon,7,3.361828056302717
R-035,Gym,2026-01-05 04:10:42.989124,2026-01-05 07:00:00,Mon,7,2.821391909873457
R-005,Gym,2026-01-05 04:24:56.495761,2026-01-05 07:00:00,Mon,7,2.5843067329774922
R-094,Gym,2026-01-05 03:00:57.310445,2026-01-05 07:00:00,Mon,7,3.984080431895482
R-034,Pool,2026-01-04 19:06:48.058572,2026-01-05 11:00:00,Mon,11,15.886650396618238
R-106,Clubhouse,2026-01-04 23:39:45.260874,2026-01-05 11:00:00,Mon,11,11.337427535045878
R-036,Tennis,2026-01-04 20:25:56.289076,2026-01-05 13:00:00,Mon,13,16.567697478906698
R-061,Gym,2026-01-05 15:41:00.430668,2026-01-05 18:00:00,Mon,18,2.316547036789596
R-042,Gym,2026-01-05 15:09:45.404588,2026-01-05 18:00:00,Mon,18,2.837387614571726
R-087,Gym,2026-01-05 14:52:18.698341,2026-01-05 18:00:00,Mon,18,3.1281393496633862
R-078,Gym,2026-01-05 15:02:27.281327,2026-01-05 18:00:00,Mon,18,2.9590885203255577
R-081,Gym,2026-01-05 15:12:26.927305,2026-01-05 18:00:00,Mon,18,2.7925201929900307
R-080,Pool,2026-01-06 00:28:36.822092,2026-01-06 11:00:00,Tue,11,10.52310497436967
R-027,Pool,2026-01-06 02:51:23.853098,2026-01-06 14:00:00,Tue,14,11.143374139360823
R-071,Clubhouse,2026-01-06 00:53:32.652595,2026-01-06 16:00:00,Tue,16,15.107596501340442
R-040,Tennis,2026-01-05 19:04:55.460258,2026-01-06 19:00:00,Tue,19,23.917927706018975
R-059,Badminton,2026-01-05 17:10:27.633861,2026-01-06 19:00:00,Tue,19,25.825657260949875
R-072,Badminton,2026-01-05 18:14:18.087645,2026-01-06 19:00:00,Tue,19,24.76164232095325
R-024,Badminton,2026-01-05 18:43:05.314520,2026-01-06 19:00:00,Tue,19,24.281857077864014
R-074,Tennis,2026-01-05 19:25:22.964439,2026-01-06 19:00:00,Tue,19,23.57695432253503
R-097,Badminton,2026-01-05 20:56:58.513932,2026-01-06 19:00:00,Tue,19,22.050412796621515
R-002,Tennis,2026-01-05 17:26:09.076063,2026-01-06 19:00:00,Tue,19,25.564145538079305
R-107,Badminton,2026-01-05 18:43:24.721112,2026-01-06 19:00:00,Tue,19,24.276466357775817
R-116,Badminton,2026-01-05 18:33:09.328919,2026-01-06 19:00:00,Tue,19,24.447408633671316
R-100,Badminton,2026-01-05 19:18:34.075647,2026-01-06 19:00:00,Tue,19,23.690534542514197
R-085,Badminton,2026-01-05 21:26:32.429321,2026-01-06 19:00:00,Tue,19,21.557658521916014
R-018,Tennis,2026-01-05 19:07:01.621504,2026-01-06 19:00:00,Tue,19,23.88288291562181
R-006,Tennis,2026-01-05 18:30:42.556784,2026-01-06 19:00:00,Tue,19,24.4881786710178
R-023,Badminton,2026-01-05 19:48:01.526118,2026-01-06 19:00:00,Tue,19,23.199576078332736
R-075,Badminton,2026-01-05 20:05:16.898439,2026-01-06 19:00:00,Tue,19,22.9119726558857
R-083,Badminton,2026-01-05 16:57:57.174076,2026-01-06 19:00:00,Tue,19,26.034118312339405
R-095,Badminton,2026-01-05 22:05:19.469349,2026-01-06 19:00:00,Tue,19,20.9112585142788
R-038,Badminton,2026-01-05 20:28:21.296756,2026-01-06 20:00:00,Tue,20,23.527417567876256
R-056,Badminton,2026-01-05 22:53:36.725595,2026-01-06 20:00:00,Tue,20,21.10646511248491
R-065,Badminton,2026-01-05 16:55:29.862307,2026-01-06 20:00:00,Tue,20,27.075038248082826
R-092,Tennis,2026-01-05 19:08:37.086316,2026-01-06 20:00:00,Tue,20,24.85636491231224
R-087,Gym,2026-01-07 04:01:58.017767,2026-01-07 07:00:00,Wed,7,2.9672172869733906
R-055,Gym,2026-01-07 03:49:07.155341,2026-01-07 07:00:00,Wed,7,3.1813457387220336
R-003,Gym,2026-01-07 05:01:09.690594,2026-01-07 07:00:00,Wed,7,1.9806415017198724
R-015,Gym,2026-01-07 03:22:58.109627,2026-01-07 07:00:00,Wed,7,3.617191770234492
R-005,Gym,2026-01-07 04:19:37.394047,2026-01-07 07:00:00,Wed,7,2.672946097995604
R-035,Gym,2026-01-07 04:15:27.572783,2026-01-07 07:00:00,Wed,7,2.7423408935689553
R-058,Gym,2026-01-07 04:12:38.463465,2026-01-07 07:00:00,Wed,7,2.7893157041312264
R-094,Gym,2026-01-07 03:34:04.292091,2026-01-07 07:00:00,Wed,7,3.4321410857764034
R-053,Gym,2026-01-07 04:51:19.843871,2026-01-07 07:00:00,Wed,7,2.1444878137095826
R-012,Gym,2026-01-07 04:35:25.295228,2026-01-07 07:00:00,Wed,7,2.409640214369244
R-090,Gym,2026-01-07 04:34:02.322140,2026-01-07 07:00:00,Wed,7,2.4326882944998016
R-017,Gym,2026-01-07 03:22:01.579528,2026-01-07 07:00:00,Wed,7,3.6328945754418625
R-073,Gym,2026-01-07 04:04:42.022266,2026-01-07 07:00:00,Wed,7,2.921660481733267
R-061,Gym,2026-01-07 03:42:18.736785,2026-01-07 07:00:00,Wed,7,3.2947953375062218
R-111,Pool,2026-01-07 03:21:32.606666,2026-01-07 07:00:00,Wed,7,3.6409425926432344
R-088,Gym,2026-01-07 03:23:32.654554,2026-01-07 07:00:00,Wed,7,3.6075959571268106
R-020,Gym,2026-01-07 03:28:16.486665,2026-01-07 07:00:00,Wed,7,3.528753704073152
R-025,Gym,2026-01-07 05:05:11.505487,2026-01-07 07:00:00,Wed,7,1.9134706981421596
R-117,Gym,2026-01-07 03:44:55.352145,2026-01-07 07:00:00,Wed,7,3.2512910708258675
R-084,Gym,2026-01-07 03:37:49.172416,2026-01-07 07:00:00,Wed,7,3.369674328964273
R-042,Gym,2026-01-07 04:09:54.391869,2026-01-07 07:00:00,Wed,7,2.834891147634815
R-066,Gym,2026-01-07 02:59:00.763612,2026-01-07 07:00:00,Wed,7,4.01645455223517
R-091,Gym,2026-01-07 03:53:55.754202,2026-01-07 07:00:00,Wed,7,3.101179388368349
R-101,Gym,2026-01-07 03:43:13.479197,2026-01-07 07:00:00,Wed,7,3.2795891119424097
R-108,Gym,2026-01-07 04:02:40.308528,2026-01-07 07:00:00,Wed,7,2.95546985331156
R-019,Badminton,2026-01-07 01:49:57.844808,2026-01-07 10:00:00,Wed,10,8.167265331230812
R-113,Badminton,2026-01-06 22:47:19.004549,2026-01-07 13:00:00,Wed,13,14.211387625230524
R-078,Gym,2026-01-07 14:43:09.519359,2026-01-07 18:00:00,Wed,18,3.280689066922079
R-049,Gym,2026-01-07 14:50:17.066664,2026-01-07 18:00:00,Wed,18,3.161925926765909
R-070,Gym,2026-01-07 15:27:35.423971,2026-01-07 18:00:00,Wed,18,2.5401600081891655
R-109,Gym,2026-01-07 06:54:37.247882,2026-01-07 18:00:00,Wed,18,11.089653366241954
R-071,Clubhouse,2026-01-07 10:42:59.195034,2026-01-07 19:00:00,Wed,19,8.283556934883725
R-106,Clubhouse,2026-01-07 21:59:12.681231,2026-01-08 14:00:00,Thu,14,16.0131441024781
R-083,Tennis,2026-01-07 14:40:56.589080,2026-01-08 19:00:00,Thu,19,28.317614144542617
R-024,Tennis,2026-01-07 18:50:32.286742,2026-01-08 19:00:00,Thu,19,24.157698127149313
R-057,Tennis,2026-01-07 18:18:16.400213,2026-01-08 19:00:00,Thu,19,24.695444385389308
R-023,Tennis,2026-01-07 21:07:12.456384,2026-01-08 19:00:00,Thu,19,21.879873226532442
R-075,Tennis,2026-01-07 18:50:03.116453,2026-01-08 19:00:00,Thu,19,24.165800985248868
R-085,Tennis,2026-01-07 18:33:05.403122,2026-01-08 19:00:00,Thu,19,24.448499132774298
R-076,Tennis,2026-01-07 15:48:42.192667,2026-01-08 19:00:00,Thu,19,27.188279814644197
R-074,Tennis,2026-01-07 20:18:10.664872,2026-01-08 19:00:00,Thu,19,22.697037535434994
R-116,Badminton,2026-01-07 18:02:04.313518,2026-01-08 19:00:00,Thu,19,24.96546846724865
R-038,Tennis,2026-01-07 19:14:08.066636,2026-01-08 19:00:00,Thu,19,23.764425934499446
R-065,Badminton,2026-01-07 22:52:15.572000,2026-01-08 19:00:00,Thu,19,20.129007777699893
R-089,Tennis,2026-01-07 20:48:25.581534,2026-01-08 19:00:00,Thu,19,22.192894018393165
R-069,Tennis,2026-01-07 23:00:05.746839,2026-01-08 19:00:00,Thu,19,19.998403655729167
R-107,Badminton,2026-01-07 17:36:06.659694,2026-01-08 19:00:00,Thu,19,25.39815008499688
R-097,Badminton,2026-01-07 20:18:39.812277,2026-01-08 19:00:00,Thu,19,22.688941034167634
R-092,Tennis,2026-01-07 21:57:34.204722,2026-01-08 20:00:00,Thu,20,22.040498688450896
R-056,Badminton,2026-01-07 19:01:33.727347,2026-01-08 20:00:00,Thu,20,24.973964625732194
R-040,Tennis,2026-01-07 20:13:31.382338,2026-01-08 20:00:00,Thu,20,23.774616017200728
R-095,Badminton,2026-01-07 21:41:12.139792,2026-01-08 20:00:00,Thu,20,22.313294502167732
R-006,Badminton,2026-01-07 20:18:45.878855,2026-01-08 20:00:00,Thu,20,23.687255873530425
R-049,Gym,2026-01-09 03:42:53.299496,2026-01-09 07:00:00,Fri,7,3.285194584316826
R-053,Gym,2026-01-09 04:16:49.747949,2026-01-09 07:00:00,Fri,7,2.719514458630015
R-061,Gym,2026-01-09 04:20:06.228637,2026-01-09 07:00:00,Fri,7,2.6649364896459975
R-090,Gym,2026-01-09 03:21:48.545185,2026-01-09 07:00:00,Fri,7,3.6365152263066727
R-017,Gym,2026-01-09 04:30:41.793191,2026-01-09 07:00:00,Fri,7,2.4883907802423617
R-117,Gym,2026-01-09 03:10:55.168711,2026-01-09 07:00:00,Fri,7,3.8180086914789286
R-015,Gym,2026-01-09 04:12:24.452635,2026-01-09 07:00:00,Fri,7,2.7932076013670417
R-058,Gym,2026-01-09 04:14:25.532294,2026-01-09 07:00:00,Fri,7,2.7595743626965
R-087,Gym,2026-01-09 03:51:16.003356,2026-01-09 07:00:00,Fri,7,3.1455546234494545
R-055,Gym,2026-01-09 03:28:10.405328,2026-01-09 07:00:00,Fri,7,3.5304429644122317
R-025,Gym,2026-01-09 03:06:31.525032,2026-01-09 07:00:00,Fri,7,3.8912430466038845
R-012,Gym,2026-01-09 03:58:33.785031,2026-01-09 07:00:00,Fri,7,3.0239486026143374
R-066,Gym,2026-01-09 03:54:15.224135,2026-01-09 07:00:00,Fri,7,3.0957710737377186
R-111,Gym,2026-01-09 03:52:55.164306,2026-01-09 07:00:00,Fri,7,3.1180099150375544
R-073,Gym,2026-01-09 05:32:11.316708,2026-01-09 07:00:00,Fri,7,1.4635231365991515
R-078,Gym,2026-01-09 04:25:24.171795,2026-01-09 07:00:00,Fri,7,2.576618945731875
R-081,Gym,2026-01-09 04:00:59.729006,2026-01-09 07:00:00,Fri,7,2.9834086093079817
R-070,Gym,2026-01-09 04:12:18.314345,2026-01-09 07:00:00,Fri,7,2.7949126818460144
R-094,Gym,2026-01-09 03:03:01.543337,2026-01-09 07:00:00,Fri,7,3.949571295235079
R-108,Gym,2026-01-09 03:53:52.427997,2026-01-09 07:00:00,Fri,7,3.1021033342972
R-042,Pool,2026-01-09 04:10:53.635340,2026-01-09 07:00:00,Fri,7,2.8184346277846055
R-003,Gym,2026-01-09 04:15:06.118736,2026-01-09 07:00:00,Fri,7,2.748300351150118
R-080,Clubhouse,2026-01-08 20:55:57.898533,2026-01-09 09:00:00,Fri,9,12.067250407477301
R-063,Gym,2026-01-08 21:52:07.250646,2026-01-09 10:00:00,Fri,10,12.131319264964546
R-034,Gym,2026-01-09 00:14:07.248875,2026-01-09 10:00:00,Fri,10,9.764653090288967
R-054,Tennis,2026-01-09 07:55:03.233531,2026-01-09 14:00:00,Fri,14,6.08243513036988
R-071,Pool,2026-01-09 01:58:13.320423,2026-01-09 15:00:00,Fri,15,13.029633215935183
R-020,Gym,2026-01-09 15:14:09.831637,2026-01-09 18:00:00,Fri,18,2.7639356562892017
R-091,Gym,2026-01-09 15:38:12.168156,2026-01-09 18:00:00,Fri,18,2.3632866232087837
R-035,Gym,2026-01-09 15:34:09.291522,2026-01-09 18:00:00,Fri,18,2.4307523550971646
R-084,Gym,2026-01-09 14:50:34.434499,2026-01-09 18:00:00,Fri,18,3.1571015279298154
R-088,Gym,2026-01-09 14:46:39.047582,2026-01-09 18:00:00,Fri,18,3.2224867827512185
R-106,Badminton,2026-01-09 19:57:10.928319,2026-01-10 09:00:00,Sat,9,13.046964355843116
R-048,Badminton,2026-01-10 01:04:17.149579,2026-01-10 12:00:00,Sat,12,10.928569561312845
R-086,Pool,2026-01-10 07:12:27.116720,2026-01-10 15:00:00,Sat,15,7.792467577674333
R-026,Pool,2026-01-10 07:23:19.547441,2026-01-10 15:00:00,Sat,15,7.61123682203713
R-064,Pool,2026-01-10 09:03:49.415899,2026-01-10 15:00:00,Sat,15,5.936273361403343
R-067,Pool,2026-01-10 08:19:20.245652,2026-01-10 15:00:00,Sat,15,6.677709540973521
R-110,Pool,2026-01-10 09:08:55.106844,2026-01-10 15:00:00,Sat,15,5.851359210020203
R-039,Pool,2026-01-10 09:00:07.453709,2026-01-10 15:00:00,Sat,15,5.997929525379548
R-082,Pool,2026-01-10 08:47:07.786326,2026-01-10 15:00:00,Sat,15,6.214503798403474
R-028,Pool,2026-01-10 08:35:04.604763,2026-01-10 15:00:00,Sat,15,6.415387565909981
R-047,Pool,2026-01-10 09:47:36.782640,2026-01-10 15:00:00,Sat,15,5.20644926676053
R-045,Pool,2026-01-10 10:15:37.207653,2026-01-10 15:00:00,Sat,15,4.739664540969796
R-051,Pool,2026-01-10 10:12:59.877643,2026-01-10 15:00:00,Sat,15,4.783367321404605
R-119,Pool,2026-01-10 09:05:44.353235,2026-01-10 15:00:00,Sat,15,5.904346323694662
R-112,Pool,2026-01-10 08:59:09.639041,2026-01-10 15:00:00,Sat,15,6.0139891552253655
R-033,Pool,2026-01-10 07:25:06.431812,2026-01-10 15:00:00,Sat,15,7.581546718968465
R-093,Clubhouse,2026-01-10 08:16:13.035773,2026-01-10 15:00:00,Sat,15,6.729712285322973
R-008,Clubhouse,2026-01-10 07:43:09.536639,2026-01-10 15:00:00,Sat,15,7.28068426699731
R-016,Pool,2026-01-10 08:49:59.016738,2026-01-10 15:00:00,Sat,15,6.1669397948635245
R-007,Pool,2026-01-10 08:21:07.995462,2026-01-10 15:00:00,Sat,15,6.647779038296196
R-013,Pool,2026-01-10 07:47:12.576088,2026-01-10 15:00:00,Sat,15,7.2131733090185115
R-030,Pool,2026-01-10 09:32:58.480558,2026-01-10 15:00:00,Sat,15,5.45042206731527
R-060,Pool,2026-01-10 09:09:30.505995,2026-01-10 15:00:00,Sat,15,5.8415261123964966
R-014,Pool,2026-01-10 09:46:46.006543,2026-01-10 15:00:00,Sat,15,5.220553738135799
R-043,Pool,2026-01-10 09:22:25.233819,2026-01-10 15:00:00,Sat,15,5.626323939082173
R-079,Clubhouse,2026-01-10 10:18:57.616202,2026-01-10 15:00:00,Sat,15,4.683995499501144
R-032,Clubhouse,2026-01-10 08:59:58.363844,2026-01-10 16:00:00,Sat,16,7.000454487878684
R-041,Pool,2026-01-10 08:37:46.434035,2026-01-10 16:00:00,Sat,16,7.370434990221908
R-009,Pool,2026-01-10 08:09:35.715975,2026-01-10 16:00:00,Sat,16,7.840078895839121
R-022,Clubhouse,2026-01-10 10:13:29.147516,2026-01-10 16:00:00,Sat,16,5.775236801198012
R-011,Pool,2026-01-10 10:12:40.743166,2026-01-10 16:00:00,Sat,16,5.788682453941949
R-050,Pool,2026-01-10 10:29:41.028060,2026-01-10 16:00:00,Sat,16,5.505269983322316
R-096,Pool,2026-01-10 08:36:20.084279,2026-01-10 16:00:00,Sat,16,7.394421033564072
R-004,Pool,2026-01-10 11:25:07.935376,2026-01-10 16:00:00,Sat,16,4.581129062170641
R-044,Pool,2026-01-10 10:44:10.029002,2026-01-10 16:00:00,Sat,16,5.263880832696942
R-077,Pool,2026-01-10 11:00:59.583093,2026-01-10 16:00:00,Sat,16,4.9834491407146615
R-098,Pool,2026-01-10 08:51:54.968326,2026-01-10 16:00:00,Sat,16,7.134731020497536
R-105,Pool,2026-01-10 11:25:42.091630,2026-01-10 16:00:00,Sat,16,4.571641213820857
R-062,Pool,2026-01-10 08:04:33.996258,2026-01-10 16:00:00,Sat,16,7.923889928396206
R-068,Pool,2026-01-10 10:48:26.175021,2026-01-10 16:00:00,Sat,16,5.1927291607799155
R-116,Tennis,2026-01-09 20:21:12.791810,2026-01-10 19:00:00,Sat,19,22.646446719485848
R-083,Tennis,2026-01-09 19:20:35.238430,2026-01-10 19:00:00,Sat,19,23.656878214011954
R-072,Tennis,2026-01-09 17:17:56.621587,2026-01-10 19:00:00,Sat,19,25.700938447999125
R-092,Badminton,2026-01-09 18:39:56.651934,2026-01-10 19:00:00,Sat,19,24.334263351537764
R-107,Tennis,2026-01-09 19:04:58.079275,2026-01-10 19:00:00,Sat,19,23.917200201369493
R-076,Tennis,2026-01-09 21:52:29.221060,2026-01-10 19:00:00,Sat,19,21.125216372327017
R-069,Tennis,2026-01-09 19:50:50.270234,2026-01-10 19:00:00,Sat,19,23.152702712655252
R-056,Tennis,2026-01-09 20:26:44.263467,2026-01-10 19:00:00,Sat,19,22.554371259305515
R-075,Badminton,2026-01-09 22:53:35.664800,2026-01-10 19:00:00,Sat,19,20.106759777768772
R-024,Tennis,2026-01-09 20:17:57.906913,2026-01-10 19:00:00,Sat,19,22.700581413044997
R-065,Tennis,2026-01-09 21:53:57.339574,2026-01-10 19:00:00,Sat,19,21.10073900722562
R-059,Tennis,2026-01-09 19:01:49.254671,2026-01-10 19:00:00,Sat,19,23.96965148026611
R-100,Tennis,2026-01-09 18:24:10.132517,2026-01-10 19:00:00,Sat,19,24.597185411950722
R-085,Badminton,2026-01-09 12:35:41.332493,2026-01-10 19:00:00,Sat,19,30.405185418586896
R-097,Tennis,2026-01-09 14:36:22.314218,2026-01-10 19:00:00,Sat,19,28.39380160606965
R-074,Badminton,2026-01-09 18:59:38.516457,2026-01-10 19:00:00,Sat,19,24.005967650768874
R-089,Badminton,2026-01-09 16:50:47.082354,2026-01-10 19:00:00,Sat,19,26.153588234868206
R-018,Badminton,2026-01-09 19:45:46.460060,2026-01-10 20:00:00,Sat,20,24.23709442788287
R-109,Clubhouse,2026-01-11 01:15:29.398253,2026-01-11 13:00:00,Sun,13,11.741833818733284
R-030,Pool,2026-01-11 09:00:56.263331,2026-01-11 15:00:00,Sun,15,5.984371296946132
R-105,Pool,2026-01-11 09:22:44.217137,2026-01-11 15:00:00,Sun,15,5.621050795413275
R-112,Clubhouse,2026-01-11 08:53:59.391893,2026-01-11 15:00:00,Sun,15,6.100168918572318
R-068,Pool,2026-01-11 08:11:11.324048,2026-01-11 15:00:00,Sun,15,6.813521097910015
R-039,Pool,2026-01-11 10:54:34.685322,2026-01-11 15:00:00,Sun,15,4.090365188299564
R-077,Pool,2026-01-11 09:02:05.775502,2026-01-11 15:00:00,Sun,15,5.965062360588738
R-045,Pool,2026-01-11 07:43:16.488439,2026-01-11 15:00:00,Sun,15,7.278753211352389
R-004,Pool,2026-01-11 09:46:03.986004,2026-01-11 15:00:00,Sun,15,5.232226110109734
R-099,Clubhouse,2026-01-11 01:41:21.675469,2026-01-11 15:00:00,Sun,15,13.310645703014405
R-062,Pool,2026-01-11 09:54:51.637358,2026-01-11 15:00:00,Sun,15,5.0856562894165735
R-119,Pool,2026-01-11 09:09:24.059469,2026-01-11 15:00:00,Sun,15,5.843316814087934
R-051,Pool,2026-01-11 09:09:31.107488,2026-01-11 15:00:00,Sun,15,5.8413590311873
R-093,Pool,2026-01-11 09:26:45.698176,2026-01-11 15:00:00,Sun,15,5.553972728981194
R-016,Pool,2026-01-11 09:18:11.470165,2026-01-11 15:00:00,Sun,15,5.696813842967055
R-050,Pool,2026-01-11 08:11:40.061075,2026-01-11 15:00:00,Sun,15,6.805538590234336
R-009,Pool,2026-01-11 08:20:42.742066,2026-01-11 15:00:00,Sun,15,6.654793870605389
R-044,Pool,2026-01-11 10:16:47.191818,2026-01-11 15:00:00,Sun,15,4.720224494878673
R-102,Pool,2026-01-11 08:26:13.654891,2026-01-11 15:00:00,Sun,15,6.562873641277534
R-060,Pool,2026-01-11 09:32:51.662540,2026-01-11 15:00:00,Sun,15,5.452315960998799
R-079,Pool,2026-01-11 10:37:18.278834,2026-01-11 15:00:00,Sun,15,4.378255879483197
R-013,Clubhouse,2026-01-11 08:42:00.703362,2026-01-11 15:00:00,Sun,15,6.29980462174707
R-064,Pool,2026-01-11 11:19:16.352183,2026-01-11 15:00:00,Sun,15,3.6787910603964202
R-014,Pool,2026-01-11 10:10:30.240516,2026-01-11 15:00:00,Sun,15,4.82493318987208
R-110,Pool,2026-01-11 08:47:33.573610,2026-01-11 15:00:00,Sun,15,6.207340663757224
R-086,Pool,2026-01-11 10:04:43.310991,2026-01-11 15:00:00,Sun,15,4.921302502583381
R-011,Pool,2026-01-11 09:58:10.195422,2026-01-11 15:00:00,Sun,15,5.030501271758536
R-082,Pool,2026-01-11 09:00:33.945640,2026-01-11 15:00:00,Sun,15,5.99057065554173
R-026,Pool,2026-01-11 09:57:26.775800,2026-01-11 15:00:00,Sun,15,5.042562277898607
R-067,Pool,2026-01-11 08:33:27.035137,2026-01-11 15:00:00,Sun,15,6.442490239755686
R-007,Pool,2026-01-11 11:28:52.118109,2026-01-11 15:00:00,Sun,15,3.5188560808665272
R-103,Pool,2026-01-11 09:12:58.211492,2026-01-11 16:00:00,Sun,16,6.7838301411076385
R-041,Clubhouse,2026-01-11 10:33:25.755714,2026-01-11 16:00:00,Sun,16,5.442845634929341
R-033,Pool,2026-01-11 08:44:16.022177,2026-01-11 16:00:00,Sun,16,7.262216061929262
R-022,Pool,2026-01-11 08:11:06.600787,2026-01-11 16:00:00,Sun,16,7.814833114802721
R-008,Clubhouse,2026-01-11 09:20:42.316773,2026-01-11 16:00:00,Sun,16,6.654912007606753
R-031,Badminton,2026-01-11 04:39:43.006240,2026-01-11 17:00:00,Sun,17,12.338053822321237
R-010,Pool,2026-01-11 11:15:48.661581,2026-01-11 18:00:00,Sun,18,6.736482894271968
R-094,Gym,2026-01-12 03:36:27.540272,2026-01-12 07:00:00,Mon,7,3.3923499243477044
R-058,Gym,2026-01-12 03:40:43.541784,2026-01-12 07:00:00,Mon,7,3.3212383932002396
R-015,Gym,2026-01-12 03:34:04.703454,2026-01-12 07:00:00,Mon,7,3.4320268182213196
R-025,Gym,2026-01-12 04:24:07.311676,2026-01-12 07:00:00,Mon,7,2.5979689788434808
R-005,Gym,2026-01-12 03:41:44.269205,2026-01-12 07:00:00,Mon,7,3.304369665345194
R-091,Gym,2026-01-12 03:59:52.826093,2026-01-12 07:00:00,Mon,7,3.001992751943938
R-055,Gym,2026-01-12 02:47:05.668116,2026-01-12 07:00:00,Mon,7,4.215092190060481
R-066,Gym,2026-01-12 04:07:32.765403,2026-01-12 07:00:00,Mon,7,2.8742318323811
R-061,Gym,2026-01-12 03:54:46.088216,2026-01-12 07:00:00,Mon,7,3.0871977176987846
R-020,Gym,2026-01-12 04:06:02.036468,2026-01-12 07:00:00,Mon,7,2.899434314346389
R-017,Gym,2026-01-12 04:22:00.847544,2026-01-12 07:00:00,Mon,7,2.6330979045131997
R-070,Gym,2026-01-12 04:18:23.272256,2026-01-12 07:00:00,Mon,7,2.6935354844380006
R-053,Gym,2026-01-12 05:36:33.795854,2026-01-12 07:00:00,Mon,7,1.3906122628722701
R-090,Gym,2026-01-12 03:25:13.328054,2026-01-12 07:00:00,Mon,7,3.579631096225863
R-087,Gym,2026-01-12 04:00:37.185288,2026-01-12 07:00:00,Mon,7,2.989670753310714
R-084,Gym,2026-01-12 03:52:31.945886,2026-01-12 07:00:00,Mon,7,3.1244594761749833
R-111,Gym,2026-01-12 03:00:00.407208,2026-01-12 07:00:00,Mon,7,3.9998868866003487
R-042,Pool,2026-01-12 04:15:28.861325,2026-01-12 07:00:00,Mon,7,2.7419829653680634
R-101,Gym,2026-01-12 04:19:35.577845,2026-01-12 07:00:00,Mon,7,2.67345059873853
R-035,Gym,2026-01-12 03:28:15.729797,2026-01-12 07:00:00,Mon,7,3.5289639453555726
R-117,Gym,2026-01-12 04:15:51.949162,2026-01-12 07:00:00,Mon,7,2.7355696772320472
R-108,Gym,2026-01-12 04:25:37.830577,2026-01-12 07:00:00,Mon,7,2.5728248396178017
R-049,Gym,2026-01-12 04:20:43.591767,2026-01-12 07:00:00,Mon,7,2.6545578425511986
R-114,Clubhouse,2026-01-11 17:15:42.999532,2026-01-12 08:00:00,Mon,8,14.738055685467849
R-021,Gym,2026-01-11 19:30:34.799034,2026-01-12 10:00:00,Mon,10,14.490333601612672
R-063,Gym,2026-01-11 22:18:48.385492,2026-01-12 10:00:00,Mon,10,11.686559585611723
R-088,Gym,2026-01-12 14:54:54.761799,2026-01-12 18:00:00,Mon,18,3.084788389216492
R-073,Gym,2026-01-12 14:28:48.571480,2026-01-12 18:00:00,Mon,18,3.5198412554556477
R-003,Gym,2026-01-12 15:29:39.204681,2026-01-12 18:00:00,Mon,18,2.5057764774342064
R-081,Gym,2026-01-12 15:10:09.103060,2026-01-12 18:00:00,Mon,18,2.830804705496859
R-078,Pool,2026-01-12 15:08:43.771552,2026-01-12 18:00:00,Mon,18,2.8545079023187787
R-046,Tennis,2026-01-12 02:36:56.670953,2026-01-12 18:00:00,Mon,18,15.384258068720428
R-012,Gym,2026-01-12 15:36:28.514122,2026-01-12 18:00:00,Mon,18,2.3920794104814265
R-054,Clubhouse,2026-01-12 05:44:45.003988,2026-01-12 19:00:00,Mon,19,13.254165558970213
R-023,Tennis,2026-01-12 21:12:30.628721,2026-01-13 19:00:00,Tue,19,21.791492022082966
R-097,Tennis,2026-01-12 18:55:50.343415,2026-01-13 19:00:00,Tue,19,24.069349051261657
R-040,Tennis,2026-01-12 19:33:57.768734,2026-01-13 19:00:00,Tue,19,23.4339531293914
R-038,Badminton,2026-01-12 20:18:53.717449,2026-01-13 19:00:00,Tue,19,22.685078486520762
R-095,Tennis,2026-01-12 20:07:16.952879,2026-01-13 19:00:00,Tue,19,22.878624200249828
R-018,Tennis,2026-01-13 01:46:19.788151,2026-01-13 19:00:00,Tue,19,17.22783662462016
R-076,Badminton,2026-01-12 15:37:33.823910,2026-01-13 19:00:00,Tue,19,27.373937802686587
R-069,Tennis,2026-01-12 18:11:59.475682,2026-01-13 19:00:00,Tue,19,24.80014564390321
R-092,Badminton,2026-01-12 21:55:36.465756,2026-01-13 19:00:00,Tue,19,21.073203956665147
R-116,Badminton,2026-01-12 16:47:45.151094,2026-01-13 19:00:00,Tue,19,26.204124695973736
R-083,Tennis,2026-01-12 14:59:27.656541,2026-01-13 19:00:00,Tue,19,28.008984294155354
R-059,Badminton,2026-01-12 18:50:23.998851,2026-01-13 19:00:00,Tue,19,24.16000031928052
R-057,Badminton,2026-01-12 17:03:40.084087,2026-01-13 19:00:00,Tue,19,25.938865531486613
R-072,Badminton,2026-01-12 16:49:49.854011,2026-01-13 19:00:00,Tue,19,26.169484996937413
R-006,Tennis,2026-01-12 18:08:55.568916,2026-01-13 19:00:00,Tue,19,24.851230856613718
R-089,Tennis,2026-01-12 19:22:07.192471,2026-01-13 19:00:00,Tue,19,23.631335424841915
R-074,Tennis,2026-01-12 19:27:31.639684,2026-01-13 19:00:00,Tue,19,23.5412111987583
R-065,Tennis,2026-01-12 17:10:52.306372,2026-01-13 20:00:00,Tue,20,26.81880378559485
R-002,Tennis,2026-01-12 19:49:22.293388,2026-01-13 20:00:00,Tue,20,24.1771407254681
R-107,Tennis,2026-01-12 22:32:21.364332,2026-01-13 20:00:00,Tue,20,21.46073213009637
R-075,Tennis,2026-01-12 19:55:29.336986,2026-01-13 20:00:00,Tue,20,24.075184170683862
R-085,Badminton,2026-01-12 18:49:51.155028,2026-01-13 20:00:00,Tue,20,25.169123603471363
R-061,Gym,2026-01-14 03:52:25.018441,2026-01-14 07:00:00,Wed,7,3.1263837665210374
R-042,Gym,2026-01-14 04:02:15.844972,2026-01-14 07:00:00,Wed,7,2.9622652856065628
R-012,Gym,2026-01-14 04:35:56.754062,2026-01-14 07:00:00,Wed,7,2.4009016495274325
R-091,Gym,2026-01-14 04:18:38.704139,2026-01-14 07:00:00,Wed,7,2.68924885019549
R-015,Gym,2026-01-14 03:53:35.230315,2026-01-14 07:00:00,Wed,7,3.1068804681229
R-108,Gym,2026-01-14 04:49:44.707053,2026-01-14 07:00:00,Wed,7,2.170914707427931
R-087,Gym,2026-01-14 04:29:51.092170,2026-01-14 07:00:00,Wed,7,2.5024743972280317
R-058,Gym,2026-01-14 03:54:49.280804,2026-01-14 07:00:00,Wed,7,3.08631088775495
R-025,Gym,2026-01-14 04:11:11.308700,2026-01-14 07:00:00,Wed,7,2.8135253612053663
R-111,Gym,2026-01-14 03:56:13.991832,2026-01-14 07:00:00,Wed,7,3.0627800467482076
R-084,Gym,2026-01-14 04:08:20.063359,2026-01-14 07:00:00,Wed,7,2.8610935114475557
R-005,Gym,2026-01-14 03:28:22.784560,2026-01-14 07:00:00,Wed,7,3.527004288907857
R-094,Gym,2026-01-14 03:54:02.856105,2026-01-14 07:00:00,Wed,7,3.099206637394793
R-066,Gym,2026-01-14 03:10:54.011497,2026-01-14 07:00:00,Wed,7,3.8183301398403264
R-090,Gym,2026-01-14 04:29:48.514224,2026-01-14 07:00:00,Wed,7,2.5031904932085793
R-101,Gym,2026-01-14 04:16:26.932262,2026-01-14 07:00:00,Wed,7,2.725852149519262
R-053,Gym,2026-01-14 03:34:51.314115,2026-01-14 07:00:00,Wed,7,3.419079412634609
R-020,Gym,2026-01-14 04:19:11.678319,2026-01-14 07:00:00,Wed,7,2.6800893558594994
R-035,Gym,2026-01-14 03:53:42.237673,2026-01-14 07:00:00,Wed,7,3.1049339796613156
R-117,Gym,2026-01-14 04:22:52.604797,2026-01-14 07:00:00,Wed,7,2.6187208897847225
R-088,Gym,2026-01-14 03:43:03.204718,2026-01-14 07:00:00,Wed,7,3.2824431339571762
R-078,Gym,2026-01-14 04:32:36.759092,2026-01-14 07:00:00,Wed,7,2.4564558079128727
R-055,Gym,2026-01-14 03:04:08.729148,2026-01-14 07:00:00,Wed,7,3.9309085700232393
R-017,Pool,2026-01-14 03:42:12.448320,2026-01-14 07:00:00,Wed,7,3.2965421333215885
R-070,Gym,2026-01-14 04:52:45.265327,2026-01-14 07:00:00,Wed,7,2.1207596313510324
R-081,Gym,2026-01-14 03:06:55.644414,2026-01-14 07:00:00,Wed,7,3.884543218307186
R-049,Gym,2026-01-14 04:18:22.053254,2026-01-14 07:00:00,Wed,7,2.693874096074008
R-019,Pool,2026-01-14 01:00:28.644713,2026-01-14 11:00:00,Wed,11,9.992043135220083
R-106,Tennis,2026-01-14 05:38:41.170298,2026-01-14 16:00:00,Wed,16,10.355230472666426
R-054,Pool,2026-01-14 12:47:28.506950,2026-01-14 18:00:00,Wed,18,5.208748069310436
R-073,Gym,2026-01-14 14:15:36.683987,2026-01-14 18:00:00,Wed,18,3.739810003731498
R-003,Gym,2026-01-14 13:59:56.010935,2026-01-14 18:00:00,Wed,18,4.00110807355534
R-021,Gym,2026-01-14 23:21:52.030818,2026-01-15 14:00:00,Thu,14,14.635546995045111
R-097,Badminton,2026-01-14 21:20:50.979833,2026-01-15 19:00:00,Thu,19,21.65250560206082
R-069,Tennis,2026-01-14 18:14:43.584222,2026-01-15 19:00:00,Thu,19,24.754559938299455
R-089,Tennis,2026-01-14 18:36:42.956490,2026-01-15 19:00:00,Thu,19,24.38806764154368
R-006,Tennis,2026-01-14 20:12:20.606183,2026-01-15 19:00:00,Thu,19,22.79427606016917
R-018,Badminton,2026-01-14 18:24:14.541305,2026-01-15 19:00:00,Thu,19,24.595960748659486
R-024,Badminton,2026-01-14 17:37:55.630245,2026-01-15 19:00:00,Thu,19,25.367880487574645
R-002,Badminton,2026-01-14 18:21:01.732433,2026-01-15 19:00:00,Thu,19,24.649518768717144
R-023,Tennis,2026-01-14 19:01:03.750329,2026-01-15 19:00:00,Thu,19,23.982291575203813
R-085,Tennis,2026-01-14 15:04:16.938715,2026-01-15 19:00:00,Thu,19,27.92862813480921
R-072,Badminton,2026-01-14 18:42:07.297809,2026-01-15 19:00:00,Thu,19,24.297972830806213
R-040,Tennis,2026-01-14 17:13:47.047095,2026-01-15 19:00:00,Thu,19,25.77026469592653
R-059,Badminton,2026-01-14 17:03:52.376725,2026-01-15 19:00:00,Thu,19,25.935450909781004
R-116,Badminton,2026-01-14 17:52:33.094016,2026-01-15 19:00:00,Thu,19,25.12414055108466
R-107,Tennis,2026-01-14 21:49:18.708021,2026-01-15 19:00:00,Thu,19,21.17813666094223
R-092,Tennis,2026-01-14 20:46:46.748565,2026-01-15 19:00:00,Thu,19,22.220347620736717
R-038,Tennis,2026-01-14 17:04:07.298087,2026-01-15 19:00:00,Thu,19,25.93130608686408
R-076,Badminton,2026-01-14 17:05:01.142719,2026-01-15 19:00:00,Thu,19,25.91634924484241
R-074,Badminton,2026-01-14 16:10:51.768302,2026-01-15 19:00:00,Thu,19,26.81895324930982
R-083,Tennis,2026-01-14 20:27:32.099487,2026-01-15 19:00:00,Thu,19,22.54108347589532
R-095,Badminton,2026-01-14 19:23:55.373890,2026-01-15 19:00:00,Thu,19,23.601285030561883
R-065,Tennis,2026-01-14 19:18:25.350425,2026-01-15 20:00:00,Thu,20,24.692958215317116
R-075,Badminton,2026-01-14 20:30:15.510120,2026-01-15 20:00:00,Thu,20,23.495691633328608
R-061,Gym,2026-01-16 04:13:22.910497,2026-01-16 07:00:00,Fri,7,2.7769693062576706
R-081,Gym,2026-01-16 04:32:23.592436,2026-01-16 07:00:00,Fri,7,2.46011321230461
R-094,Pool,2026-01-16 04:18:23.687781,2026-01-16 07:00:00,Fri,7,2.693420060729215
R-058,Gym,2026-01-16 04:24:19.489079,2026-01-16 07:00:00,Fri,7,2.5945863668819014
R-070,Gym,2026-01-16 04:09:47.656243,2026-01-16 07:00:00,Fri,7,2.836762154786607
R-003,Gym,2026-01-16 04:45:35.202073,2026-01-16 07:00:00,Fri,7,2.240221646373402
R-042,Gym,2026-01-16 03:15:36.383871,2026-01-16 07:00:00,Fri,7,3.739893369080172
R-053,Pool,2026-01-16 03:49:15.408855,2026-01-16 07:00:00,Fri,7,3.1790530958057155
R-073,Gym,2026-01-16 04:29:57.156242,2026-01-16 07:00:00,Fri,7,2.500789932691898
R-091,Gym,2026-01-16 04:03:45.214649,2026-01-16 07:00:00,Fri,7,2.937440375274301
R-012,Gym,2026-01-16 04:54:11.434476,2026-01-16 07:00:00,Fri,7,2.0968237565488685
R-005,Gym,2026-01-16 03:50:47.412438,2026-01-16 07:00:00,Fri,7,3.153496544991255
R-025,Gym,2026-01-16 04:14:57.733111,2026-01-16 07:00:00,Fri,7,2.750629691402541
R-111,Gym,2026-01-16 04:06:08.660740,2026-01-16 07:00:00,Fri,7,2.8975942389406613
R-084,Gym,2026-01-16 04:53:29.453784,2026-01-16 07:00:00,Fri,7,2.1084850599967186
R-087,Gym,2026-01-16 04:33:36.193879,2026-01-16 07:00:00,Fri,7,2.4399461448495288
R-090,Gym,2026-01-16 03:54:32.801720,2026-01-16 07:00:00,Fri,7,3.0908884112261683
R-066,Gym,2026-01-16 02:57:30.714930,2026-01-16 07:00:00,Fri,7,4.041468075022133
R-101,Pool,2026-01-16 04:06:27.843397,2026-01-16 07:00:00,Fri,7,2.8922657231384656
R-020,Gym,2026-01-16 03:06:05.313265,2026-01-16 07:00:00,Fri,7,3.898524093056913
R-117,Gym,2026-01-16 04:36:36.207964,2026-01-16 07:00:00,Fri,7,2.389942232253502
R-046,Gym,2026-01-16 01:45:23.466533,2026-01-16 08:00:00,Fri,8,6.243481518497343
R-052,Badminton,2026-01-15 20:07:04.672722,2026-01-16 10:00:00,Fri,10,13.882035355027437
R-114,Badminton,2026-01-16 03:50:13.875127,2026-01-16 14:00:00,Fri,14,10.162812464812104
R-078,Gym,2026-01-16 14:44:11.983467,2026-01-16 18:00:00,Fri,18,3.2633379259158968
R-108,Gym,2026-01-16 14:00:41.784881,2026-01-16 18:00:00,Fri,18,3.98839308867759
R-055,Gym,2026-01-16 15:21:17.175607,2026-01-16 18:00:00,Fri,18,2.6452289979412247
R-088,Gym,2026-01-16 14:07:17.359742,2026-01-16 18:00:00,Fri,18,3.8785111828997523
R-021,Tennis,2026-01-16 22:34:03.627830,2026-01-17 11:00:00,Sat,11,12.432325602872602
R-063,Clubhouse,2026-01-16 19:01:06.732879,2026-01-17 11:00:00,Sat,11,15.98146308925637
R-104,Clubhouse,2026-01-17 02:08:06.645009,2026-01-17 14:00:00,Sat,14,11.864820830932425
R-037,Gym,2026-01-17 00:42:02.825485,2026-01-17 14:00:00,Sat,14,13.299215142952988
R-011,Pool,2026-01-17 11:13:05.628533,2026-01-17 15:00:00,Sat,15,3.7817698520827197
R-051,Clubhouse,2026-01-17 07:39:36.169799,2026-01-17 15:00:00,Sat,15,7.339952833571406
R-064,Pool,2026-01-17 08:23:33.119830,2026-01-17 15:00:00,Sat,15,6.607466713946976
R-050,Pool,2026-01-17 09:40:29.481730,2026-01-17 15:00:00,Sat,15,5.325143963777947
R-026,Pool,2026-01-17 08:36:41.144309,2026-01-17 15:00:00,Sat,15,6.388571025268379
R-022,Pool,2026-01-17 08:18:36.374204,2026-01-17 15:00:00,Sat,15,6.689896054547356
R-047,Pool,2026-01-17 09:08:17.247632,2026-01-17 15:00:00,Sat,15,5.861875657675696
R-096,Pool,2026-01-17 08:59:49.853954,2026-01-17 15:00:00,Sat,15,6.002818346005427
R-082,Pool,2026-01-17 08:59:42.316071,2026-01-17 15:00:00,Sat,15,6.004912202377285
R-004,Pool,2026-01-17 08:43:47.114993,2026-01-17 15:00:00,Sat,15,6.2702458353654285
R-068,Pool,2026-01-17 08:27:35.180961,2026-01-17 15:00:00,Sat,15,6.5402275108432475
R-093,Clubhouse,2026-01-17 09:31:25.043901,2026-01-17 15:00:00,Sat,15,5.476376694240496
R-119,Clubhouse,2026-01-17 08:55:22.745697,2026-01-17 15:00:00,Sat,15,6.077015084234152
R-044,Pool,2026-01-17 08:13:47.815423,2026-01-17 15:00:00,Sat,15,6.770051271264703
R-112,Pool,2026-01-17 10:01:10.253012,2026-01-17 15:00:00,Sat,15,4.980485274488382
R-014,Pool,2026-01-17 09:09:26.342115,2026-01-17 15:00:00,Sat,15,5.842682745834785
R-079,Pool,2026-01-17 07:59:09.885785,2026-01-17 15:00:00,Sat,15,7.01392061515549
R-013,Pool,2026-01-17 08:04:22.952838,2026-01-17 15:00:00,Sat,15,6.926957544920407
R-043,Pool,2026-01-17 10:28:09.537445,2026-01-17 15:00:00,Sat,15,4.530684043046891
R-045,Pool,2026-01-17 09:54:30.058143,2026-01-17 15:00:00,Sat,15,5.0916505158990795
R-077,Pool,2026-01-17 08:47:26.565347,2026-01-17 15:00:00,Sat,15,6.209287403544331
R-041,Pool,2026-01-17 10:43:27.234397,2026-01-17 15:00:00,Sat,15,4.275768222977884
R-086,Pool,2026-01-17 09:21:25.154934,2026-01-17 15:00:00,Sat,15,5.64301251838042
R-007,Pool,2026-01-17 07:40:48.026300,2026-01-17 15:00:00,Sat,15,7.31999269454232
R-098,Pool,2026-01-17 08:20:56.180599,2026-01-17 15:00:00,Sat,15,6.651060944646367
R-030,Pool,2026-01-17 10:37:20.155734,2026-01-17 15:00:00,Sat,15,4.377734518285905
R-032,Pool,2026-01-17 07:42:44.696251,2026-01-17 15:00:00,Sat,15,7.287584374802135
R-008,Pool,2026-01-17 08:35:28.809457,2026-01-17 15:00:00,Sat,15,6.408664039634041
R-062,Pool,2026-01-17 09:36:11.106725,2026-01-17 15:00:00,Sat,15,5.396914798731271
R-009,Pool,2026-01-17 06:52:20.096720,2026-01-17 15:00:00,Sat,15,8.127750911231415
R-060,Clubhouse,2026-01-17 08:04:06.632382,2026-01-17 15:00:00,Sat,15,6.931491004938977
R-016,Pool,2026-01-17 08:02:35.615925,2026-01-17 15:00:00,Sat,15,6.956773354134762
R-110,Pool,2026-01-17 08:05:38.574406,2026-01-17 15:00:00,Sat,15,6.905951553756203
R-102,Pool,2026-01-17 10:58:02.454708,2026-01-17 16:00:00,Sat,16,5.0326514700027
R-114,Gym,2026-01-17 01:43:25.211974,2026-01-17 16:00:00,Sat,16,14.276330007130195
R-028,Pool,2026-01-17 10:37:17.464150,2026-01-17 16:00:00,Sat,16,5.3784821805533145
R-067,Pool,2026-01-17 09:23:41.022408,2026-01-17 16:00:00,Sat,16,6.605271553465714
R-039,Pool,2026-01-17 09:32:53.644218,2026-01-17 16:00:00,Sat,16,6.451765495039473
R-054,Pool,2026-01-17 05:28:09.722728,2026-01-17 18:00:00,Sat,18,12.53063257562234
R-113,Clubhouse,2026-01-17 04:58:50.749747,2026-01-17 18:00:00,Sat,18,13.019236181380066
R-065,Tennis,2026-01-16 19:43:16.281553,2026-01-17 19:00:00,Sat,19,23.27881067982699
R-018,Tennis,2026-01-16 22:12:18.147104,2026-01-17 19:00:00,Sat,19,20.79495913782712
R-089,Tennis,2026-01-16 14:30:27.241319,2026-01-17 19:00:00,Sat,19,28.492432966893197
R-075,Badminton,2026-01-16 19:01:16.158278,2026-01-17 19:00:00,Sat,19,23.97884492273437
R-069,Badminton,2026-01-16 18:50:51.344380,2026-01-17 19:00:00,Sat,19,24.152404338852854
R-097,Tennis,2026-01-16 19:04:47.193563,2026-01-17 19:00:00,Sat,19,23.920224010298252
R-040,Tennis,2026-01-16 20:27:20.681067,2026-01-17 19:00:00,Sat,19,22.54425525913701
R-006,Tennis,2026-01-16 19:47:58.001918,2026-01-17 19:00:00,Sat,19,23.20055502271713
R-076,Badminton,2026-01-16 19:34:38.454575,2026-01-17 19:00:00,Sat,19,23.422651506986046
R-024,Badminton,2026-01-16 19:28:53.443281,2026-01-17 19:00:00,Sat,19,23.518487977538733
R-023,Badminton,2026-01-16 18:40:33.670836,2026-01-17 19:00:00,Sat,19,24.323980323203074
R-072,Tennis,2026-01-16 18:08:39.413362,2026-01-17 19:00:00,Sat,19,24.85571851057397
R-100,Tennis,2026-01-16 17:29:12.887830,2026-01-17 19:00:00,Sat,19,25.51308671378078
R-107,Tennis,2026-01-16 17:41:08.295428,2026-01-17 19:00:00,Sat,19,25.314362381031938
R-095,Badminton,2026-01-16 16:58:41.254601,2026-01-17 19:00:00,Sat,19,26.021873721822836
R-083,Tennis,2026-01-16 23:28:55.632206,2026-01-17 19:00:00,Sat,19,19.51787994284295
R-056,Tennis,2026-01-16 19:26:39.819957,2026-01-17 19:00:00,Sat,19,23.555605567526744
R-074,Tennis,2026-01-16 23:23:39.375264,2026-01-17 19:00:00,Sat,19,19.605729093443244
R-092,Badminton,2026-01-16 18:14:16.064913,2026-01-17 19:00:00,Sat,19,24.762204190873998
R-038,Badminton,2026-01-16 22:17:14.994532,2026-01-17 19:00:00,Sat,19,20.71250151885554
R-057,Badminton,2026-01-16 20:34:55.285466,2026-01-17 20:00:00,Sat,20,23.417976259444004
R-114,Tennis,2026-01-17 17:15:30.564073,2026-01-18 10:00:00,Sun,10,16.741509979805446
R-029,Gym,2026-01-17 23:26:38.735280,2026-01-18 14:00:00,Sun,14,14.555906866611462
R-079,Pool,2026-01-18 08:58:16.146300,2026-01-18 15:00:00,Sun,15,6.028848249977417
R-086,Pool,2026-01-18 07:47:10.370374,2026-01-18 15:00:00,Sun,15,7.213786007352198
R-043,Pool,2026-01-18 10:13:07.852659,2026-01-18 15:00:00,Sun,15,4.781152039261139
R-014,Pool,2026-01-18 11:51:04.127502,2026-01-18 15:00:00,Sun,15,3.148853471611894
R-105,Pool,2026-01-18 08:15:34.773377,2026-01-18 15:00:00,Sun,15,6.7403407285917085
R-112,Pool,2026-01-18 08:41:26.102417,2026-01-18 15:00:00,Sun,15,6.309415995371459
R-016,Pool,2026-01-18 08:28:02.191203,2026-01-18 15:00:00,Sun,15,6.532724665955637
R-008,Clubhouse,2026-01-18 09:25:40.801011,2026-01-18 15:00:00,Sun,15,5.57199971916468
R-119,Pool,2026-01-18 09:36:55.775714,2026-01-18 15:00:00,Sun,15,5.384506746194032
R-009,Clubhouse,2026-01-18 08:56:48.962932,2026-01-18 15:00:00,Sun,15,6.05306585224442
R-050,Pool,2026-01-18 07:59:27.751440,2026-01-18 15:00:00,Sun,15,7.008957933377719
R-064,Clubhouse,2026-01-18 07:28:50.003877,2026-01-18 15:00:00,Sun,15,7.519443367636242
R-110,Pool,2026-01-18 09:20:34.536132,2026-01-18 15:00:00,Sun,15,5.657073296761371
R-026,Pool,2026-01-18 08:17:22.075031,2026-01-18 15:00:00,Sun,15,6.710534713544174
R-011,Pool,2026-01-18 08:39:26.683556,2026-01-18 15:00:00,Sun,15,6.3425879011350546
R-102,Pool,2026-01-18 10:23:38.771510,2026-01-18 15:00:00,Sun,15,4.605896802680699
R-007,Pool,2026-01-18 10:50:38.873458,2026-01-18 15:00:00,Sun,15,4.155868483786517
R-047,Clubhouse,2026-01-18 07:00:23.310508,2026-01-18 15:00:00,Sun,15,7.993524858999814
R-039,Pool,2026-01-18 10:22:49.569240,2026-01-18 15:00:00,Sun,15,4.619564100047107
R-022,Pool,2026-01-18 08:39:22.443373,2026-01-18 15:00:00,Sun,15,6.343765729613495
R-103,Pool,2026-01-18 07:51:26.807728,2026-01-18 15:00:00,Sun,15,7.142553408923601
R-067,Clubhouse,2026-01-18 09:19:11.899625,2026-01-18 15:00:00,Sun,15,5.6800278820256365
R-004,Pool,2026-01-18 10:20:05.947223,2026-01-18 15:00:00,Sun,15,4.665014660412176
R-030,Pool,2026-01-18 09:20:37.734594,2026-01-18 15:00:00,Sun,15,5.656184835023073
R-044,Pool,2026-01-18 08:17:22.621196,2026-01-18 15:00:00,Sun,15,6.7103830011135015
R-041,Pool,2026-01-18 09:05:08.047150,2026-01-18 15:00:00,Sun,15,5.914431347169726
R-033,Pool,2026-01-18 08:39:30.063031,2026-01-18 15:00:00,Sun,15,6.341649157996758
R-060,Pool,2026-01-18 10:28:50.781696,2026-01-18 16:00:00,Sun,16,5.519227306615221
R-096,Pool,2026-01-18 10:17:51.217673,2026-01-18 16:00:00,Sun,16,5.702439535172761
R-068,Pool,2026-01-18 09:51:17.483931,2026-01-18 16:00:00,Sun,16,6.145143352410605
R-082,Pool,2026-01-18 10:09:40.247020,2026-01-18 16:00:00,Sun,16,5.838820272357869
R-013,Pool,2026-01-18 10:32:47.492205,2026-01-18 16:00:00,Sun,16,5.453474387373659
R-093,Pool,2026-01-18 09:23:10.169818,2026-01-18 16:00:00,Sun,16,6.613841717298394
R-045,Pool,2026-01-18 10:43:15.935020,2026-01-18 16:00:00,Sun,16,5.2789069389787615
R-028,Clubhouse,2026-01-18 10:58:30.475259,2026-01-18 16:00:00,Sun,16,5.024867983684937
R-062,Pool,2026-01-18 09:41:03.572733,2026-01-18 16:00:00,Sun,16,6.31567424080557
R-104,Gym,2026-01-18 09:13:14.951200,2026-01-18 19:00:00,Sun,19,9.779180222177159
R-091,Gym,2026-01-19 04:10:14.858631,2026-01-19 07:00:00,Mon,7,2.8292059357863386
R-049,Gym,2026-01-19 04:11:29.356473,2026-01-19 07:00:00,Mon,7,2.808512090807767
R-012,Gym,2026-01-19 04:11:38.045641,2026-01-19 07:00:00,Mon,7,2.8060984329823278
R-081,Gym,2026-01-19 02:30:04.792777,2026-01-19 07:00:00,Mon,7,4.498668673144122
R-020,Gym,2026-01-19 03:10:02.644312,2026-01-19 07:00:00,Mon,7,3.8325988021862307
R-015,Pool,2026-01-19 03:22:44.325750,2026-01-19 07:00:00,Mon,7,3.6210206249024757
R-042,Gym,2026-01-19 03:44:06.005777,2026-01-19 07:00:00,Mon,7,3.2649983953087593
R-111,Gym,2026-01-19 03:58:29.146669,2026-01-19 07:00:00,Mon,7,3.0252370364976335
R-090,Gym,2026-01-19 03:57:17.608586,2026-01-19 07:00:00,Mon,7,3.0451087259893326
R-087,Pool,2026-01-19 03:47:40.272891,2026-01-19 07:00:00,Mon,7,3.20547975253684
R-053,Gym,2026-01-19 04:00:38.520202,2026-01-19 07:00:00,Mon,7,2.989299943906822
R-108,Gym,2026-01-19 04:24:44.554133,2026-01-19 07:00:00,Mon,7,2.587623852079743
R-058,Gym,2026-01-19 04:11:08.523794,2026-01-19 07:00:00,Mon,7,2.8142989460604477
R-061,Gym,2026-01-19 03:35:08.402432,2026-01-19 07:00:00,Mon,7,3.4143326577252493
R-017,Gym,2026-01-19 03:37:01.903919,2026-01-19 07:00:00,Mon,7,3.382804466839096
R-005,Gym,2026-01-19 03:49:26.566533,2026-01-19 07:00:00,Mon,7,3.175953740903081
R-078,Gym,2026-01-19 03:29:14.107902,2026-01-19 07:00:00,Mon,7,3.5127478048640217
R-073,Gym,2026-01-19 05:08:29.322503,2026-01-19 07:00:00,Mon,7,1.8585215269278128
R-025,Gym,2026-01-19 04:13:42.692638,2026-01-19 07:00:00,Mon,7,2.7714742672002872
R-066,Gym,2026-01-19 05:26:14.549095,2026-01-19 07:00:00,Mon,7,1.5626252513497674
R-035,Gym,2026-01-19 04:36:31.958290,2026-01-19 07:00:00,Mon,7,2.3911226971985173
R-109,Tennis,2026-01-18 19:52:56.560625,2026-01-19 09:00:00,Mon,9,13.117622048558616
R-113,Pool,2026-01-18 21:42:44.513303,2026-01-19 11:00:00,Mon,11,13.287635193721137
R-001,Clubhouse,2026-01-18 23:55:38.048907,2026-01-19 14:00:00,Mon,14,14.072764192530915
R-021,Gym,2026-01-19 05:15:55.232082,2026-01-19 17:00:00,Mon,17,11.734657754989199
R-063,Badminton,2026-01-19 07:24:00.410368,2026-01-19 17:00:00,Mon,17,9.599886008776314
R-003,Pool,2026-01-19 15:04:31.140229,2026-01-19 18:00:00,Mon,18,2.924683269797745
R-117,Pool,2026-01-19 15:39:14.312962,2026-01-19 18:00:00,Mon,18,2.346024177083377
R-088,Gym,2026-01-19 15:27:33.082283,2026-01-19 18:00:00,Mon,18,2.540810476925121
R-070,Gym,2026-01-19 15:07:40.859047,2026-01-19 18:00:00,Mon,18,2.871983598116245
R-094,Gym,2026-01-19 14:21:17.940142,2026-01-19 18:00:00,Mon,18,3.6450166271244964
R-080,Clubhouse,2026-01-19 09:23:22.969388,2026-01-19 19:00:00,Mon,19,9.610286281053206
R-031,Badminton,2026-01-19 23:02:15.951915,2026-01-20 08:00:00,Tue,8,8.962235579270954
R-120,Clubhouse,2026-01-19 21:51:34.943156,2026-01-20 09:00:00,Tue,9,11.140293567778434
R-071,Tennis,2026-01-19 23:28:39.084701,2026-01-20 12:00:00,Tue,12,12.522476471841859
R-036,Badminton,2026-01-20 01:49:32.273561,2026-01-20 14:00:00,Tue,14,12.174368455188965
R-037,Gym,2026-01-20 02:56:07.487349,2026-01-20 15:00:00,Tue,15,12.064586847636058
R-099,Clubhouse,2026-01-20 00:52:14.967459,2026-01-20 16:00:00,Tue,16,15.129175705938525
R-065,Badminton,2026-01-19 17:44:11.053947,2026-01-20 19:00:00,Tue,19,25.263596125880255
R-056,Tennis,2026-01-19 21:06:24.313548,2026-01-20 19:00:00,Tue,19,21.89324623677865
R-074,Badminton,2026-01-19 17:17:30.701180,2026-01-20 19:00:00,Tue,19,25.708138561226605
R-107,Badminton,2026-01-19 16:36:29.414889,2026-01-20 19:00:00,Tue,19,26.391829197569443
R-089,Badminton,2026-01-19 19:07:54.131715,2026-01-20 19:00:00,Tue,19,23.868296745813975
R-018,Tennis,2026-01-19 20:20:01.283938,2026-01-20 19:00:00,Tue,19,22.666310017169195
R-069,Badminton,2026-01-19 16:42:40.944819,2026-01-20 19:00:00,Tue,19,26.288626439222845
R-116,Tennis,2026-01-19 21:22:53.035078,2026-01-20 19:00:00,Tue,19,21.618601367323553
R-100,Tennis,2026-01-19 14:42:13.138740,2026-01-20 19:00:00,Tue,19,28.296350350089597
R-002,Tennis,2026-01-19 16:15:53.984980,2026-01-20 19:00:00,Tue,19,26.73500417223896
R-038,Tennis,2026-01-19 18:16:18.634359,2026-01-20 19:00:00,Tue,19,24.728157122584882
R-075,Badminton,2026-01-19 17:40:30.528843,2026-01-20 19:00:00,Tue,19,25.324853099257318
R-059,Tennis,2026-01-19 19:13:01.285475,2026-01-20 19:00:00,Tue,19,23.782976256938326
R-040,Tennis,2026-01-19 22:57:21.133334,2026-01-20 19:00:00,Tue,19,20.044129629462052
R-076,Tennis,2026-01-19 17:07:09.045656,2026-01-20 19:00:00,Tue,19,25.880820651172954
R-057,Tennis,2026-01-19 21:46:02.905067,2026-01-20 19:00:00,Tue,19,21.232526370373744
R-085,Badminton,2026-01-19 23:34:57.751472,2026-01-20 19:00:00,Tue,19,19.417291257905607
R-095,Badminton,2026-01-19 18:58:02.490378,2026-01-20 19:00:00,Tue,19,24.03264156154408
R-023,Badminton,2026-01-19 18:32:58.360932,2026-01-20 19:00:00,Tue,19,24.450455296784533
R-097,Tennis,2026-01-19 15:14:07.413795,2026-01-20 19:00:00,Tue,19,27.76460727910717
R-006,Tennis,2026-01-19 18:22:08.842306,2026-01-20 19:00:00,Tue,19,24.630877137303287
R-072,Tennis,2026-01-19 18:20:01.527201,2026-01-20 19:00:00,Tue,19,24.666242444032893
R-083,Tennis,2026-01-19 15:18:19.949063,2026-01-20 20:00:00,Tue,20,28.694458593694467
R-092,Badminton,2026-01-19 20:47:30.125218,2026-01-20 20:00:00,Tue,20,23.20829855067916
R-024,Tennis,2026-01-19 20:34:48.180194,2026-01-20 20:00:00,Tue,20,23.419949946034844
R-111,Gym,2026-01-21 02:56:17.742253,2026-01-21 07:00:00,Wed,7,4.061738263041309
R-066,Pool,2026-01-21 04:13:09.268863,2026-01-21 07:00:00,Wed,7,2.7807586491917666
R-005,Gym,2026-01-21 04:36:41.423335,2026-01-21 07:00:00,Wed,7,2.388493518086217
R-090,Gym,2026-01-21 03:12:30.897574,2026-01-21 07:00:00,Wed,7,3.791417340443036
R-078,Gym,2026-01-21 04:02:15.925480,2026-01-21 07:00:00,Wed,7,2.9622429222847564
R-084,Gym,2026-01-21 03:45:40.583147,2026-01-21 07:00:00,Wed,7,3.2387269036723265
R-058,Gym,2026-01-21 04:36:12.764869,2026-01-21 07:00:00,Wed,7,2.396454202923228
R-035,Gym,2026-01-21 05:18:43.997853,2026-01-21 07:00:00,Wed,7,1.6877783742523387
R-101,Gym,2026-01-21 04:01:58.488854,2026-01-21 07:00:00,Wed,7,2.9670864294490906
R-091,Gym,2026-01-21 03:40:56.217866,2026-01-21 07:00:00,Wed,7,3.317717259353448
R-053,Gym,2026-01-21 05:03:56.057256,2026-01-21 07:00:00,Wed,7,1.9344285400934296
R-081,Gym,2026-01-21 04:16:44.984280,2026-01-21 07:00:00,Wed,7,2.7208377001310233
R-012,Gym,2026-01-21 03:45:48.517968,2026-01-21 07:00:00,Wed,7,3.236522786684105
R-049,Gym,2026-01-21 04:22:38.789463,2026-01-21 07:00:00,Wed,7,2.62255848254033
R-061,Gym,2026-01-21 04:29:09.978873,2026-01-21 07:00:00,Wed,7,2.5138947574266535
R-042,Gym,2026-01-21 03:26:33.359209,2026-01-21 07:00:00,Wed,7,3.557400219659793
R-087,Gym,2026-01-21 03:50:33.428013,2026-01-21 07:00:00,Wed,7,3.1573811074841154
R-055,Gym,2026-01-21 04:58:19.088571,2026-01-21 07:00:00,Wed,7,2.0280309524133084
R-117,Gym,2026-01-21 04:01:27.219039,2026-01-21 07:00:00,Wed,7,2.9757724891457866
R-114,Tennis,2026-01-20 23:34:20.280584,2026-01-21 11:00:00,Wed,11,11.427699837648436
R-054,Clubhouse,2026-01-20 23:37:24.424350,2026-01-21 12:00:00,Wed,12,12.37654879178222
R-106,Clubhouse,2026-01-20 19:21:32.843057,2026-01-21 15:00:00,Wed,15,19.640876928475286
R-017,Gym,2026-01-21 14:04:03.590593,2026-01-21 18:00:00,Wed,18,3.932335946276016
R-010,Badminton,2026-01-21 01:32:59.543543,2026-01-21 18:00:00,Wed,18,16.450126793508172
R-015,Gym,2026-01-21 14:47:51.953834,2026-01-21 18:00:00,Wed,18,3.2022350462262787
R-073,Gym,2026-01-21 15:40:05.402181,2026-01-21 18:00:00,Wed,18,2.3318327275583446
R-070,Gym,2026-01-21 14:29:35.507859,2026-01-21 18:00:00,Wed,18,3.506803372573173
R-099,Pool,2026-01-21 20:26:28.795388,2026-01-22 09:00:00,Thu,9,12.558667947823881
R-048,Badminton,2026-01-21 22:46:42.765097,2026-01-22 09:00:00,Thu,9,10.221454139588943
R-036,Pool,2026-01-21 21:38:59.189300,2026-01-22 10:00:00,Thu,10,12.350225194520634
R-029,Pool,2026-01-22 03:44:19.109362,2026-01-22 15:00:00,Thu,15,11.261358510505652
R-116,Tennis,2026-01-21 19:34:03.209323,2026-01-22 19:00:00,Thu,19,23.432441854797496
R-097,Badminton,2026-01-21 17:24:11.969609,2026-01-22 19:00:00,Thu,19,25.596675108688583
R-038,Badminton,2026-01-21 21:07:13.154042,2026-01-22 19:00:00,Thu,19,21.879679432746105
R-085,Badminton,2026-01-21 21:11:05.235623,2026-01-22 19:00:00,Thu,19,21.815212327050002
R-027,Pool,2026-01-22 06:50:47.988319,2026-01-22 19:00:00,Thu,19,12.153336578003277
R-076,Tennis,2026-01-21 16:14:06.345131,2026-01-22 19:00:00,Thu,19,26.76490413018293
R-059,Badminton,2026-01-21 17:13:09.882248,2026-01-22 19:00:00,Thu,19,25.780588264515373
R-092,Tennis,2026-01-21 18:38:28.580663,2026-01-22 19:00:00,Thu,19,24.358727593673304
R-023,Tennis,2026-01-21 19:09:54.584792,2026-01-22 19:00:00,Thu,19,23.83483755766252
R-069,Badminton,2026-01-21 18:09:23.002153,2026-01-22 19:00:00,Thu,19,24.84361051316302
R-075,Tennis,2026-01-21 20:35:34.939615,2026-01-22 19:00:00,Thu,19,22.40696121810139
R-002,Tennis,2026-01-21 19:08:46.093242,2026-01-22 19:00:00,Thu,19,23.853862988200234
R-056,Tennis,2026-01-21 18:36:40.165508,2026-01-22 19:00:00,Thu,19,24.38884291438763
R-107,Badminton,2026-01-21 19:27:24.076608,2026-01-22 19:00:00,Thu,19,23.543312053257274
R-100,Badminton,2026-01-21 20:41:29.430359,2026-01-22 19:00:00,Thu,19,22.308491567051284
R-065,Tennis,2026-01-21 19:45:34.743643,2026-01-22 19:00:00,Thu,19,23.24034898803032
R-074,Badminton,2026-01-21 19:54:25.753041,2026-01-22 19:00:00,Thu,19,23.0928463775742
R-089,Badminton,2026-01-21 20:21:32.264336,2026-01-22 19:00:00,Thu,19,22.641037684439656
R-083,Badminton,2026-01-21 19:42:21.517152,2026-01-22 19:00:00,Thu,19,23.29402301342269
R-057,Badminton,2026-01-21 17:39:10.320258,2026-01-22 19:00:00,Thu,19,25.347133261689756
R-095,Badminton,2026-01-21 21:12:20.305283,2026-01-22 19:00:00,Thu,19,21.794359643557584
R-018,Tennis,2026-01-21 18:26:34.661966,2026-01-22 20:00:00,Thu,20,25.557038342748296
R-015,Gym,2026-01-23 04:39:12.908842,2026-01-23 07:00:00,Fri,7,2.346414210692447
R-091,Gym,2026-01-23 04:09:00.712819,2026-01-23 07:00:00,Fri,7,2.849801994665583
R-088,Gym,2026-01-23 03:59:38.154917,2026-01-23 07:00:00,Fri,7,3.006068078525014
R-108,Pool,2026-01-23 03:37:21.684185,2026-01-23 07:00:00,Fri,7,3.3773099487351446
R-084,Gym,2026-01-23 03:19:47.959906,2026-01-23 07:00:00,Fri,7,3.6700111371209325
R-035,Gym,2026-01-23 04:15:00.275202,2026-01-23 07:00:00,Fri,7,2.7499235550607892
R-012,Gym,2026-01-23 04:06:48.085586,2026-01-23 07:00:00,Fri,7,2.8866428926609347
R-087,Gym,2026-01-23 03:25:42.011806,2026-01-23 07:00:00,Fri,7,3.571663387208897
R-073,Gym,2026-01-23 04:13:42.837688,2026-01-23 07:00:00,Fri,7,2.771433975654151
R-003,Gym,2026-01-23 04:12:23.102510,2026-01-23 07:00:00,Fri,7,2.793582636063128
R-061,Gym,2026-01-23 04:29:52.405418,2026-01-23 07:00:00,Fri,7,2.502109606047025
R-049,Gym,2026-01-23 04:54:42.111415,2026-01-23 07:00:00,Fri,7,2.0883023847751088
R-117,Gym,2026-01-23 04:38:07.397989,2026-01-23 07:00:00,Fri,7,2.364611669811934
R-017,Gym,2026-01-23 03:59:34.141036,2026-01-23 07:00:00,Fri,7,3.0071830455898954
R-094,Gym,2026-01-23 04:05:41.463807,2026-01-23 07:00:00,Fri,7,2.905148942422692
R-055,Gym,2026-01-23 03:50:53.301873,2026-01-23 07:00:00,Fri,7,3.151860590707136
R-020,Gym,2026-01-23 03:21:54.114237,2026-01-23 07:00:00,Fri,7,3.634968267603237
R-101,Gym,2026-01-23 04:28:58.705752,2026-01-23 07:00:00,Fri,7,2.5170261799314964
R-078,Gym,2026-01-23 03:46:45.294266,2026-01-23 07:00:00,Fri,7,3.220751592858859
R-090,Gym,2026-01-23 04:08:30.651152,2026-01-23 07:00:00,Fri,7,2.8581524578240334
R-005,Gym,2026-01-23 03:54:05.132030,2026-01-23 07:00:00,Fri,7,3.098574436097018
R-066,Gym,2026-01-23 03:33:32.368866,2026-01-23 07:00:00,Fri,7,3.441008648324271
R-042,Gym,2026-01-23 03:33:51.077444,2026-01-23 07:00:00,Fri,7,3.4358118211628144
R-081,Gym,2026-01-23 04:05:09.056660,2026-01-23 07:00:00,Fri,7,2.914150927834094
R-052,Tennis,2026-01-22 21:43:22.770764,2026-01-23 08:00:00,Fri,8,10.277008121222554
R-071,Pool,2026-01-22 22:29:59.990081,2026-01-23 11:00:00,Fri,11,12.50000275529032
R-048,Gym,2026-01-22 20:38:26.220916,2026-01-23 13:00:00,Fri,13,16.35938307895904
R-037,Gym,2026-01-23 05:32:35.948091,2026-01-23 13:00:00,Fri,13,7.456681085949506
R-099,Tennis,2026-01-23 03:29:54.178049,2026-01-23 14:00:00,Fri,14,10.501617208520715
R-058,Gym,2026-01-23 14:33:24.568384,2026-01-23 18:00:00,Fri,18,3.443175448937388
R-070,Gym,2026-01-23 15:53:16.122104,2026-01-23 18:00:00,Fri,18,2.112188304427227
R-111,Gym,2026-01-23 14:22:23.785724,2026-01-23 18:00:00,Fri,18,3.6267261876855605
R-027,Clubhouse,2026-01-23 09:28:26.904821,2026-01-23 18:00:00,Fri,18,8.525859772069726
R-031,Clubhouse,2026-01-24 02:11:59.744802,2026-01-24 08:00:00,Sat,8,5.8000708883750995
R-120,Badminton,2026-01-23 16:18:42.352050,2026-01-24 09:00:00,Sat,9,16.688235541528428
R-001,Clubhouse,2026-01-23 18:12:24.406203,2026-01-24 09:00:00,Sat,9,14.79322049926038
R-113,Pool,2026-01-23 17:58:22.038638,2026-01-24 10:00:00,Sat,10,16.027211489502193
R-106,Gym,2026-01-24 00:45:11.612865,2026-01-24 12:00:00,Sat,12,11.246774204255281
R-016,Pool,2026-01-24 09:50:47.944081,2026-01-24 15:00:00,Sat,15,5.153348866436417
R-068,Pool,2026-01-24 09:52:03.209624,2026-01-24 15:00:00,Sat,15,5.1324417710399635
R-013,Pool,2026-01-24 10:14:26.692188,2026-01-24 15:00:00,Sat,15,4.759252169994587
R-004,Pool,2026-01-24 08:39:51.321107,2026-01-24 15:00:00,Sat,15,6.335744137007181
R-043,Pool,2026-01-24 08:58:17.103569,2026-01-24 15:00:00,Sat,15,6.028582341982459
R-086,Pool,2026-01-24 08:26:00.585789,2026-01-24 15:00:00,Sat,15,6.566503947516738
R-007,Clubhouse,2026-01-24 08:09:47.440654,2026-01-24 15:00:00,Sat,15,6.8368220404891415
R-060,Pool,2026-01-24 09:21:38.372646,2026-01-24 15:00:00,Sat,15,5.63934093162198
R-032,Pool,2026-01-24 09:10:45.638030,2026-01-24 15:00:00,Sat,15,5.8206561026651285
R-103,Pool,2026-01-24 09:07:47.369401,2026-01-24 15:00:00,Sat,15,5.87017516649172
R-067,Clubhouse,2026-01-24 09:38:31.228200,2026-01-24 15:00:00,Sat,15,5.357992166680332
R-082,Pool,2026-01-24 10:26:07.594851,2026-01-24 15:00:00,Sat,15,4.564556985702474
R-110,Pool,2026-01-24 09:09:21.091675,2026-01-24 15:00:00,Sat,15,5.844141201264963
R-096,Pool,2026-01-24 06:47:34.827117,2026-01-24 15:00:00,Sat,15,8.206992467543623
R-050,Pool,2026-01-24 07:21:50.241393,2026-01-24 15:00:00,Sat,15,7.636044057467208
R-030,Pool,2026-01-24 09:17:39.823599,2026-01-24 15:00:00,Sat,15,5.705604555748023
R-105,Pool,2026-01-24 08:03:33.264565,2026-01-24 15:00:00,Sat,15,6.94075984305852
R-062,Pool,2026-01-24 10:56:13.275275,2026-01-24 15:00:00,Sat,15,4.062979090155207
R-119,Pool,2026-01-24 07:55:54.823551,2026-01-24 15:00:00,Sat,15,7.068104569259711
R-026,Clubhouse,2026-01-24 09:29:08.587280,2026-01-24 15:00:00,Sat,15,5.51428131123512
R-008,Pool,2026-01-24 08:58:16.352609,2026-01-24 15:00:00,Sat,15,6.028790941892768
R-077,Pool,2026-01-24 08:05:43.002122,2026-01-24 15:00:00,Sat,15,6.904721632698969
R-022,Pool,2026-01-24 08:25:04.188297,2026-01-24 15:00:00,Sat,15,6.582169917489516
R-079,Pool,2026-01-24 08:34:53.270979,2026-01-24 15:00:00,Sat,15,6.418535839266527
R-045,Pool,2026-01-24 08:40:14.233132,2026-01-24 15:00:00,Sat,15,6.329379685558532
R-047,Pool,2026-01-24 10:18:02.325902,2026-01-24 15:00:00,Sat,15,4.699353916220299
R-011,Pool,2026-01-24 07:22:44.214636,2026-01-24 15:00:00,Sat,15,7.621051489881937
R-041,Clubhouse,2026-01-24 10:01:31.658823,2026-01-24 15:00:00,Sat,15,4.974539215927696
R-102,Pool,2026-01-24 10:33:30.167420,2026-01-24 15:00:00,Sat,15,4.441620161237713
R-039,Pool,2026-01-24 08:09:23.423874,2026-01-24 15:00:00,Sat,15,6.843493368470024
R-064,Pool,2026-01-24 08:56:11.528254,2026-01-24 15:00:00,Sat,15,6.0634643738482845
R-044,Pool,2026-01-24 09:28:58.458863,2026-01-24 15:00:00,Sat,15,5.517094760365742
R-014,Pool,2026-01-24 08:37:42.430893,2026-01-24 15:00:00,Sat,15,6.37154697417011
R-009,Clubhouse,2026-01-24 09:42:05.459074,2026-01-24 16:00:00,Sat,16,6.298483590502355
R-028,Clubhouse,2026-01-24 09:26:01.729769,2026-01-24 16:00:00,Sat,16,6.566186175382763
R-098,Pool,2026-01-24 10:28:37.079036,2026-01-24 16:00:00,Sat,16,5.52303360113973
R-040,Badminton,2026-01-23 20:17:59.615991,2026-01-24 19:00:00,Sat,19,22.70010666919557
R-065,Tennis,2026-01-23 17:32:00.458598,2026-01-24 19:00:00,Sat,19,25.466539278303355
R-100,Tennis,2026-01-23 18:30:00.392939,2026-01-24 19:00:00,Sat,19,24.499890850291433
R-089,Tennis,2026-01-23 19:44:43.301450,2026-01-24 19:00:00,Sat,19,23.254638486011036
R-095,Tennis,2026-01-23 16:04:33.093029,2026-01-24 19:00:00,Sat,19,26.924140825341162
R-083,Badminton,2026-01-23 21:05:54.856497,2026-01-24 19:00:00,Sat,19,21.90142875087289
R-092,Badminton,2026-01-23 19:37:54.305771,2026-01-24 19:00:00,Sat,19,23.368248397045853
R-107,Tennis,2026-01-23 18:09:29.162525,2026-01-24 19:00:00,Sat,19,24.841899298744043
R-023,Tennis,2026-01-23 19:22:21.903136,2026-01-24 19:00:00,Sat,19,23.627249129008167
R-056,Tennis,2026-01-23 20:20:02.461514,2026-01-24 19:00:00,Sat,19,22.665982912769884
R-116,Tennis,2026-01-23 19:05:07.530610,2026-01-24 19:00:00,Sat,19,23.914574830593814
R-072,Badminton,2026-01-23 21:13:06.435439,2026-01-24 19:00:00,Sat,19,21.78154571133338
R-069,Badminton,2026-01-23 19:56:28.642759,2026-01-24 19:00:00,Sat,19,23.058710344737683
R-018,Badminton,2026-01-23 18:33:51.531381,2026-01-24 19:00:00,Sat,19,24.43568572758573
R-059,Badminton,2026-01-23 19:13:00.372780,2026-01-24 19:00:00,Sat,19,23.78322978327869
R-057,Badminton,2026-01-23 22:38:24.899167,2026-01-24 19:00:00,Sat,19,20.359750231357875
R-006,Tennis,2026-01-23 20:28:11.386477,2026-01-24 19:00:00,Sat,19,22.530170423068338
R-038,Badminton,2026-01-23 16:40:10.243479,2026-01-24 19:00:00,Sat,19,26.330487922458868
R-075,Tennis,2026-01-23 20:44:32.561681,2026-01-24 19:00:00,Sat,19,22.25762175520144
R-002,Tennis,2026-01-23 15:33:19.484512,2026-01-24 19:00:00,Sat,19,27.444587635577243
R-097,Tennis,2026-01-23 15:58:26.895020,2026-01-24 19:00:00,Sat,19,27.0258624944295
R-076,Tennis,2026-01-23 16:26:11.186452,2026-01-24 20:00:00,Sat,20,27.563559318971745
R-106,Badminton,2026-01-24 22:18:13.255761,2026-01-25 09:00:00,Sun,9,10.696317844057782
R-071,Clubhouse,2026-01-24 12:49:44.050432,2026-01-25 09:00:00,Sun,9,20.171097102210346
R-120,Gym,2026-01-25 03:19:10.769378,2026-01-25 10:00:00,Sun,10,6.680341839494013
R-077,Pool,2026-01-25 08:00:43.830779,2026-01-25 15:00:00,Sun,15,6.987824783711582
R-011,Pool,2026-01-25 09:07:09.553723,2026-01-25 15:00:00,Sun,15,5.880679521352505
R-045,Pool,2026-01-25 08:59:50.044339,2026-01-25 15:00:00,Sun,15,6.002765461400097
R-033,Pool,2026-01-25 07:31:16.438251,2026-01-25 15:00:00,Sun,15,7.478767152370303
R-030,Pool,2026-01-25 08:06:13.841853,2026-01-25 15:00:00,Sun,15,6.896155040912128
R-112,Clubhouse,2026-01-25 08:53:42.750244,2026-01-25 15:00:00,Sun,15,6.104791598969995
R-103,Pool,2026-01-25 10:28:41.738698,2026-01-25 15:00:00,Sun,15,4.521739250592634
R-068,Pool,2026-01-25 08:33:23.118646,2026-01-25 15:00:00,Sun,15,6.443578153933703
R-067,Pool,2026-01-25 08:37:58.543512,2026-01-25 15:00:00,Sun,15,6.367071246791656
R-102,Pool,2026-01-25 08:51:55.251950,2026-01-25 15:00:00,Sun,15,6.1346522359997495
R-016,Pool,2026-01-25 08:48:27.960025,2026-01-25 15:00:00,Sun,15,6.192233326510369
R-105,Pool,2026-01-25 08:29:46.885376,2026-01-25 15:00:00,Sun,15,6.5036429512240455
R-060,Pool,2026-01-25 09:05:57.466662,2026-01-25 15:00:00,Sun,15,5.900703704973835
R-044,Clubhouse,2026-01-25 09:44:35.695844,2026-01-25 15:00:00,Sun,15,5.256751154390452
R-118,Badminton,2026-01-25 03:20:48.546170,2026-01-25 15:00:00,Sun,15,11.653181619496007
R-008,Pool,2026-01-25 10:23:16.307783,2026-01-25 15:00:00,Sun,15,4.612136726816521
R-047,Pool,2026-01-25 08:28:37.615089,2026-01-25 15:00:00,Sun,15,6.522884697488594
R-014,Pool,2026-01-25 11:53:28.409024,2026-01-25 15:00:00,Sun,15,3.1087752711523975
R-026,Pool,2026-01-25 08:08:02.151135,2026-01-25 15:00:00,Sun,15,6.866069129041701
R-051,Pool,2026-01-25 09:20:44.654996,2026-01-25 15:00:00,Sun,15,5.654262501200385
R-064,Clubhouse,2026-01-25 09:15:10.627013,2026-01-25 15:00:00,Sun,15,5.747048051987706
R-098,Pool,2026-01-25 10:54:52.384764,2026-01-25 15:00:00,Sun,15,4.085448676540226
R-043,Pool,2026-01-25 08:42:51.282798,2026-01-25 15:00:00,Sun,15,6.285754778455618
R-004,Clubhouse,2026-01-25 10:12:49.466479,2026-01-25 15:00:00,Sun,15,4.7862593112978
R-082,Pool,2026-01-25 10:46:25.215128,2026-01-25 15:00:00,Sun,15,4.226329131039989
R-062,Clubhouse,2026-01-25 08:40:56.892629,2026-01-25 15:00:00,Sun,15,6.317529825256788
R-096,Pool,2026-01-25 08:40:01.987838,2026-01-25 15:00:00,Sun,15,6.332781156175019
R-079,Pool,2026-01-25 08:51:16.757367,2026-01-25 15:00:00,Sun,15,6.145345175931416
R-013,Clubhouse,2026-01-25 07:00:05.480446,2026-01-25 15:00:00,Sun,15,7.99847765395412
R-022,Pool,2026-01-25 10:17:06.131817,2026-01-25 16:00:00,Sun,16,5.714963384297992
R-086,Clubhouse,2026-01-25 11:02:58.045049,2026-01-25 16:00:00,Sun,16,4.9505430420125
R-041,Pool,2026-01-25 10:02:08.666222,2026-01-25 16:00:00,Sun,16,5.964259382664426
R-050,Pool,2026-01-25 11:09:51.867529,2026-01-25 16:00:00,Sun,16,4.835592352946641
R-110,Pool,2026-01-25 09:57:01.275845,2026-01-25 16:00:00,Sun,16,6.049645598728956
R-101,Gym,2026-01-26 03:51:34.692471,2026-01-26 07:00:00,Mon,7,3.1403632025961405
R-087,Gym,2026-01-26 03:38:48.465400,2026-01-26 07:00:00,Mon,7,3.3532040554606377
R-061,Pool,2026-01-26 03:42:34.406182,2026-01-26 07:00:00,Mon,7,3.290442727355595
R-070,Gym,2026-01-26 04:00:21.478852,2026-01-26 07:00:00,Mon,7,2.994033652266684
R-017,Gym,2026-01-26 03:10:14.330303,2026-01-26 07:00:00,Mon,7,3.8293526935513396
R-020,Pool,2026-01-26 03:22:27.569340,2026-01-26 07:00:00,Mon,7,3.6256751832831458
R-053,Gym,2026-01-26 03:15:06.809308,2026-01-26 07:00:00,Mon,7,3.74810852567491
R-111,Gym,2026-01-26 03:44:22.975789,2026-01-26 07:00:00,Mon,7,3.260284503157105
R-091,Gym,2026-01-26 04:06:50.881459,2026-01-26 07:00:00,Mon,7,2.885866261391504
R-066,Pool,2026-01-26 03:20:02.603666,2026-01-26 07:00:00,Mon,7,3.66594342612557
R-005,Gym,2026-01-26 03:52:43.574636,2026-01-26 07:00:00,Mon,7,3.121229267740589
R-090,Gym,2026-01-26 03:58:17.288630,2026-01-26 07:00:00,Mon,7,3.0285309359809083
R-025,Gym,2026-01-26 03:33:30.102369,2026-01-26 07:00:00,Mon,7,3.4416382307631914
R-049,Pool,2026-01-26 03:24:10.552518,2026-01-26 07:00:00,Mon,7,3.5970687448776424
R-094,Pool,2026-01-26 04:33:16.259783,2026-01-26 07:00:00,Mon,7,2.445483393613188
R-042,Gym,2026-01-26 04:10:10.785999,2026-01-26 07:00:00,Mon,7,2.830337222518652
R-108,Gym,2026-01-26 04:21:03.212989,2026-01-26 07:00:00,Mon,7,2.6491075029480493
R-055,Pool,2026-01-26 04:27:41.133553,2026-01-26 07:00:00,Mon,7,2.53857401317367
R-081,Gym,2026-01-26 03:55:19.160192,2026-01-26 07:00:00,Mon,7,3.0780110577220032
R-088,Gym,2026-01-26 03:44:20.506383,2026-01-26 07:00:00,Mon,7,3.2609704492229215
R-084,Pool,2026-01-26 03:48:21.828967,2026-01-26 07:00:00,Mon,7,3.1939363979364073
R-035,Gym,2026-01-26 05:09:42.947669,2026-01-26 07:00:00,Mon,7,1.838070091955902
R-117,Gym,2026-01-26 03:21:11.625505,2026-01-26 07:00:00,Mon,7,3.6467706931396826
R-031,Pool,2026-01-26 01:58:14.142989,2026-01-26 13:00:00,Mon,13,11.029404725217535
R-054,Gym,2026-01-26 01:33:35.093415,2026-01-26 14:00:00,Mon,14,12.440251829299172
R-021,Badminton,2026-01-26 01:30:34.616846,2026-01-26 16:00:00,Mon,16,14.490384209503375
R-036,Pool,2026-01-26 05:17:29.608602,2026-01-26 17:00:00,Mon,17,11.708442054981825
R-034,Tennis,2026-01-26 03:31:05.920987,2026-01-26 17:00:00,Mon,17,13.481688614698502
R-058,Gym,2026-01-26 14:06:41.539262,2026-01-26 18:00:00,Mon,18,3.888461316112638
R-046,Pool,2026-01-26 04:44:15.498994,2026-01-26 18:00:00,Mon,18,13.262361390523454
R-003,Gym,2026-01-26 15:31:50.870985,2026-01-26 18:00:00,Mon,18,2.469202504282824
R-012,Gym,2026-01-26 15:19:29.979590,2026-01-26 18:00:00,Mon,18,2.675005669494171
R-078,Gym,2026-01-26 15:49:12.774609,2026-01-26 18:00:00,Mon,18,2.179784830860656
R-027,Clubhouse,2026-01-26 15:59:43.275055,2026-01-27 08:00:00,Tue,8,16.00464581794436
R-113,Clubhouse,2026-01-27 03:21:13.019010,2026-01-27 13:00:00,Tue,13,9.64638360839469
R-118,Pool,2026-01-27 04:05:39.084589,2026-01-27 15:00:00,Tue,15,10.905809836251073
R-001,Tennis,2026-01-27 05:58:02.031478,2026-01-27 15:00:00,Tue,15,9.032769033927792
R-031,Clubhouse,2026-01-27 01:43:03.782763,2026-01-27 16:00:00,Tue,16,14.282282565797201
R-092,Badminton,2026-01-26 19:15:56.183114,2026-01-27 19:00:00,Tue,19,23.73439357946594
R-038,Tennis,2026-01-26 20:49:02.424561,2026-01-27 19:00:00,Tue,19,22.18265984419367
R-100,Tennis,2026-01-26 19:35:25.967685,2026-01-27 19:00:00,Tue,19,23.4094534208192
R-040,Badminton,2026-01-26 18:41:10.327714,2026-01-27 19:00:00,Tue,19,24.313797857173405
R-089,Badminton,2026-01-26 22:04:28.569546,2026-01-27 19:00:00,Tue,19,20.925397348459754
R-057,Badminton,2026-01-26 20:42:47.779723,2026-01-27 19:00:00,Tue,19,22.286727854640258
R-097,Badminton,2026-01-26 20:06:57.479785,2026-01-27 19:00:00,Tue,19,22.88403339309553
R-056,Badminton,2026-01-26 21:10:21.150916,2026-01-27 19:00:00,Tue,19,21.82745807900093
R-095,Tennis,2026-01-26 15:36:11.376012,2026-01-27 19:00:00,Tue,19,27.396839996674924
R-116,Badminton,2026-01-26 20:42:29.318724,2026-01-27 19:00:00,Tue,19,22.29185591013711
R-075,Badminton,2026-01-26 20:13:16.192031,2026-01-27 19:00:00,Tue,19,22.778835546998646
R-085,Badminton,2026-01-26 18:14:29.585771,2026-01-27 19:00:00,Tue,19,24.75844839685913
R-006,Badminton,2026-01-26 21:26:16.249168,2026-01-27 19:00:00,Tue,19,21.56215300880021
R-076,Tennis,2026-01-26 16:07:10.995876,2026-01-27 19:00:00,Tue,19,26.880278923364383
R-018,Badminton,2026-01-26 15:23:31.177335,2026-01-27 19:00:00,Tue,19,27.608006295728508
R-065,Tennis,2026-01-26 20:43:38.980853,2026-01-27 19:00:00,Tue,19,22.272505318704052
R-074,Tennis,2026-01-26 16:15:15.152158,2026-01-27 19:00:00,Tue,19,26.745791067296718
R-107,Badminton,2026-01-26 18:26:12.944983,2026-01-27 19:00:00,Tue,19,24.563070838000982
R-024,Tennis,2026-01-26 20:20:31.970767,2026-01-27 19:00:00,Tue,19,22.657785898089767
R-083,Tennis,2026-01-26 20:04:48.647749,2026-01-27 19:00:00,Tue,19,22.919820069692125
R-072,Badminton,2026-01-26 16:34:00.380674,2026-01-27 19:00:00,Tue,19,26.43322759054874
R-002,Badminton,2026-01-26 20:11:35.887243,2026-01-27 19:00:00,Tue,19,22.80669798807948
R-069,Tennis,2026-01-26 16:49:46.782341,2026-01-27 20:00:00,Tue,20,27.170338238580214
R-088,Gym,2026-01-28 04:05:52.667200,2026-01-28 07:00:00,Wed,7,2.9020368889359456
R-078,Gym,2026-01-28 03:42:08.596015,2026-01-28 07:00:00,Wed,7,3.2976122180119996
R-015,Pool,2026-01-28 03:36:47.825274,2026-01-28 07:00:00,Wed,7,3.386715201589378
R-117,Gym,2026-01-28 03:10:19.639701,2026-01-28 07:00:00,Wed,7,3.827877860787074
R-042,Gym,2026-01-28 04:27:04.722150,2026-01-28 07:00:00,Wed,7,2.548688291598915
R-073,Gym,2026-01-28 03:09:55.101112,2026-01-28 07:00:00,Wed,7,3.834694135592107
R-061,Gym,2026-01-28 03:32:35.236557,2026-01-28 07:00:00,Wed,7,3.4568787342608602
R-012,Gym,2026-01-28 04:08:31.706716,2026-01-28 07:00:00,Wed,7,2.8578592456318708
R-066,Gym,2026-01-28 03:48:58.729912,2026-01-28 07:00:00,Wed,7,3.1836861355841752
R-055,Gym,2026-01-28 03:49:12.361470,2026-01-28 07:00:00,Wed,7,3.1798995915949058
R-094,Gym,2026-01-28 03:16:07.685019,2026-01-28 07:00:00,Wed,7,3.7311986058466067
R-035,Gym,2026-01-28 03:05:01.427506,2026-01-28 07:00:00,Wed,7,3.916270137144084
R-090,Gym,2026-01-28 03:11:16.219384,2026-01-28 07:00:00,Wed,7,3.812161282282024
R-003,Gym,2026-01-28 03:18:28.144464,2026-01-28 07:00:00,Wed,7,3.6921820934715743
R-020,Gym,2026-01-28 04:05:52.590455,2026-01-28 07:00:00,Wed,7,2.902058207017729
R-005,Gym,2026-01-28 03:43:14.429620,2026-01-28 07:00:00,Wed,7,3.2793251054771537
R-101,Gym,2026-01-28 03:48:30.497776,2026-01-28 07:00:00,Wed,7,3.1915283954358884
R-108,Gym,2026-01-28 04:27:50.329073,2026-01-28 07:00:00,Wed,7,2.536019701901562
R-084,Pool,2026-01-28 04:03:59.336895,2026-01-28 07:00:00,Wed,7,2.9335175292359397
R-049,Gym,2026-01-28 04:27:53.343864,2026-01-28 07:00:00,Wed,7,2.5351822598787614
R-053,Gym,2026-01-28 04:16:45.021218,2026-01-28 07:00:00,Wed,7,2.7208274395746592
R-025,Gym,2026-01-28 03:49:57.695863,2026-01-28 07:00:00,Wed,7,3.167306704833454
R-034,Clubhouse,2026-01-28 06:21:33.598911,2026-01-28 16:00:00,Wed,16,9.640666969151884
R-113,Pool,2026-01-28 00:30:31.007642,2026-01-28 17:00:00,Wed,17,16.49138676600446
R-058,Gym,2026-01-28 14:26:17.514673,2026-01-28 18:00:00,Wed,18,3.561801479762522
R-017,Gym,2026-01-28 14:30:53.106987,2026-01-28 18:00:00,Wed,18,3.4852480591713784
R-111,Gym,2026-01-28 15:27:09.713529,2026-01-28 18:00:00,Wed,18,2.547301797520012
R-070,Gym,2026-01-28 14:49:44.764104,2026-01-28 18:00:00,Wed,18,3.170898859973573
R-048,Badminton,2026-01-28 06:25:54.281409,2026-01-28 19:00:00,Wed,19,12.568255164078666
R-054,Tennis,2026-01-28 01:13:41.777362,2026-01-28 19:00:00,Wed,19,17.771728510546655
R-120,Clubhouse,2026-01-28 22:43:28.948222,2026-01-29 11:00:00,Thu,11,12.275292160673063
R-027,Pool,2026-01-29 00:41:40.845645,2026-01-29 11:00:00,Thu,11,10.305320654137617
R-037,Tennis,2026-01-29 02:51:53.966805,2026-01-29 12:00:00,Thu,12,9.135009220754322
R-052,Badminton,2026-01-29 04:39:37.750733,2026-01-29 14:00:00,Thu,14,9.339513685368516
R-023,Tennis,2026-01-28 16:57:19.035421,2026-01-29 19:00:00,Thu,19,26.044712383081926
R-065,Tennis,2026-01-28 17:33:46.100544,2026-01-29 19:00:00,Thu,19,25.437194293261715
R-092,Tennis,2026-01-28 19:40:25.969497,2026-01-29 19:00:00,Thu,19,23.326119584087234
R-072,Badminton,2026-01-28 21:54:20.051559,2026-01-29 19:00:00,Thu,19,21.094430122385813
R-083,Badminton,2026-01-28 18:14:47.624422,2026-01-29 19:00:00,Thu,19,24.753437660648984
R-056,Badminton,2026-01-28 19:37:20.231708,2026-01-29 19:00:00,Thu,19,23.37771341450968
R-018,Tennis,2026-01-28 17:11:41.597307,2026-01-29 19:00:00,Thu,19,25.805111859266468
R-097,Tennis,2026-01-28 16:19:54.496958,2026-01-29 19:00:00,Thu,19,26.66819528944674
R-085,Badminton,2026-01-28 17:25:57.880350,2026-01-29 19:00:00,Thu,19,25.56725545825006
R-076,Tennis,2026-01-28 19:50:11.061527,2026-01-29 19:00:00,Thu,19,23.163594020247277
R-040,Badminton,2026-01-28 18:28:11.269430,2026-01-29 19:00:00,Thu,19,24.530202936157135
R-116,Tennis,2026-01-28 17:11:28.123158,2026-01-29 19:00:00,Thu,19,25.8088546782062
R-107,Tennis,2026-01-28 19:12:27.660581,2026-01-29 19:00:00,Thu,19,23.792316505226765
R-006,Badminton,2026-01-28 17:15:11.470190,2026-01-29 19:00:00,Thu,19,25.746813836086964
R-059,Badminton,2026-01-28 20:58:28.939712,2026-01-29 19:00:00,Thu,19,22.025294524468126
R-057,Tennis,2026-01-28 19:19:35.357028,2026-01-29 19:00:00,Thu,19,23.67351193659221
R-095,Badminton,2026-01-28 21:56:06.583727,2026-01-29 19:00:00,Thu,19,21.06483785354514
R-074,Tennis,2026-01-28 20:40:28.681056,2026-01-29 19:00:00,Thu,19,22.325366373471716
R-002,Badminton,2026-01-28 22:18:26.372670,2026-01-29 20:00:00,Thu,20,21.69267425842392
R-024,Badminton,2026-01-28 19:27:07.433424,2026-01-29 20:00:00,Thu,20,24.547935159864448
R-061,Gym,2026-01-30 04:00:16.221222,2026-01-30 07:00:00,Fri,7,2.9954941051044264
R-111,Gym,2026-01-30 03:03:39.587568,2026-01-30 07:00:00,Fri,7,3.939003453400455
R-087,Gym,2026-01-30 04:38:15.329668,2026-01-30 07:00:00,Fri,7,2.3624084255313007
R-015,Gym,2026-01-30 03:40:26.497942,2026-01-30 07:00:00,Fri,7,3.3259727939918577
R-049,Pool,2026-01-30 04:41:35.292479,2026-01-30 07:00:00,Fri,7,2.306863200360182
R-017,Pool,2026-01-30 03:52:48.456067,2026-01-30 07:00:00,Fri,7,3.119873314839132
R-053,Gym,2026-01-30 03:51:24.586698,2026-01-30 07:00:00,Fri,7,3.143170361531692
R-088,Gym,2026-01-30 04:07:51.766808,2026-01-30 07:00:00,Fri,7,2.868953664545964
R-066,Gym,2026-01-30 04:46:51.862914,2026-01-30 07:00:00,Fri,7,2.218926968257029
R-073,Gym,2026-01-30 03:57:27.686431,2026-01-30 07:00:00,Fri,7,3.0423093246636004
R-084,Gym,2026-01-30 03:16:13.977976,2026-01-30 07:00:00,Fri,7,3.7294505623569902
R-020,Pool,2026-01-30 04:06:37.540644,2026-01-30 07:00:00,Fri,7,2.8895720434630348
R-005,Gym,2026-01-30 03:23:13.310696,2026-01-30 07:00:00,Fri,7,3.612969251184694
R-081,Gym,2026-01-30 04:33:25.994524,2026-01-30 07:00:00,Fri,7,2.442779298831482
R-094,Gym,2026-01-30 04:47:49.014290,2026-01-30 07:00:00,Fri,7,2.2030515861059503
R-025,Gym,2026-01-30 03:23:05.426185,2026-01-30 07:00:00,Fri,7,3.6151593930319468
R-108,Gym,2026-01-30 03:36:31.439112,2026-01-30 07:00:00,Fri,7,3.3912669132976205
R-012,Gym,2026-01-30 04:14:54.990282,2026-01-30 07:00:00,Fri,7,2.7513915882442532
R-058,Gym,2026-01-30 03:37:47.598369,2026-01-30 07:00:00,Fri,7,3.3701115641296457
R-117,Gym,2026-01-30 02:59:35.190987,2026-01-30 07:00:00,Fri,7,4.0068913923781215
R-091,Gym,2026-01-30 03:38:48.869923,2026-01-30 07:00:00,Fri,7,3.35309168811128
R-090,Gym,2026-01-30 03:14:46.637708,2026-01-30 07:00:00,Fri,7,3.7537117478763236
R-101,Gym,2026-01-30 03:56:41.882340,2026-01-30 07:00:00,Fri,7,3.0550326833751504
R-042,Pool,2026-01-30 04:49:39.150736,2026-01-30 07:00:00,Fri,7,2.172458128804121
R-001,Pool,2026-01-29 16:59:46.610595,2026-01-30 09:00:00,Fri,9,16.0037192792379
R-036,Pool,2026-01-29 21:23:55.046656,2026-01-30 11:00:00,Fri,11,13.60137592892012
R-104,Clubhouse,2026-01-30 00:33:19.762601,2026-01-30 12:00:00,Fri,12,11.444510388489629
R-063,Gym,2026-01-30 03:58:19.358854,2026-01-30 13:00:00,Fri,13,9.027955873961979
R-031,Clubhouse,2026-01-30 02:14:24.121537,2026-01-30 13:00:00,Fri,13,10.75996623980978
R-113,Gym,2026-01-30 07:51:55.830222,2026-01-30 16:00:00,Fri,16,8.134491605058084
R-055,Gym,2026-01-30 14:15:54.370660,2026-01-30 18:00:00,Fri,18,3.7348970389510927
R-035,Gym,2026-01-30 15:29:30.669745,2026-01-30 18:00:00,Fri,18,2.5081472930198516
R-003,Gym,2026-01-30 15:00:15.793229,2026-01-30 18:00:00,Fri,18,2.9956129919382932
R-052,Gym,2026-01-30 22:30:59.868573,2026-01-31 10:00:00,Sat,10,11.483369840797609
R-016,Pool,2026-01-31 11:13:50.779310,2026-01-31 15:00:00,Sat,15,3.7692279694409154
R-103,Pool,2026-01-31 09:13:04.559686,2026-01-31 15:00:00,Sat,15,5.782066753947014
R-067,Pool,2026-01-31 07:56:16.527680,2026-01-31 15:00:00,Sat,15,7.062075644488841
R-098,Clubhouse,2026-01-31 09:03:52.916244,2026-01-31 15:00:00,Sat,15,5.935301043370797
R-105,Clubhouse,2026-01-31 06:57:53.907090,2026-01-31 15:00:00,Sat,15,8.035025808380954
R-051,Clubhouse,2026-01-31 09:17:49.891923,2026-01-31 15:00:00,Sat,15,5.702807799303264
R-004,Pool,2026-01-31 09:13:55.063592,2026-01-31 15:00:00,Sat,15,5.7680378910285866
R-050,Pool,2026-01-31 08:04:03.120615,2026-01-31 15:00:00,Sat,15,6.932466495929448
R-033,Pool,2026-01-31 08:06:05.772129,2026-01-31 15:00:00,Sat,15,6.898396630781764
R-110,Pool,2026-01-31 08:25:15.849523,2026-01-31 15:00:00,Sat,15,6.578930688067823
R-119,Pool,2026-01-31 07:46:45.093786,2026-01-31 15:00:00,Sat,15,7.220807281587106
R-082,Pool,2026-01-31 08:38:22.066156,2026-01-31 15:00:00,Sat,15,6.360537178933449
R-086,Pool,2026-01-31 09:04:04.202266,2026-01-31 15:00:00,Sat,15,5.93216603708794
R-026,Pool,2026-01-31 08:31:37.972774,2026-01-31 15:00:00,Sat,15,6.472785340463947
R-014,Pool,2026-01-31 09:21:10.818863,2026-01-31 15:00:00,Sat,15,5.646994760281627
R-039,Pool,2026-01-31 09:01:16.931936,2026-01-31 15:00:00,Sat,15,5.978630017871732
R-096,Pool,2026-01-31 09:07:32.675441,2026-01-31 15:00:00,Sat,15,5.874256821993834
R-041,Pool,2026-01-31 07:31:52.198965,2026-01-31 15:00:00,Sat,15,7.468833620731582
R-068,Pool,2026-01-31 08:13:22.761060,2026-01-31 15:00:00,Sat,15,6.777010816799055
R-077,Pool,2026-01-31 09:03:41.747964,2026-01-31 15:00:00,Sat,15,5.938403343302271
R-030,Pool,2026-01-31 10:05:56.590361,2026-01-31 15:00:00,Sat,15,4.900947121945948
R-079,Pool,2026-01-31 07:34:28.900581,2026-01-31 15:00:00,Sat,15,7.4253053941348295
R-062,Pool,2026-01-31 07:15:05.962118,2026-01-31 15:00:00,Sat,15,7.74834385608543
R-008,Pool,2026-01-31 07:17:40.760709,2026-01-31 15:00:00,Sat,15,7.705344247513694
R-013,Pool,2026-01-31 08:17:57.437302,2026-01-31 15:00:00,Sat,15,6.700711860576179
R-102,Pool,2026-01-31 08:59:58.140187,2026-01-31 15:00:00,Sat,15,6.000516614831875
R-064,Pool,2026-01-31 09:36:02.123506,2026-01-31 15:00:00,Sat,15,5.399410137308188
R-043,Pool,2026-01-31 07:57:17.740231,2026-01-31 15:00:00,Sat,15,7.045072158098878
R-032,Pool,2026-01-31 09:32:53.005380,2026-01-31 15:00:00,Sat,15,5.451942949880329
R-093,Pool,2026-01-31 09:13:42.801059,2026-01-31 16:00:00,Sat,16,6.771444150305816
R-047,Pool,2026-01-31 11:29:38.077400,2026-01-31 16:00:00,Sat,16,4.506089611085131
R-007,Pool,2026-01-31 10:25:55.146606,2026-01-31 16:00:00,Sat,16,5.56801483162054
R-022,Pool,2026-01-31 10:10:21.308268,2026-01-31 16:00:00,Sat,16,5.82741436999233
R-045,Pool,2026-01-31 08:32:10.611535,2026-01-31 16:00:00,Sat,16,7.4637190181394235
R-044,Pool,2026-01-31 08:23:00.072464,2026-01-31 16:00:00,Sat,16,7.616646537869821
R-060,Pool,2026-01-31 10:22:24.831048,2026-01-31 16:00:00,Sat,16,5.626435820135437
R-024,Tennis,2026-01-30 18:39:29.261794,2026-01-31 19:00:00,Sat,19,24.341871723862027
R-095,Tennis,2026-01-30 16:53:37.913725,2026-01-31 19:00:00,Sat,19,26.106135076490066
R-116,Badminton,2026-01-30 20:45:38.534070,2026-01-31 19:00:00,Sat,19,22.239296091739135
R-089,Tennis,2026-01-30 16:08:31.418848,2026-01-31 19:00:00,Sat,19,26.857939208893452
R-018,Badminton,2026-01-30 21:36:56.121957,2026-01-31 19:00:00,Sat,19,21.384410567572207
R-075,Tennis,2026-01-30 17:38:05.166989,2026-01-31 19:00:00,Sat,19,25.365231391828345
R-100,Badminton,2026-01-30 17:43:42.397050,2026-01-31 19:00:00,Sat,19,25.271556374947046
R-107,Tennis,2026-01-30 15:31:03.306653,2026-01-31 19:00:00,Sat,19,27.482414818550414
R-038,Tennis,2026-01-30 16:22:49.954743,2026-01-31 19:00:00,Sat,19,26.61945701594195
R-065,Tennis,2026-01-30 23:27:26.214950,2026-01-31 19:00:00,Sat,19,19.542718069370746
R-057,Tennis,2026-01-30 17:03:59.171984,2026-01-31 19:00:00,Sat,19,25.933563337893474
R-074,Tennis,2026-01-30 17:44:44.374079,2026-01-31 19:00:00,Sat,19,25.254340533663118
R-063,Pool,2026-01-31 13:07:45.643435,2026-01-31 19:00:00,Sat,19,5.870654601412193
R-023,Tennis,2026-01-30 21:07:38.574173,2026-01-31 19:00:00,Sat,19,21.872618285237877
R-056,Badminton,2026-01-30 14:41:43.330811,2026-01-31 19:00:00,Sat,19,28.304630330290372
R-072,Badminton,2026-01-30 18:15:04.562985,2026-01-31 19:00:00,Sat,19,24.748732504221127
R-097,Tennis,2026-01-30 19:14:14.634364,2026-01-31 19:00:00,Sat,19,23.762601565496933
R-034,Clubhouse,2026-01-31 20:55:22.398262,2026-02-01 09:00:00,Sun,9,12.077111593981408
R-104,Pool,2026-02-01 02:19:26.456188,2026-02-01 14:00:00,Sun,14,11.675984392304304
R-022,Pool,2026-02-01 10:17:17.980466,2026-02-01 15:00:00,Sun,15,4.71167209291165
R-119,Pool,2026-02-01 08:51:27.295312,2026-02-01 15:00:00,Sun,15,6.142417968799508
R-047,Pool,2026-02-01 09:06:55.611740,2026-02-01 15:00:00,Sun,15,5.884552294506095
R-079,Pool,2026-02-01 10:04:46.209865,2026-02-01 15:00:00,Sun,15,4.920497259662984
R-045,Pool,2026-02-01 09:05:39.788114,2026-02-01 15:00:00,Sun,15,5.905614412660086
R-093,Clubhouse,2026-02-01 10:12:26.125469,2026-02-01 15:00:00,Sun,15,4.792742925390431
R-044,Pool,2026-02-01 08:49:07.021528,2026-02-01 15:00:00,Sun,15,6.1813829088268495
R-043,Pool,2026-02-01 09:53:23.703474,2026-02-01 15:00:00,Sun,15,5.110082368252264
R-013,Pool,2026-02-01 08:38:52.897417,2026-02-01 15:00:00,Sun,15,6.351972939709593
R-077,Pool,2026-02-01 07:28:53.010224,2026-02-01 15:00:00,Sun,15,7.518608271033786
R-041,Pool,2026-02-01 08:21:37.463618,2026-02-01 15:00:00,Sun,15,6.639593439555054
R-096,Pool,2026-02-01 09:41:36.715621,2026-02-01 15:00:00,Sun,15,5.306467883042416
R-105,Pool,2026-02-01 09:30:53.613383,2026-02-01 15:00:00,Sun,15,5.4851073937198045
R-011,Pool,2026-02-01 09:13:03.611258,2026-02-01 15:00:00,Sun,15,5.78233020618116
R-051,Pool,2026-02-01 11:13:30.321998,2026-02-01 15:00:00,Sun,15,3.7749105561504472
R-014,Pool,2026-02-01 09:12:03.007718,2026-02-01 15:00:00,Sun,15,5.799164522755261
R-033,Pool,2026-02-01 09:42:38.869422,2026-02-01 15:00:00,Sun,15,5.289202938276384
R-054,Tennis,2026-02-01 02:24:18.561812,2026-02-01 15:00:00,Sun,15,12.594843941194032
R-009,Pool,2026-02-01 09:33:48.806671,2026-02-01 15:00:00,Sun,15,5.436442591366721
R-032,Pool,2026-02-01 08:48:14.348038,2026-02-01 15:00:00,Sun,15,6.196014433971621
R-068,Pool,2026-02-01 09:39:39.216440,2026-02-01 15:00:00,Sun,15,5.3391065444754835
R-064,Pool,2026-02-01 09:46:03.380640,2026-02-01 15:00:00,Sun,15,5.232394266548829
R-102,Pool,2026-02-01 09:09:00.658763,2026-02-01 15:00:00,Sun,15,5.849817010355219
R-008,Pool,2026-02-01 09:11:43.621788,2026-02-01 15:00:00,Sun,15,5.804549503391445
R-062,Pool,2026-02-01 08:37:23.517698,2026-02-01 15:00:00,Sun,15,6.376800639513575
R-082,Clubhouse,2026-02-01 09:05:39.987903,2026-02-01 15:00:00,Sun,15,5.9055589158127
R-103,Pool,2026-02-01 07:44:09.890063,2026-02-01 15:00:00,Sun,15,7.263919426986658
R-098,Pool,2026-02-01 09:37:58.599947,2026-02-01 15:00:00,Sun,15,5.367055570143242
R-004,Clubhouse,2026-02-01 09:00:18.431591,2026-02-01 15:00:00,Sun,15,5.994880113543811
R-026,Pool,2026-02-01 08:57:41.102123,2026-02-01 15:00:00,Sun,15,6.038582743553597
R-028,Pool,2026-02-01 10:55:43.737471,2026-02-01 15:00:00,Sun,15,4.0711840357555715
R-060,Pool,2026-02-01 09:44:34.838117,2026-02-01 15:00:00,Sun,15,5.256989411918686
R-086,Pool,2026-02-01 07:52:42.526582,2026-02-01 15:00:00,Sun,15,7.12152039399979
R-050,Pool,2026-02-01 07:22:09.503418,2026-02-01 15:00:00,Sun,15,7.630693494939405
R-007,Pool,2026-02-01 08:07:55.645532,2026-02-01 15:00:00,Sun,15,6.867876241237579
R-030,Pool,2026-02-01 08:10:14.520671,2026-02-01 15:00:00,Sun,15,6.8292998136650365
R-016,Pool,2026-02-01 09:18:11.058552,2026-02-01 16:00:00,Sun,16,6.696928179894934
R-067,Pool,2026-02-01 09:40:18.121591,2026-02-01 16:00:00,Sun,16,6.328299557928184
R-039,Pool,2026-02-01 11:29:03.914837,2026-02-01 16:00:00,Sun,16,4.515579211838027
R-010,Badminton,2026-02-01 04:14:00.840294,2026-02-01 18:00:00,Sun,18,13.766433251586667
R-005,Gym,2026-02-02 04:17:05.324840,2026-02-02 07:00:00,Mon,7,2.715187544389414
R-025,Gym,2026-02-02 04:12:48.078195,2026-02-02 07:00:00,Mon,7,2.7866449458627867
R-058,Gym,2026-02-02 03:55:39.060877,2026-02-02 07:00:00,Mon,7,3.072483089790364
R-055,Gym,2026-02-02 03:33:45.612502,2026-02-02 07:00:00,Mon,7,3.437329860442103
R-087,Gym,2026-02-02 03:58:27.436738,2026-02-02 07:00:00,Mon,7,3.0257120173467418
R-078,Gym,2026-02-02 03:59:42.318700,2026-02-02 07:00:00,Mon,7,3.0049114722473242
R-101,Gym,2026-02-02 03:23:11.031676,2026-02-02 07:00:00,Mon,7,3.6136023123462984
R-084,Gym,2026-02-02 04:12:34.568145,2026-02-02 07:00:00,Mon,7,2.7903977376388425
R-017,Gym,2026-02-02 03:49:12.051745,2026-02-02 07:00:00,Mon,7,3.179985626319707
R-061,Pool,2026-02-02 03:42:20.432287,2026-02-02 07:00:00,Mon,7,3.294324364815251
R-111,Gym,2026-02-02 03:51:16.992417,2026-02-02 07:00:00,Mon,7,3.145279884073783
R-020,Gym,2026-02-02 04:09:27.414722,2026-02-02 07:00:00,Mon,7,2.842384799564584
R-073,Pool,2026-02-02 04:15:34.346086,2026-02-02 07:00:00,Mon,7,2.7404594204735986
R-015,Pool,2026-02-02 04:56:22.712064,2026-02-02 07:00:00,Mon,7,2.060357759934746
R-066,Gym,2026-02-02 03:13:11.745071,2026-02-02 07:00:00,Mon,7,3.7800708135515153
R-081,Gym,2026-02-02 04:13:41.307653,2026-02-02 07:00:00,Mon,7,2.771858985307765
R-108,Gym,2026-02-02 03:37:19.793677,2026-02-02 07:00:00,Mon,7,3.377835089819115
R-012,Gym,2026-02-02 03:39:21.789027,2026-02-02 07:00:00,Mon,7,3.3439474925170085
R-070,Gym,2026-02-02 04:24:20.486952,2026-02-02 07:00:00,Mon,7,2.594309179936667
R-003,Gym,2026-02-02 04:27:08.773232,2026-02-02 07:00:00,Mon,7,2.547562991232035
R-090,Gym,2026-02-02 05:33:12.978034,2026-02-02 07:00:00,Mon,7,1.4463949905462061
R-053,Gym,2026-02-02 04:45:53.499235,2026-02-02 07:00:00,Mon,7,2.235139101272931
R-091,Gym,2026-02-02 04:33:17.968734,2026-02-02 07:00:00,Mon,7,2.4450086849210004
R-109,Clubhouse,2026-02-02 01:35:50.071478,2026-02-02 08:00:00,Mon,8,6.402757922734766
R-036,Gym,2026-02-01 20:18:00.409183,2026-02-02 08:00:00,Mon,8,11.69988633800815
R-054,Badminton,2026-02-02 03:35:58.266414,2026-02-02 08:00:00,Mon,8,4.4004815517189035
R-080,Clubhouse,2026-02-01 23:56:38.638484,2026-02-02 12:00:00,Mon,12,12.055933754352852
R-052,Clubhouse,2026-02-01 22:41:42.007744,2026-02-02 12:00:00,Mon,12,13.30499784902381
R-071,Pool,2026-02-01 19:19:19.722932,2026-02-02 13:00:00,Mon,13,17.677854741178383
R-021,Clubhouse,2026-02-02 06:10:41.089736,2026-02-02 17:00:00,Mon,17,10.82191951785022
R-094,Gym,2026-02-02 14:52:06.220455,2026-02-02 18:00:00,Mon,18,3.1316054292732365
R-088,Gym,2026-02-02 15:02:29.003060,2026-02-02 18:00:00,Mon,18,2.958610261148697
R-118,Clubhouse,2026-02-02 10:54:26.634860,2026-02-02 19:00:00,Mon,19,8.092601427652989
R-019,Gym,2026-02-02 21:44:20.243114,2026-02-03 13:00:00,Tue,13,15.261043579443463
R-031,Gym,2026-02-03 00:50:36.858375,2026-02-03 15:00:00,Tue,15,14.156428229211738
R-095,Badminton,2026-02-02 19:12:40.940917,2026-02-03 19:00:00,Tue,19,23.788627522940835
R-024,Badminton,2026-02-02 19:21:28.626254,2026-02-03 19:00:00,Tue,19,23.642048262804167
R-010,Tennis,2026-02-03 06:33:36.729300,2026-02-03 19:00:00,Tue,19,12.439797416573345
R-056,Badminton,2026-02-02 19:20:43.014677,2026-02-03 19:00:00,Tue,19,23.65471814540823
R-002,Tennis,2026-02-02 18:47:11.287121,2026-02-03 19:00:00,Tue,19,24.21353135519462
R-038,Badminton,2026-02-02 21:38:03.478341,2026-02-03 19:00:00,Tue,19,21.365700460965
R-100,Badminton,2026-02-02 15:04:21.550202,2026-02-03 19:00:00,Tue,19,27.92734716619358
R-097,Tennis,2026-02-02 19:12:04.862934,2026-02-03 19:00:00,Tue,19,23.79864918499028
R-085,Tennis,2026-02-02 20:28:05.845417,2026-02-03 19:00:00,Tue,19,22.531709606346773
R-059,Badminton,2026-02-02 17:10:55.588224,2026-02-03 19:00:00,Tue,19,25.817892159916052
R-083,Tennis,2026-02-02 18:59:55.552950,2026-02-03 19:00:00,Tue,19,24.001235291726108
R-107,Badminton,2026-02-02 20:16:33.944779,2026-02-03 19:00:00,Tue,19,22.723904228045715
R-040,Tennis,2026-02-02 19:04:16.106754,2026-02-03 19:00:00,Tue,19,23.928859234903115
R-065,Tennis,2026-02-02 22:22:01.977695,2026-02-03 19:00:00,Tue,19,20.6327839735103
R-089,Badminton,2026-02-02 23:39:19.305984,2026-02-03 19:00:00,Tue,19,19.34463722665902
R-076,Badminton,2026-02-02 20:01:19.288168,2026-02-03 19:00:00,Tue,19,22.977975508971817
R-074,Tennis,2026-02-02 18:51:01.846786,2026-02-03 19:00:00,Tue,19,24.149487003945637
R-057,Badminton,2026-02-02 17:39:40.017918,2026-02-03 19:00:00,Tue,19,25.338883911566064
R-075,Tennis,2026-02-02 22:13:38.191794,2026-02-03 19:00:00,Tue,19,20.772724501583546
R-018,Badminton,2026-02-02 22:27:27.084095,2026-02-03 20:00:00,Tue,20,21.542476640181732
R-006,Badminton,2026-02-02 18:25:42.162978,2026-02-03 20:00:00,Tue,20,25.571621395065822
R-092,Badminton,2026-02-02 21:59:58.265566,2026-02-03 20:00:00,Tue,20,22.000481787091193
R-111,Pool,2026-02-04 03:28:30.534781,2026-02-04 07:00:00,Wed,7,3.524851449620707
R-020,Gym,2026-02-04 03:41:41.749061,2026-02-04 07:00:00,Wed,7,3.3050697052391684
R-101,Gym,2026-02-04 04:02:08.313683,2026-02-04 07:00:00,Wed,7,2.964357310278457
R-090,Gym,2026-02-04 04:24:57.959978,2026-02-04 07:00:00,Wed,7,2.5839000061680144
R-058,Gym,2026-02-04 04:06:23.364631,2026-02-04 07:00:00,Wed,7,2.8935098248276643
R-091,Gym,2026-02-04 04:19:10.132287,2026-02-04 07:00:00,Wed,7,2.6805188091236403
R-017,Gym,2026-02-04 04:04:41.559954,2026-02-04 07:00:00,Wed,7,2.921788901705161
R-087,Gym,2026-02-04 03:28:40.353209,2026-02-04 07:00:00,Wed,7,3.5221241085159165
R-061,Gym,2026-02-04 04:12:57.991778,2026-02-04 07:00:00,Wed,7,2.783891172699844
R-035,Pool,2026-02-04 04:04:32.624706,2026-02-04 07:00:00,Wed,7,2.924270915056206
R-084,Gym,2026-02-04 03:38:33.854171,2026-02-04 07:00:00,Wed,7,3.3572627303439266
R-015,Gym,2026-02-04 04:29:16.548571,2026-02-04 07:00:00,Wed,7,2.512069841469906
R-005,Gym,2026-02-04 03:18:24.603786,2026-02-04 07:00:00,Wed,7,3.69316561494127
R-070,Gym,2026-02-04 05:12:53.073063,2026-02-04 07:00:00,Wed,7,1.7852574824690421
R-055,Gym,2026-02-04 03:49:28.468524,2026-02-04 07:00:00,Wed,7,3.175425409893169
R-025,Gym,2026-02-04 04:27:26.975260,2026-02-04 07:00:00,Wed,7,2.542506872295421
R-073,Gym,2026-02-04 03:38:12.362741,2026-02-04 07:00:00,Wed,7,3.36323257191199
R-003,Gym,2026-02-04 04:10:35.530176,2026-02-04 07:00:00,Wed,7,2.8234638399730247
R-117,Gym,2026-02-04 03:27:23.413007,2026-02-04 07:00:00,Wed,7,3.5434963870378033
R-108,Gym,2026-02-04 04:11:33.733848,2026-02-04 07:00:00,Wed,7,2.8072961532734366
R-094,Gym,2026-02-04 03:59:47.694154,2026-02-04 07:00:00,Wed,7,3.0034182905247224
R-042,Gym,2026-02-04 03:52:39.893872,2026-02-04 07:00:00,Wed,7,3.1222517022994065
R-066,Gym,2026-02-04 04:09:30.770643,2026-02-04 07:00:00,Wed,7,2.8414525992051427
R-088,Gym,2026-02-04 03:05:20.282913,2026-02-04 07:00:00,Wed,7,3.9110325240772426
R-080,Tennis,2026-02-03 23:29:20.203138,2026-02-04 10:00:00,Wed,10,10.511054683869972
R-029,Pool,2026-02-03 23:18:59.823538,2026-02-04 15:00:00,Wed,15,15.683382350530785
R-049,Gym,2026-02-04 15:19:25.754583,2026-02-04 18:00:00,Wed,18,2.6761792824653803
R-053,Gym,2026-02-04 15:21:20.786632,2026-02-04 18:00:00,Wed,18,2.644225935564404
R-114,Badminton,2026-02-04 08:58:34.758007,2026-02-04 18:00:00,Wed,18,9.023678331510762
R-012,Gym,2026-02-04 14:57:15.307623,2026-02-04 18:00:00,Wed,18,3.0457478823640987
R-046,Gym,2026-02-04 17:30:20.680373,2026-02-05 09:00:00,Thu,9,15.49425545180653
R-120,Pool,2026-02-04 23:55:14.665622,2026-02-05 12:00:00,Thu,12,12.07925954955107
R-114,Pool,2026-02-05 05:01:38.486156,2026-02-05 13:00:00,Thu,13,7.972642734411447
R-063,Tennis,2026-02-05 01:09:49.953488,2026-02-05 14:00:00,Thu,14,12.836124031203312
R-034,Clubhouse,2026-02-05 02:55:51.967339,2026-02-05 17:00:00,Thu,17,14.068897961298074
R-006,Tennis,2026-02-04 20:18:20.110383,2026-02-05 19:00:00,Thu,19,22.69441378238374
R-057,Tennis,2026-02-04 16:08:41.389801,2026-02-05 19:00:00,Thu,19,26.855169499654373
R-092,Badminton,2026-02-04 20:06:22.576933,2026-02-05 19:00:00,Thu,19,22.893728629838563
R-056,Badminton,2026-02-04 16:08:30.913656,2026-02-05 19:00:00,Thu,19,26.858079539995177
R-089,Badminton,2026-02-04 16:59:39.895763,2026-02-05 19:00:00,Thu,19,26.005584510278577
R-095,Badminton,2026-02-04 18:56:06.241362,2026-02-05 19:00:00,Thu,19,24.06493295495512
R-059,Tennis,2026-02-04 16:09:08.244662,2026-02-05 19:00:00,Thu,19,26.84770981619921
R-072,Tennis,2026-02-04 19:14:25.004435,2026-02-05 19:00:00,Thu,19,23.759720990256607
R-085,Badminton,2026-02-04 18:20:31.980144,2026-02-05 19:00:00,Thu,19,24.65778329325119
R-116,Tennis,2026-02-04 17:02:55.039524,2026-02-05 19:00:00,Thu,19,25.951377910029297
R-083,Badminton,2026-02-04 20:10:49.160971,2026-02-05 19:00:00,Thu,19,22.819677508149272
R-040,Tennis,2026-02-04 16:36:10.021693,2026-02-05 19:00:00,Thu,19,26.39721619649002
R-076,Badminton,2026-02-04 18:22:11.770156,2026-02-05 19:00:00,Thu,19,24.63006384544138
R-107,Badminton,2026-02-04 21:26:42.310518,2026-02-05 19:00:00,Thu,19,21.55491374507116
R-100,Tennis,2026-02-04 23:24:22.703482,2026-02-05 19:00:00,Thu,19,19.593693477331097
R-024,Tennis,2026-02-04 17:13:14.394324,2026-02-05 19:00:00,Thu,19,25.77933491008528
R-038,Tennis,2026-02-04 18:21:18.835529,2026-02-05 19:00:00,Thu,19,24.644767908487054
R-097,Tennis,2026-02-04 19:34:27.495191,2026-02-05 19:00:00,Thu,19,23.42569578022902
R-018,Tennis,2026-02-04 16:21:44.534829,2026-02-05 19:00:00,Thu,19,26.637629214212566
R-002,Badminton,2026-02-04 23:16:07.418071,2026-02-05 20:00:00,Thu,20,20.73127275814937
R-023,Tennis,2026-02-04 20:41:31.247362,2026-02-05 20:00:00,Thu,20,23.307986843961153
R-074,Tennis,2026-02-04 21:33:31.500425,2026-02-05 20:00:00,Thu,20,22.441249882075407
R-017,Gym,2026-02-06 03:19:53.940087,2026-02-06 07:00:00,Fri,7,3.668349975784898
R-061,Gym,2026-02-06 03:51:54.527026,2026-02-06 07:00:00,Fri,7,3.1348536039879136
R-111,Pool,2026-02-06 03:39:41.055229,2026-02-06 07:00:00,Fri,7,3.338595769632387
R-003,Gym,2026-02-06 03:30:01.512882,2026-02-06 07:00:00,Fri,7,3.4995797551150556
R-073,Gym,2026-02-06 03:13:35.749452,2026-02-06 07:00:00,Fri,7,3.7734029299416174
R-058,Gym,2026-02-06 04:10:48.223477,2026-02-06 07:00:00,Fri,7,2.8199379230316644
R-094,Gym,2026-02-06 04:23:47.563602,2026-02-06 07:00:00,Fri,7,2.603454554901756
R-078,Gym,2026-02-06 03:45:04.438539,2026-02-06 07:00:00,Fri,7,3.2487670725249185
R-005,Gym,2026-02-06 03:08:50.004785,2026-02-06 07:00:00,Fri,7,3.8527764486746854
R-090,Gym,2026-02-06 03:27:46.408774,2026-02-06 07:00:00,Fri,7,3.5371086738821655
R-101,Gym,2026-02-06 02:53:30.149100,2026-02-06 07:00:00,Fri,7,4.108291916745019
R-049,Gym,2026-02-06 04:03:17.780079,2026-02-06 07:00:00,Fri,7,2.945061089223554
R-055,Gym,2026-02-06 04:08:49.106694,2026-02-06 07:00:00,Fri,7,2.8530259183875213
R-066,Pool,2026-02-06 04:03:50.840723,2026-02-06 07:00:00,Fri,7,2.9358775769201038
R-117,Gym,2026-02-06 05:03:22.750758,2026-02-06 07:00:00,Fri,7,1.9436803450919593
R-087,Pool,2026-02-06 03:53:32.793032,2026-02-06 07:00:00,Fri,7,3.107557491125401
R-091,Gym,2026-02-06 04:13:03.830850,2026-02-06 07:00:00,Fri,7,2.7822692083361904
R-081,Gym,2026-02-06 03:30:23.320202,2026-02-06 07:00:00,Fri,7,3.493522165998701
R-084,Pool,2026-02-06 04:16:03.184848,2026-02-06 07:00:00,Fri,7,2.7324486533236008
R-035,Gym,2026-02-06 04:16:14.486526,2026-02-06 07:00:00,Fri,7,2.729309298352059
R-012,Gym,2026-02-06 03:56:38.852017,2026-02-06 07:00:00,Fri,7,3.0558744395890693
R-020,Gym,2026-02-06 04:19:54.128272,2026-02-06 07:00:00,Fri,7,2.668297702224943
R-025,Gym,2026-02-06 04:40:42.239773,2026-02-06 07:00:00,Fri,7,2.321600063022128
R-054,Pool,2026-02-05 18:42:38.031092,2026-02-06 08:00:00,Fri,8,13.289435807879473
R-108,Gym,2026-02-06 14:29:36.399819,2026-02-06 18:00:00,Fri,18,3.5065556059554224
R-015,Gym,2026-02-06 14:57:18.166261,2026-02-06 18:00:00,Fri,18,3.044953816287846
R-070,Gym,2026-02-06 13:51:11.612289,2026-02-06 18:00:00,Fri,18,4.146774364137891
R-019,Gym,2026-02-06 21:47:40.398509,2026-02-07 08:00:00,Sat,8,10.20544485847259
R-120,Pool,2026-02-07 01:28:48.446819,2026-02-07 10:00:00,Sat,10,8.519875883589009
R-046,Pool,2026-02-07 00:33:41.551751,2026-02-07 13:00:00,Sat,13,12.438457846964834
R-082,Clubhouse,2026-02-07 09:40:56.166216,2026-02-07 15:00:00,Sat,15,5.317731606667449
R-086,Pool,2026-02-07 10:06:00.478755,2026-02-07 15:00:00,Sat,15,4.899867012431326
R-093,Pool,2026-02-07 08:34:53.820824,2026-02-07 15:00:00,Sat,15,6.418383104391639
R-045,Pool,2026-02-07 08:55:39.305411,2026-02-07 15:00:00,Sat,15,6.072415163548289
R-011,Pool,2026-02-07 11:21:13.051479,2026-02-07 15:00:00,Sat,15,3.6463745891528787
R-007,Clubhouse,2026-02-07 09:44:22.399699,2026-02-07 15:00:00,Sat,15,5.260444528016877
R-067,Pool,2026-02-07 10:35:28.134056,2026-02-07 15:00:00,Sat,15,4.408851650983717
R-026,Clubhouse,2026-02-07 07:53:49.814095,2026-02-07 15:00:00,Sat,15,7.102829418105497
R-050,Pool,2026-02-07 08:34:27.226315,2026-02-07 15:00:00,Sat,15,6.425770468135593
R-103,Pool,2026-02-07 08:23:47.420188,2026-02-07 15:00:00,Sat,15,6.6034943921368505
R-008,Pool,2026-02-07 08:28:15.156921,2026-02-07 15:00:00,Sat,15,6.529123077540358
R-112,Clubhouse,2026-02-07 08:26:45.763222,2026-02-07 15:00:00,Sat,15,6.553954660504232
R-102,Pool,2026-02-07 10:09:36.652224,2026-02-07 15:00:00,Sat,15,4.839818826706208
R-022,Pool,2026-02-07 07:05:03.822830,2026-02-07 15:00:00,Sat,15,7.915604769527925
R-028,Pool,2026-02-07 10:27:58.296767,2026-02-07 15:00:00,Sat,15,4.533806453647228
R-009,Pool,2026-02-07 07:19:32.116948,2026-02-07 15:00:00,Sat,15,7.674411958792083
R-051,Pool,2026-02-07 09:19:14.389868,2026-02-07 15:00:00,Sat,15,5.679336147704738
R-105,Clubhouse,2026-02-07 09:51:52.760362,2026-02-07 15:00:00,Sat,15,5.135344343821149
R-013,Pool,2026-02-07 08:35:00.566184,2026-02-07 15:00:00,Sat,15,6.416509393261873
R-119,Pool,2026-02-07 09:32:57.409483,2026-02-07 15:00:00,Sat,15,5.450719588022434
R-060,Clubhouse,2026-02-07 08:28:58.210074,2026-02-07 15:00:00,Sat,15,6.517163868379597
R-043,Pool,2026-02-07 10:10:31.990030,2026-02-07 15:00:00,Sat,15,4.824447213999958
R-079,Pool,2026-02-07 08:04:43.921139,2026-02-07 15:00:00,Sat,15,6.921133016812142
R-016,Pool,2026-02-07 10:06:50.776243,2026-02-07 15:00:00,Sat,15,4.885895488170207
R-039,Pool,2026-02-07 09:00:39.733199,2026-02-07 15:00:00,Sat,15,5.988963000140792
R-098,Clubhouse,2026-02-07 10:04:28.495973,2026-02-07 15:00:00,Sat,15,4.925417785169707
R-064,Pool,2026-02-07 08:36:45.441505,2026-02-07 15:00:00,Sat,15,6.387377359640235
R-096,Pool,2026-02-07 10:29:34.284544,2026-02-07 15:00:00,Sat,15,4.507143182212522
R-077,Clubhouse,2026-02-07 07:06:24.990688,2026-02-07 15:00:00,Sat,15,7.893058142108425
R-014,Clubhouse,2026-02-07 10:32:29.332321,2026-02-07 15:00:00,Sat,15,4.458518799620949
R-030,Pool,2026-02-07 09:31:58.334620,2026-02-07 15:00:00,Sat,15,5.467129272300498
R-041,Pool,2026-02-07 09:58:02.712683,2026-02-07 15:00:00,Sat,15,5.032579810187119
R-032,Pool,2026-02-07 09:40:29.149641,2026-02-07 16:00:00,Sat,16,6.325236210881489
R-110,Pool,2026-02-07 10:50:20.039147,2026-02-07 16:00:00,Sat,16,5.161100236842086
R-044,Pool,2026-02-07 11:18:04.638208,2026-02-07 16:00:00,Sat,16,4.698711608898155
R-068,Pool,2026-02-07 10:41:31.401704,2026-02-07 16:00:00,Sat,16,5.307943971238813
R-004,Clubhouse,2026-02-07 10:30:03.879165,2026-02-07 16:00:00,Sat,16,5.498922454188161
R-057,Badminton,2026-02-06 19:22:21.614556,2026-02-07 19:00:00,Sat,19,23.62732928997954
R-040,Badminton,2026-02-06 18:03:55.750419,2026-02-07 19:00:00,Sat,19,24.934513772537795
R-095,Tennis,2026-02-06 16:19:18.400271,2026-02-07 19:00:00,Sat,19,26.678222147083016
R-023,Tennis,2026-02-06 17:10:54.633650,2026-02-07 19:00:00,Sat,19,25.818157319508956
R-034,Badminton,2026-02-07 03:07:10.148892,2026-02-07 19:00:00,Sat,19,15.880514196706272
R-075,Badminton,2026-02-06 17:15:18.274170,2026-02-07 19:00:00,Sat,19,25.744923841673515
R-056,Badminton,2026-02-06 21:42:08.269191,2026-02-07 19:00:00,Sat,19,21.29770300241387
R-076,Badminton,2026-02-06 20:07:32.857895,2026-02-07 19:00:00,Sat,19,22.874206140188292
R-072,Tennis,2026-02-06 18:55:43.915978,2026-02-07 19:00:00,Sat,19,24.071134450593608
R-083,Tennis,2026-02-06 19:36:40.619093,2026-02-07 19:00:00,Sat,19,23.38871691868873
R-065,Tennis,2026-02-06 17:10:59.749807,2026-02-07 19:00:00,Sat,19,25.816736164631116
R-089,Tennis,2026-02-06 18:07:12.447775,2026-02-07 19:00:00,Sat,19,24.87987561800218
R-116,Badminton,2026-02-06 16:47:10.671728,2026-02-07 19:00:00,Sat,19,26.213702297651146
R-038,Badminton,2026-02-06 21:56:44.430614,2026-02-07 19:00:00,Sat,19,21.054324829510787
R-006,Badminton,2026-02-06 18:16:04.232694,2026-02-07 19:00:00,Sat,19,24.732157584901003
R-074,Badminton,2026-02-06 20:51:55.427087,2026-02-07 19:00:00,Sat,19,22.134603587030174
R-097,Badminton,2026-02-06 12:59:54.899191,2026-02-07 19:00:00,Sat,19,30.00141689125344
R-002,Tennis,2026-02-06 20:42:47.330636,2026-02-07 19:00:00,Sat,19,22.286852601098452
R-024,Badminton,2026-02-06 19:21:28.193421,2026-02-07 19:00:00,Sat,19,23.64216849414435
R-059,Tennis,2026-02-06 17:15:12.539616,2026-02-07 19:00:00,Sat,19,25.746516773399797
R-069,Tennis,2026-02-06 18:25:19.136097,2026-02-07 19:00:00,Sat,19,24.57801775091743
R-107,Badminton,2026-02-06 21:49:56.242594,2026-02-07 20:00:00,Sat,20,22.167710390450345
R-085,Badminton,2026-02-06 19:30:20.848898,2026-02-07 20:00:00,Sat,20,24.494208639441673
R-092,Badminton,2026-02-06 18:30:46.500605,2026-02-07 20:00:00,Sat,20,25.48708316530998
R-048,Pool,2026-02-07 19:58:51.816961,2026-02-08 08:00:00,Sun,8,12.01893973295536
R-071,Gym,2026-02-08 01:15:24.750852,2026-02-08 08:00:00,Sun,8,6.743124763198697
R-054,Tennis,2026-02-07 19:25:08.222019,2026-02-08 10:00:00,Sun,10,14.581049439106184
R-113,Gym,2026-02-08 01:19:51.273394,2026-02-08 12:00:00,Sun,12,10.669090723996664
R-109,Badminton,2026-02-08 01:24:48.199757,2026-02-08 13:00:00,Sun,13,11.586611178512397
R-052,Tennis,2026-02-07 23:08:23.435267,2026-02-08 14:00:00,Sun,14,14.860156870235057
R-105,Pool,2026-02-08 08:22:51.664231,2026-02-08 15:00:00,Sun,15,6.618982158145031
R-112,Pool,2026-02-08 09:25:27.832548,2026-02-08 15:00:00,Sun,15,5.5756020700321915
R-043,Pool,2026-02-08 09:13:31.232032,2026-02-08 15:00:00,Sun,15,5.774657768900106
R-068,Pool,2026-02-08 10:36:48.428636,2026-02-08 15:00:00,Sun,15,4.386547600975133
R-044,Pool,2026-02-08 10:10:41.363026,2026-02-08 15:00:00,Sun,15,4.821843604014472
R-079,Pool,2026-02-08 09:26:34.162031,2026-02-08 15:00:00,Sun,15,5.557177213517022
R-026,Pool,2026-02-08 08:41:27.367704,2026-02-08 15:00:00,Sun,15,6.309064526649044
R-093,Pool,2026-02-08 09:27:13.894938,2026-02-08 15:00:00,Sun,15,5.546140294876857
R-016,Pool,2026-02-08 08:43:29.999693,2026-02-08 15:00:00,Sun,15,6.2750000851860115
R-110,Pool,2026-02-08 09:57:09.997387,2026-02-08 15:00:00,Sun,15,5.047222947957798
R-062,Pool,2026-02-08 08:03:17.462807,2026-02-08 15:00:00,Sun,15,6.945149220388393
R-067,Clubhouse,2026-02-08 08:06:50.838670,2026-02-08 15:00:00,Sun,15,6.885878147231136
R-011,Pool,2026-02-08 10:12:42.648520,2026-02-08 15:00:00,Sun,15,4.7881531888426405
R-047,Pool,2026-02-08 08:06:56.244204,2026-02-08 15:00:00,Sun,15,6.884376610038227
R-045,Pool,2026-02-08 08:38:15.347207,2026-02-08 15:00:00,Sun,15,6.36240355365277
R-060,Pool,2026-02-08 10:02:04.835954,2026-02-08 15:00:00,Sun,15,4.965323346151347
R-030,Pool,2026-02-08 08:24:49.497376,2026-02-08 15:00:00,Sun,15,6.586250728842571
R-098,Pool,2026-02-08 08:03:18.183650,2026-02-08 15:00:00,Sun,15,6.944948986134773
R-014,Pool,2026-02-08 08:50:53.637012,2026-02-08 15:00:00,Sun,15,6.151767496537038
R-004,Clubhouse,2026-02-08 09:00:25.491946,2026-02-08 15:00:00,Sun,15,5.992918903964733
R-102,Pool,2026-02-08 09:46:29.115798,2026-02-08 15:00:00,Sun,15,5.225245611652246
R-041,Clubhouse,2026-02-08 10:38:17.044295,2026-02-08 15:00:00,Sun,15,4.361932140253757
R-103,Pool,2026-02-08 08:54:48.450968,2026-02-08 15:00:00,Sun,15,6.086541397847761
R-028,Clubhouse,2026-02-08 08:58:16.802191,2026-02-08 15:00:00,Sun,15,6.028666058107295
R-096,Pool,2026-02-08 09:26:10.907574,2026-02-08 15:00:00,Sun,15,5.563636784983728
R-032,Clubhouse,2026-02-08 09:06:25.505106,2026-02-08 15:00:00,Sun,15,5.8929152483605165
R-039,Pool,2026-02-08 10:27:09.639337,2026-02-08 15:00:00,Sun,15,4.5473224062599
R-064,Pool,2026-02-08 07:42:13.242740,2026-02-08 15:00:00,Sun,15,7.2963214611746325
R-007,Pool,2026-02-08 11:22:29.493148,2026-02-08 15:00:00,Sun,15,3.625140792336583
R-008,Pool,2026-02-08 07:12:50.678462,2026-02-08 15:00:00,Sun,15,7.785922649312786
R-022,Pool,2026-02-08 06:42:01.548372,2026-02-08 15:00:00,Sun,15,8.299569896699895
R-077,Pool,2026-02-08 09:09:18.737668,2026-02-08 15:00:00,Sun,15,5.8447950922632605
R-009,Clubhouse,2026-02-08 07:59:43.136578,2026-02-08 15:00:00,Sun,15,7.004684283902566
R-051,Pool,2026-02-08 08:51:05.284091,2026-02-08 15:00:00,Sun,15,6.148532196889142
R-013,Pool,2026-02-08 09:28:11.672820,2026-02-08 15:00:00,Sun,15,5.530090883304351
R-119,Clubhouse,2026-02-08 10:10:47.277964,2026-02-08 16:00:00,Sun,16,5.820200565441224
R-050,Pool,2026-02-08 10:22:39.009454,2026-02-08 16:00:00,Sun,16,5.622497373962467
R-104,Badminton,2026-02-07 22:16:26.753512,2026-02-08 17:00:00,Sun,17,18.725901802257013
R-005,Gym,2026-02-09 04:08:08.299928,2026-02-09 07:00:00,Mon,7,2.864361131115878
R-015,Gym,2026-02-09 03:44:47.900066,2026-02-09 07:00:00,Mon,7,3.2533610928977312
R-061,Gym,2026-02-09 04:06:00.882644,2026-02-09 07:00:00,Mon,7,2.8997548211236333
R-084,Gym,2026-02-09 03:48:59.808587,2026-02-09 07:00:00,Mon,7,3.1833865035219993
R-049,Gym,2026-02-09 03:20:49.353013,2026-02-09 07:00:00,Mon,7,3.6529574962521436
R-081,Gym,2026-02-09 03:47:18.553494,2026-02-09 07:00:00,Mon,7,3.211512918343463
R-094,Gym,2026-02-09 04:12:54.918182,2026-02-09 07:00:00,Mon,7,2.784744949335626
R-003,Gym,2026-02-09 04:13:59.881414,2026-02-09 07:00:00,Mon,7,2.766699607230038
R-078,Gym,2026-02-09 03:40:57.666787,2026-02-09 07:00:00,Mon,7,3.317314781296463
R-117,Pool,2026-02-09 03:59:15.061339,2026-02-09 07:00:00,Mon,7,3.0124829614436766
R-090,Gym,2026-02-09 03:14:35.051838,2026-02-09 07:00:00,Mon,7,3.7569300449629974
R-111,Gym,2026-02-09 04:15:23.242069,2026-02-09 07:00:00,Mon,7,2.7435438695958574
R-091,Gym,2026-02-09 04:19:50.519536,2026-02-09 07:00:00,Mon,7,2.6693001287592555
R-042,Gym,2026-02-09 04:11:52.490570,2026-02-09 07:00:00,Mon,7,2.80208595278155
R-012,Gym,2026-02-09 03:37:17.717709,2026-02-09 07:00:00,Mon,7,3.3784117476332
R-070,Gym,2026-02-09 04:28:34.513274,2026-02-09 07:00:00,Mon,7,2.523746312808389
R-108,Gym,2026-02-09 04:10:47.135640,2026-02-09 07:00:00,Mon,7,2.8202400999087875
R-066,Gym,2026-02-09 04:00:56.758177,2026-02-09 07:00:00,Mon,7,2.984233839832018
R-101,Gym,2026-02-09 03:50:13.543281,2026-02-09 07:00:00,Mon,7,3.162904644203387
R-017,Gym,2026-02-09 04:11:43.353337,2026-02-09 07:00:00,Mon,7,2.8046240731316274
R-020,Gym,2026-02-09 04:23:49.606007,2026-02-09 07:00:00,Mon,7,2.6028872201899085
R-058,Gym,2026-02-09 02:46:47.271826,2026-02-09 07:00:00,Mon,7,4.220202270500371
R-052,Badminton,2026-02-08 21:05:41.397583,2026-02-09 08:00:00,Mon,8,10.905167337928154
R-109,Tennis,2026-02-08 20:35:15.596642,2026-02-09 10:00:00,Mon,10,13.41233426600193
R-001,Badminton,2026-02-09 01:09:11.981815,2026-02-09 11:00:00,Mon,11,9.846671718149125
R-054,Gym,2026-02-08 21:52:10.908208,2026-02-09 11:00:00,Mon,11,13.130303275690318
R-088,Gym,2026-02-09 16:13:33.429629,2026-02-09 18:00:00,Mon,18,1.7740473251755309
R-035,Gym,2026-02-09 14:09:39.521356,2026-02-09 18:00:00,Mon,18,3.8390218455411573
R-055,Pool,2026-02-09 15:56:47.726943,2026-02-09 18:00:00,Mon,18,2.053409182500437
R-053,Gym,2026-02-09 15:35:41.247995,2026-02-09 18:00:00,Mon,18,2.4052088902196864
R-025,Gym,2026-02-09 14:58:05.739283,2026-02-09 18:00:00,Mon,18,3.0317390879353825
R-048,Badminton,2026-02-09 21:44:26.037205,2026-02-10 08:00:00,Tue,8,10.25943410964518
R-115,Badminton,2026-02-09 21:15:43.206694,2026-02-10 11:00:00,Tue,11,13.737998140642457
R-118,Tennis,2026-02-10 11:08:27.004861,2026-02-10 18:00:00,Tue,18,6.859165316472097
R-002,Badminton,2026-02-09 18:51:05.098898,2026-02-10 19:00:00,Tue,19,24.148583639456962
R-024,Badminton,2026-02-09 18:27:36.483087,2026-02-10 19:00:00,Tue,19,24.539865809301972
R-083,Tennis,2026-02-09 19:40:14.483781,2026-02-10 19:00:00,Tue,19,23.329310060953937
R-076,Tennis,2026-02-09 20:18:00.915480,2026-02-10 19:00:00,Tue,19,22.69974569998073
R-023,Badminton,2026-02-09 23:56:27.518414,2026-02-10 19:00:00,Tue,19,19.059022662651575
R-006,Tennis,2026-02-09 20:27:15.105078,2026-02-10 19:00:00,Tue,19,22.54580414495294
R-085,Badminton,2026-02-09 18:15:34.316028,2026-02-10 19:00:00,Tue,19,24.740467769877167
R-107,Badminton,2026-02-09 16:46:50.414848,2026-02-10 19:00:00,Tue,19,26.21932920875426
R-040,Tennis,2026-02-09 19:29:58.013912,2026-02-10 19:00:00,Tue,19,23.5005516910934
R-065,Badminton,2026-02-09 17:58:08.744612,2026-02-10 19:00:00,Tue,19,25.030904274577413
R-097,Tennis,2026-02-09 16:56:45.709310,2026-02-10 19:00:00,Tue,19,26.053969635992686
R-092,Tennis,2026-02-09 17:36:40.652233,2026-02-10 19:00:00,Tue,19,25.38870771316513
R-056,Tennis,2026-02-09 20:47:48.218772,2026-02-10 19:00:00,Tue,19,22.203272563390197
R-089,Badminton,2026-02-09 21:16:57.237267,2026-02-10 19:00:00,Tue,19,21.717434092446858
R-059,Tennis,2026-02-09 20:07:06.017684,2026-02-10 19:00:00,Tue,19,22.88166175454495
R-057,Tennis,2026-02-09 19:26:01.988404,2026-02-10 19:00:00,Tue,19,23.56611433218154
R-072,Badminton,2026-02-09 22:20:45.262023,2026-02-10 19:00:00,Tue,19,20.654093882595042
R-069,Badminton,2026-02-09 14:12:14.320404,2026-02-10 19:00:00,Tue,19,28.796022110042685
R-038,Tennis,2026-02-10 00:37:38.839063,2026-02-10 20:00:00,Tue,20,19.372544704609044
R-075,Tennis,2026-02-09 20:17:23.670952,2026-02-10 20:00:00,Tue,20,23.710091402225878
R-117,Gym,2026-02-11 04:34:46.698806,2026-02-11 07:00:00,Wed,7,2.420361442886584
R-061,Gym,2026-02-11 04:12:42.297668,2026-02-11 07:00:00,Wed,7,2.788250647644345
R-088,Gym,2026-02-11 04:14:24.602968,2026-02-11 07:00:00,Wed,7,2.759832508969003
R-055,Pool,2026-02-11 03:28:30.144052,2026-02-11 07:00:00,Wed,7,3.52495998548377
R-020,Gym,2026-02-11 04:13:59.246872,2026-02-11 07:00:00,Wed,7,2.7668758689778925
R-081,Gym,2026-02-11 04:38:24.311031,2026-02-11 07:00:00,Wed,7,2.3599136024342586
R-111,Gym,2026-02-11 02:25:07.912323,2026-02-11 07:00:00,Wed,7,4.581135465778946
R-066,Gym,2026-02-11 04:16:16.569523,2026-02-11 07:00:00,Wed,7,2.728730688187399
R-035,Gym,2026-02-11 04:13:52.595863,2026-02-11 07:00:00,Wed,7,2.768723371295701
R-087,Gym,2026-02-11 04:00:05.543368,2026-02-11 07:00:00,Wed,7,2.9984601754988702
R-003,Gym,2026-02-11 03:19:54.298228,2026-02-11 07:00:00,Wed,7,3.6682504922276404
R-090,Gym,2026-02-11 03:36:48.255659,2026-02-11 07:00:00,Wed,7,3.3865956502000154
R-094,Gym,2026-02-11 04:16:18.617053,2026-02-11 07:00:00,Wed,7,2.7281619296304767
R-078,Gym,2026-02-11 04:37:44.088743,2026-02-11 07:00:00,Wed,7,2.371086460190167
R-073,Gym,2026-02-11 04:26:16.719109,2026-02-11 07:00:00,Wed,7,2.562022469629337
R-058,Gym,2026-02-11 04:18:28.041431,2026-02-11 07:00:00,Wed,7,2.69221071347498
R-005,Gym,2026-02-11 03:09:48.116469,2026-02-11 07:00:00,Wed,7,3.836634314291186
R-053,Gym,2026-02-11 03:50:57.561332,2026-02-11 07:00:00,Wed,7,3.1506774078733093
R-025,Gym,2026-02-11 03:43:45.611622,2026-02-11 07:00:00,Wed,7,3.270663438340907
R-012,Gym,2026-02-11 03:49:45.645131,2026-02-11 07:00:00,Wed,7,3.1706541302737943
R-049,Gym,2026-02-11 05:26:46.672822,2026-02-11 07:00:00,Wed,7,1.5537019938292782
R-084,Gym,2026-02-11 03:52:47.672081,2026-02-11 07:00:00,Wed,7,3.120091088654724
R-101,Gym,2026-02-11 03:54:50.870655,2026-02-11 07:00:00,Wed,7,3.085869262405687
R-017,Gym,2026-02-11 03:49:55.028870,2026-02-11 07:00:00,Wed,7,3.1680475361777725
R-036,Tennis,2026-02-10 22:55:30.266936,2026-02-11 10:00:00,Wed,10,11.074925851030914
R-037,Tennis,2026-02-10 21:14:59.566647,2026-02-11 11:00:00,Wed,11,13.750120375787839
R-080,Clubhouse,2026-02-11 03:06:19.650595,2026-02-11 12:00:00,Wed,12,8.894541501399257
R-054,Badminton,2026-02-10 22:15:03.645819,2026-02-11 13:00:00,Wed,13,14.748987272539107
R-010,Gym,2026-02-11 02:17:00.161055,2026-02-11 13:00:00,Wed,13,10.716621929167177
R-071,Pool,2026-02-11 09:21:38.485706,2026-02-11 17:00:00,Wed,17,7.639309526120629
R-091,Gym,2026-02-11 14:39:03.662835,2026-02-11 18:00:00,Wed,18,3.3489825459021088
R-015,Gym,2026-02-11 14:35:20.009589,2026-02-11 18:00:00,Wed,18,3.411108447528731
R-070,Gym,2026-02-11 15:16:40.600273,2026-02-11 18:00:00,Wed,18,2.7220554797297605
R-031,Badminton,2026-02-11 22:49:32.671715,2026-02-12 08:00:00,Thu,8,9.174257857004703
R-115,Tennis,2026-02-12 02:44:22.319127,2026-02-12 10:00:00,Thu,10,7.26046690921022
R-063,Pool,2026-02-12 11:56:54.950345,2026-02-12 17:00:00,Thu,17,5.051402681939095
R-057,Tennis,2026-02-11 18:37:09.799946,2026-02-12 19:00:00,Thu,19,24.38061112603835
R-023,Badminton,2026-02-11 18:24:37.740414,2026-02-12 19:00:00,Thu,19,24.589516551642433
R-116,Tennis,2026-02-11 21:15:42.183590,2026-02-12 19:00:00,Thu,19,21.7382823360775
R-024,Badminton,2026-02-11 18:01:17.309397,2026-02-12 19:00:00,Thu,19,24.978525167577125
R-100,Badminton,2026-02-11 19:44:07.303351,2026-02-12 19:00:00,Thu,19,23.264637958019637
R-085,Badminton,2026-02-11 17:32:12.807897,2026-02-12 19:00:00,Thu,19,25.463108917394383
R-074,Badminton,2026-02-11 21:30:28.648595,2026-02-12 19:00:00,Thu,19,21.492042057020058
R-018,Badminton,2026-02-11 17:59:24.246351,2026-02-12 19:00:00,Thu,19,25.009931569048113
R-065,Tennis,2026-02-11 17:43:18.987541,2026-02-12 19:00:00,Thu,19,25.278059016382166
R-083,Badminton,2026-02-11 20:34:04.524757,2026-02-12 19:00:00,Thu,19,22.432076456432604
R-097,Badminton,2026-02-11 19:31:45.738090,2026-02-12 19:00:00,Thu,19,23.47062830838148
R-006,Badminton,2026-02-11 17:53:34.270498,2026-02-12 19:00:00,Thu,19,25.107147083794192
R-002,Tennis,2026-02-11 18:06:25.521244,2026-02-12 19:00:00,Thu,19,24.892910765660638
R-038,Badminton,2026-02-11 21:34:14.654400,2026-02-12 19:00:00,Thu,19,21.42926266675216
R-092,Badminton,2026-02-11 16:57:15.628518,2026-02-12 19:00:00,Thu,19,26.04565874502127
R-059,Badminton,2026-02-11 20:13:19.797920,2026-02-12 19:00:00,Thu,19,22.777833911188726
R-089,Badminton,2026-02-11 16:35:10.999355,2026-02-12 19:00:00,Thu,19,26.41361129032106
R-107,Badminton,2026-02-11 15:36:16.084137,2026-02-12 19:00:00,Thu,19,27.395532184099267
R-035,Pool,2026-02-13 03:49:58.852638,2026-02-13 07:00:00,Fri,7,3.1669853782215363
R-053,Gym,2026-02-13 04:24:50.090265,2026-02-13 07:00:00,Fri,7,2.5860860373676866
R-111,Gym,2026-02-13 04:55:17.130557,2026-02-13 07:00:00,Fri,7,2.0785748454142206
R-101,Gym,2026-02-13 03:38:49.547785,2026-02-13 07:00:00,Fri,7,3.3529033931642362
R-003,Gym,2026-02-13 03:35:26.874179,2026-02-13 07:00:00,Fri,7,3.409201616909647
R-061,Pool,2026-02-13 03:43:19.434773,2026-02-13 07:00:00,Fri,7,3.2779347853221372
R-070,Gym,2026-02-13 04:06:52.932981,2026-02-13 07:00:00,Fri,7,2.8852963943039516
R-055,Gym,2026-02-13 03:29:01.592156,2026-02-13 07:00:00,Fri,7,3.5162244011244743
R-084,Gym,2026-02-13 05:04:53.690622,2026-02-13 07:00:00,Fri,7,1.9184192715995503
R-081,Gym,2026-02-13 03:46:53.184034,2026-02-13 07:00:00,Fri,7,3.2185599905752533
R-005,Gym,2026-02-13 03:42:05.710954,2026-02-13 07:00:00,Fri,7,3.2984136238121624
R-073,Gym,2026-02-13 04:35:19.237311,2026-02-13 07:00:00,Fri,7,2.411322969109163
R-094,Gym,2026-02-13 03:34:56.860704,2026-02-13 07:00:00,Fri,7,3.41753869320366
R-017,Gym,2026-02-13 04:04:09.864075,2026-02-13 07:00:00,Fri,7,2.9305933126017973
R-049,Gym,2026-02-13 04:40:05.555793,2026-02-13 07:00:00,Fri,7,2.331790057411439
R-020,Gym,2026-02-13 04:13:49.540197,2026-02-13 07:00:00,Fri,7,2.7695721674785974
R-088,Gym,2026-02-13 03:20:51.083761,2026-02-13 07:00:00,Fri,7,3.652476732983593
R-091,Gym,2026-02-13 04:43:00.777571,2026-02-13 07:00:00,Fri,7,2.2831173413542003
R-090,Gym,2026-02-13 03:58:28.043201,2026-02-13 07:00:00,Fri,7,3.0255435552698873
R-015,Gym,2026-02-13 03:42:41.743805,2026-02-13 07:00:00,Fri,7,3.288404498655748
R-012,Gym,2026-02-13 04:58:46.265275,2026-02-13 07:00:00,Fri,7,2.020481868090738
R-052,Gym,2026-02-12 20:03:54.728049,2026-02-13 09:00:00,Fri,9,12.934797764138539
R-029,Pool,2026-02-13 01:13:37.848620,2026-02-13 10:00:00,Fri,10,8.772819827657973
R-117,Gym,2026-02-13 14:56:33.046132,2026-02-13 18:00:00,Fri,18,3.057487185557688
R-078,Gym,2026-02-13 14:00:03.115097,2026-02-13 18:00:00,Fri,18,3.999134695290722
R-031,Pool,2026-02-13 21:00:14.015080,2026-02-14 08:00:00,Sat,8,10.996106922264099
R-027,Pool,2026-02-13 20:43:15.282089,2026-02-14 12:00:00,Sat,12,15.279088308580857
R-067,Pool,2026-02-14 09:44:32.962212,2026-02-14 15:00:00,Sat,15,5.25751049677263
R-082,Pool,2026-02-14 09:54:28.755567,2026-02-14 15:00:00,Sat,15,5.09201234236875
R-050,Pool,2026-02-14 11:02:21.332754,2026-02-14 15:00:00,Sat,15,3.960740901583248
R-013,Pool,2026-02-14 08:18:46.865359,2026-02-14 15:00:00,Sat,15,6.686981844801502
R-014,Pool,2026-02-14 07:37:17.000050,2026-02-14 15:00:00,Sat,15,7.378611097246271
R-032,Pool,2026-02-14 09:00:09.050391,2026-02-14 15:00:00,Sat,15,5.997486002601425
R-016,Pool,2026-02-14 10:20:55.272370,2026-02-14 15:00:00,Sat,15,4.651313230466847
R-030,Pool,2026-02-14 08:50:09.222266,2026-02-14 15:00:00,Sat,15,6.164104926022041
R-096,Pool,2026-02-14 07:52:44.566335,2026-02-14 15:00:00,Sat,15,7.120953795877658
R-041,Clubhouse,2026-02-14 07:56:09.261889,2026-02-14 15:00:00,Sat,15,7.064093919693036
R-051,Pool,2026-02-14 08:24:04.063866,2026-02-14 15:00:00,Sat,15,6.598871148238316
R-106,Clubhouse,2026-02-14 01:24:31.500863,2026-02-14 15:00:00,Sat,15,13.591249760363663
R-008,Pool,2026-02-14 07:07:42.387360,2026-02-14 15:00:00,Sat,15,7.871559066661586
R-043,Pool,2026-02-14 08:33:10.776822,2026-02-14 15:00:00,Sat,15,6.447006438367398
R-009,Pool,2026-02-14 07:56:42.903063,2026-02-14 15:00:00,Sat,15,7.0547491492208625
R-105,Pool,2026-02-14 08:40:35.163632,2026-02-14 15:00:00,Sat,15,6.323565657785764
R-103,Clubhouse,2026-02-14 09:03:16.483654,2026-02-14 15:00:00,Sat,15,5.945421207089369
R-033,Pool,2026-02-14 07:30:45.068977,2026-02-14 15:00:00,Sat,15,7.487480839808775
R-068,Pool,2026-02-14 09:07:28.753983,2026-02-14 15:00:00,Sat,15,5.8753461157166305
R-062,Pool,2026-02-14 06:30:04.358336,2026-02-14 15:00:00,Sat,15,8.498789350984026
R-047,Pool,2026-02-14 10:04:25.054081,2026-02-14 15:00:00,Sat,15,4.926373866337598
R-026,Pool,2026-02-14 07:40:38.596507,2026-02-14 15:00:00,Sat,15,7.322612081401023
R-060,Pool,2026-02-14 10:18:31.751080,2026-02-14 15:00:00,Sat,15,4.6911802555465005
R-110,Pool,2026-02-14 10:30:11.796896,2026-02-14 15:00:00,Sat,15,4.496723084542005
R-045,Pool,2026-02-14 07:30:28.000123,2026-02-14 15:00:00,Sat,15,7.492222187925677
R-086,Pool,2026-02-14 09:35:37.386010,2026-02-14 15:00:00,Sat,15,5.406281663797952
R-079,Clubhouse,2026-02-14 08:44:28.872695,2026-02-14 15:00:00,Sat,15,6.258646473496768
R-044,Pool,2026-02-14 10:17:13.715823,2026-02-14 15:00:00,Sat,15,4.7128567159030075
R-007,Pool,2026-02-14 08:42:03.020365,2026-02-14 16:00:00,Sat,16,7.299161009588705
R-093,Pool,2026-02-14 10:19:11.591269,2026-02-14 16:00:00,Sat,16,5.680113536462362
R-039,Pool,2026-02-14 11:34:43.694101,2026-02-14 16:00:00,Sat,16,4.421196082946757
R-102,Pool,2026-02-14 09:17:56.108230,2026-02-14 16:00:00,Sat,16,6.701081047156181
R-011,Pool,2026-02-14 08:27:51.237816,2026-02-14 16:00:00,Sat,16,7.5357672732127785
R-098,Pool,2026-02-14 10:56:55.857602,2026-02-14 16:00:00,Sat,16,5.051150666081322
R-028,Pool,2026-02-14 11:00:27.413972,2026-02-14 16:00:00,Sat,16,4.992385007890858
R-112,Clubhouse,2026-02-14 09:11:35.654892,2026-02-14 16:00:00,Sat,16,6.806762530126078
R-021,Badminton,2026-02-14 07:40:40.754795,2026-02-14 17:00:00,Sat,17,9.322012557050808
R-109,Badminton,2026-02-13 23:25:07.170731,2026-02-14 17:00:00,Sat,17,17.58134146372449
R-083,Badminton,2026-02-13 21:39:01.474255,2026-02-14 19:00:00,Sat,19,21.349590484591086
R-023,Badminton,2026-02-13 21:04:51.622970,2026-02-14 19:00:00,Sat,19,21.91899361935272
R-056,Badminton,2026-02-13 16:37:10.349798,2026-02-14 19:00:00,Sat,19,26.38045838954234
R-100,Tennis,2026-02-13 20:17:42.853080,2026-02-14 19:00:00,Sat,19,22.704763033302196
R-018,Badminton,2026-02-13 16:52:28.630669,2026-02-14 19:00:00,Sat,19,26.1253803698221
R-002,Badminton,2026-02-13 18:31:33.190235,2026-02-14 19:00:00,Sat,19,24.474113823642565
R-074,Tennis,2026-02-13 19:53:36.996461,2026-02-14 19:00:00,Sat,19,23.106389872079813
R-069,Tennis,2026-02-13 22:16:39.955277,2026-02-14 19:00:00,Sat,19,20.72223464529224
R-075,Tennis,2026-02-13 22:05:24.174221,2026-02-14 19:00:00,Sat,19,20.909951605338115
R-006,Tennis,2026-02-13 13:08:33.149797,2026-02-14 19:00:00,Sat,19,29.857458389801216
R-097,Tennis,2026-02-13 20:39:53.826570,2026-02-14 19:00:00,Sat,19,22.33504817513149
R-076,Badminton,2026-02-13 18:24:18.099628,2026-02-14 19:00:00,Sat,19,24.594972325594973
R-107,Tennis,2026-02-13 20:32:08.443081,2026-02-14 19:00:00,Sat,19,22.464321366272006
R-085,Badminton,2026-02-13 15:32:02.572666,2026-02-14 19:00:00,Sat,19,27.46595203731007
R-040,Badminton,2026-02-13 18:05:10.056287,2026-02-14 19:00:00,Sat,19,24.913873253551397
R-059,Tennis,2026-02-13 20:01:57.250723,2026-02-14 19:00:00,Sat,19,22.96743035470222
R-038,Tennis,2026-02-13 17:17:29.166050,2026-02-14 20:00:00,Sat,20,26.708564986167882
R-057,Badminton,2026-02-13 20:32:41.011582,2026-02-14 20:00:00,Sat,20,23.455274560580786
R-072,Tennis,2026-02-13 18:54:07.110411,2026-02-14 20:00:00,Sat,20,25.09802488580342
R-065,Tennis,2026-02-13 16:16:23.571415,2026-02-14 20:00:00,Sat,20,27.726785718125928
R-095,Tennis,2026-02-13 21:38:24.719749,2026-02-14 20:00:00,Sat,20,22.35980006968309
R-116,Tennis,2026-02-13 21:07:55.981107,2026-02-14 20:00:00,Sat,20,22.867783025875823
R-120,Clubhouse,2026-02-14 15:56:45.098745,2026-02-15 13:00:00,Sun,13,21.054139237574212
R-007,Pool,2026-02-15 10:11:32.006288,2026-02-15 15:00:00,Sun,15,4.807776031070108
R-103,Pool,2026-02-15 09:21:41.242858,2026-02-15 15:00:00,Sun,15,5.638543650655533
R-032,Clubhouse,2026-02-15 07:49:59.397512,2026-02-15 15:00:00,Sun,15,7.166834024568663
R-086,Pool,2026-02-15 09:08:19.012949,2026-02-15 15:00:00,Sun,15,5.861385291847944
R-043,Clubhouse,2026-02-15 07:42:00.006189,2026-02-15 15:00:00,Sun,15,7.299998280766294
R-060,Pool,2026-02-15 09:04:24.927362,2026-02-15 15:00:00,Sun,15,5.926409066161548
R-022,Pool,2026-02-15 07:25:52.418217,2026-02-15 15:00:00,Sun,15,7.568772717384526
R-008,Pool,2026-02-15 07:45:04.766303,2026-02-15 15:00:00,Sun,15,7.24867602704275
R-009,Pool,2026-02-15 09:47:50.035717,2026-02-15 15:00:00,Sun,15,5.202767856519517
R-013,Pool,2026-02-15 08:11:29.705119,2026-02-15 15:00:00,Sun,15,6.808415244816245
R-014,Pool,2026-02-15 09:28:06.569047,2026-02-15 15:00:00,Sun,15,5.531508597956346
R-028,Pool,2026-02-15 10:11:31.913229,2026-02-15 15:00:00,Sun,15,4.807801880704748
R-030,Pool,2026-02-15 09:06:01.789325,2026-02-15 15:00:00,Sun,15,5.8995029651522355
R-039,Pool,2026-02-15 09:48:39.716323,2026-02-15 15:00:00,Sun,15,5.1889676881394164
R-077,Pool,2026-02-15 09:18:32.288195,2026-02-15 15:00:00,Sun,15,5.691031056914204
R-096,Pool,2026-02-15 09:08:45.644848,2026-02-15 15:00:00,Sun,15,5.8539875421012795
R-051,Clubhouse,2026-02-15 09:48:45.414425,2026-02-15 15:00:00,Sun,15,5.187384882032594
R-064,Pool,2026-02-15 07:59:38.475661,2026-02-15 15:00:00,Sun,15,7.005978983050086
R-098,Pool,2026-02-15 09:10:29.047542,2026-02-15 15:00:00,Sun,15,5.825264571570096
R-016,Pool,2026-02-15 09:00:59.332131,2026-02-15 15:00:00,Sun,15,5.983518852364127
R-047,Pool,2026-02-15 08:02:22.847101,2026-02-15 15:00:00,Sun,15,6.960320249702669
R-119,Pool,2026-02-15 08:40:06.564353,2026-02-15 15:00:00,Sun,15,6.331509901870865
R-068,Pool,2026-02-15 10:10:42.724406,2026-02-15 15:00:00,Sun,15,4.821465442756666
R-045,Pool,2026-02-15 08:10:13.361827,2026-02-15 15:00:00,Sun,15,6.829621714842824
R-112,Pool,2026-02-15 08:05:47.129552,2026-02-15 15:00:00,Sun,15,6.903575124417357
R-110,Pool,2026-02-15 07:44:36.089930,2026-02-15 15:00:00,Sun,15,7.256641686161875
R-048,Gym,2026-02-14 20:56:03.568334,2026-02-15 15:00:00,Sun,15,18.065675462640897
R-079,Pool,2026-02-15 10:27:26.643138,2026-02-15 15:00:00,Sun,15,4.542599128309925
R-062,Pool,2026-02-15 08:46:25.130727,2026-02-15 15:00:00,Sun,15,6.226352575927452
R-011,Pool,2026-02-15 08:54:24.810166,2026-02-15 15:00:00,Sun,15,6.093108287230278
R-067,Clubhouse,2026-02-15 09:03:31.436508,2026-02-15 15:00:00,Sun,15,5.941267636762086
R-105,Pool,2026-02-15 08:07:10.424069,2026-02-15 15:00:00,Sun,15,6.880437758513823
R-082,Pool,2026-02-15 10:38:21.721968,2026-02-15 15:00:00,Sun,15,4.360632786628445
R-004,Pool,2026-02-15 08:27:37.244043,2026-02-15 15:00:00,Sun,15,6.53965443252682
R-093,Pool,2026-02-15 08:13:20.000947,2026-02-15 15:00:00,Sun,15,6.777777514599273
R-050,Pool,2026-02-15 10:16:46.577849,2026-02-15 15:00:00,Sun,15,4.7203950420083585
R-041,Pool,2026-02-15 08:59:15.059485,2026-02-15 16:00:00,Sun,16,7.012483476518197
R-026,Pool,2026-02-15 09:36:13.704258,2026-02-15 16:00:00,Sun,16,6.396193261782429
R-044,Pool,2026-02-15 09:06:43.850455,2026-02-15 16:00:00,Sun,16,6.887819318078231
R-033,Pool,2026-02-15 10:57:33.344910,2026-02-15 16:00:00,Sun,16,5.040737525013049
R-020,Gym,2026-02-16 04:05:38.849562,2026-02-16 07:00:00,Mon,7,2.90587512175778
R-108,Gym,2026-02-16 03:01:20.399909,2026-02-16 07:00:00,Mon,7,3.977666691936877
R-035,Gym,2026-02-16 04:27:08.867940,2026-02-16 07:00:00,Mon,7,2.547536683333586
R-091,Gym,2026-02-16 02:37:13.840917,2026-02-16 07:00:00,Mon,7,4.379488634291304
R-117,Gym,2026-02-16 05:01:12.179583,2026-02-16 07:00:00,Mon,7,1.9799501158615218
R-066,Pool,2026-02-16 04:30:28.113425,2026-02-16 07:00:00,Mon,7,2.492190715416648
R-055,Gym,2026-02-16 04:23:13.136336,2026-02-16 07:00:00,Mon,7,2.6130176843235384
R-088,Gym,2026-02-16 03:54:34.165588,2026-02-16 07:00:00,Mon,7,3.0905095589602625
R-111,Gym,2026-02-16 04:11:03.133007,2026-02-16 07:00:00,Mon,7,2.81579638704965
R-017,Gym,2026-02-16 03:43:16.701659,2026-02-16 07:00:00,Mon,7,3.2786939837405136
R-073,Gym,2026-02-16 04:14:19.470920,2026-02-16 07:00:00,Mon,7,2.761258077844702
R-090,Gym,2026-02-16 03:16:01.394635,2026-02-16 07:00:00,Mon,7,3.73294593472511
R-070,Gym,2026-02-16 03:48:24.649670,2026-02-16 07:00:00,Mon,7,3.1931528694315867
R-005,Gym,2026-02-16 04:01:28.808818,2026-02-16 07:00:00,Mon,7,2.9753308838331805
R-094,Gym,2026-02-16 02:31:01.178328,2026-02-16 07:00:00,Mon,7,4.483006019972689
R-078,Gym,2026-02-16 04:45:01.827477,2026-02-16 07:00:00,Mon,7,2.2494923674386507
R-058,Gym,2026-02-16 04:56:23.632753,2026-02-16 07:00:00,Mon,7,2.0601020131122896
R-015,Gym,2026-02-16 04:44:06.860267,2026-02-16 07:00:00,Mon,7,2.264761036957684
R-053,Gym,2026-02-16 03:43:00.681339,2026-02-16 07:00:00,Mon,7,3.283144072444048
R-081,Gym,2026-02-16 04:01:50.346564,2026-02-16 07:00:00,Mon,7,2.9693481766179155
R-031,Pool,2026-02-15 17:20:58.118333,2026-02-16 08:00:00,Mon,8,14.65052268527469
R-080,Clubhouse,2026-02-16 00:18:23.950104,2026-02-16 10:00:00,Mon,10,9.693347193403563
R-084,Gym,2026-02-16 15:22:04.216090,2026-02-16 18:00:00,Mon,18,2.6321621971640514
R-087,Gym,2026-02-16 15:32:48.071022,2026-02-16 18:00:00,Mon,18,2.45331360495433
R-049,Gym,2026-02-16 14:35:01.980756,2026-02-16 18:00:00,Mon,18,3.4161164566211166
R-101,Gym,2026-02-16 14:50:36.135378,2026-02-16 18:00:00,Mon,18,3.1566290617585557
R-042,Gym,2026-02-16 13:47:02.779121,2026-02-16 18:00:00,Mon,18,4.21589468859265
R-025,Gym,2026-02-16 14:13:46.198404,2026-02-16 18:00:00,Mon,18,3.770500443235237
R-104,Badminton,2026-02-16 15:01:08.624266,2026-02-17 11:00:00,Tue,11,19.980937703904555
R-027,Badminton,2026-02-17 03:58:01.972884,2026-02-17 13:00:00,Tue,13,9.032785309965737
R-036,Tennis,2026-02-17 00:01:50.504521,2026-02-17 18:00:00,Tue,18,17.96930429965453
R-046,Clubhouse,2026-02-17 04:10:58.986934,2026-02-17 18:00:00,Tue,18,13.816948073918278
R-006,Tennis,2026-02-16 20:11:30.846073,2026-02-17 19:00:00,Tue,19,22.80809831315747
R-075,Badminton,2026-02-16 17:41:12.191600,2026-02-17 19:00:00,Tue,19,25.3132801110987
R-095,Tennis,2026-02-16 23:09:03.964604,2026-02-17 19:00:00,Tue,19,19.848898721010375
R-002,Tennis,2026-02-16 20:40:24.720500,2026-02-17 19:00:00,Tue,19,22.32646652765214
R-040,Badminton,2026-02-16 20:40:14.946141,2026-02-17 19:00:00,Tue,19,22.329181627517656
R-038,Badminton,2026-02-16 18:47:51.947389,2026-02-17 19:00:00,Tue,19,24.20223683626495
R-072,Tennis,2026-02-16 19:58:27.919489,2026-02-17 19:00:00,Tue,19,23.025577919711367
R-089,Tennis,2026-02-16 20:20:45.634720,2026-02-17 19:00:00,Tue,19,22.65399035554104
R-100,Badminton,2026-02-16 19:08:24.927378,2026-02-17 19:00:00,Tue,19,23.85974239490695
R-023,Badminton,2026-02-16 18:34:38.413188,2026-02-17 19:00:00,Tue,19,24.422663003245553
R-069,Tennis,2026-02-16 14:20:10.126700,2026-02-17 19:00:00,Tue,19,28.663853694527344
R-057,Tennis,2026-02-16 21:20:26.794764,2026-02-17 19:00:00,Tue,19,21.659223676672358
R-076,Tennis,2026-02-16 19:32:34.590575,2026-02-17 19:00:00,Tue,19,23.457058173492072
R-092,Badminton,2026-02-16 19:55:40.155008,2026-02-17 19:00:00,Tue,19,23.072179164484638
R-097,Tennis,2026-02-16 19:50:25.630825,2026-02-17 19:00:00,Tue,19,23.159546993170284
R-083,Tennis,2026-02-16 18:10:33.764398,2026-02-17 19:00:00,Tue,19,24.823954333841943
R-059,Badminton,2026-02-16 19:41:48.947111,2026-02-17 19:00:00,Tue,19,23.303070247054837
R-085,Badminton,2026-02-16 19:39:21.285903,2026-02-17 19:00:00,Tue,19,23.344087249189144
R-065,Badminton,2026-02-16 22:10:12.355001,2026-02-17 19:00:00,Tue,19,20.82990138870294
R-116,Badminton,2026-02-16 19:16:44.957985,2026-02-17 19:00:00,Tue,19,23.720845004168165
R-056,Badminton,2026-02-16 20:22:52.153705,2026-02-17 20:00:00,Tue,20,23.618846192952017
R-018,Tennis,2026-02-16 20:30:22.697366,2026-02-17 20:00:00,Tue,20,23.49369517619922
R-107,Tennis,2026-02-16 19:22:53.939501,2026-02-17 20:00:00,Tue,20,24.618350138581874
R-024,Badminton,2026-02-16 19:16:06.470449,2026-02-17 20:00:00,Tue,20,24.731535986509197
R-035,Gym,2026-02-18 02:52:04.019518,2026-02-18 07:00:00,Wed,7,4.132216800676626
R-005,Gym,2026-02-18 02:34:56.301990,2026-02-18 07:00:00,Wed,7,4.417693891709796
R-087,Gym,2026-02-18 03:32:18.634966,2026-02-18 07:00:00,Wed,7,3.461490287337696
R-111,Gym,2026-02-18 04:26:34.125076,2026-02-18 07:00:00,Wed,7,2.5571874789485616
R-049,Gym,2026-02-18 03:50:36.572972,2026-02-18 07:00:00,Wed,7,3.1565075076609497
R-073,Gym,2026-02-18 04:28:31.548229,2026-02-18 07:00:00,Wed,7,2.5245699363732426
R-061,Gym,2026-02-18 04:15:43.806844,2026-02-18 07:00:00,Wed,7,2.737831432152296
R-108,Gym,2026-02-18 04:32:50.597557,2026-02-18 07:00:00,Wed,7,2.452611789829582
R-081,Pool,2026-02-18 03:54:22.255378,2026-02-18 07:00:00,Wed,7,3.0938179505064416
R-084,Gym,2026-02-18 04:55:22.422071,2026-02-18 07:00:00,Wed,7,2.0771049802290866
R-094,Gym,2026-02-18 04:01:51.524080,2026-02-18 07:00:00,Wed,7,2.9690210888041455
R-088,Gym,2026-02-18 03:45:30.063697,2026-02-18 07:00:00,Wed,7,3.2416489729351228
R-017,Gym,2026-02-18 03:41:04.313336,2026-02-18 07:00:00,Wed,7,3.3154685176658516
R-003,Gym,2026-02-18 03:27:02.581231,2026-02-18 07:00:00,Wed,7,3.5492829914673574
R-012,Pool,2026-02-18 04:03:25.645725,2026-02-18 07:00:00,Wed,7,2.94287618756027
R-042,Gym,2026-02-18 03:07:39.447994,2026-02-18 07:00:00,Wed,7,3.872375557244526
R-091,Gym,2026-02-18 03:49:13.078133,2026-02-18 07:00:00,Wed,7,3.179700518586917
R-117,Gym,2026-02-18 04:02:10.482617,2026-02-18 07:00:00,Wed,7,2.963754828739427
R-053,Gym,2026-02-18 04:22:38.357422,2026-02-18 07:00:00,Wed,7,2.622678493964391
R-078,Gym,2026-02-18 04:42:13.916236,2026-02-18 07:00:00,Wed,7,2.296134378864619
R-015,Gym,2026-02-18 03:43:43.029339,2026-02-18 07:00:00,Wed,7,3.271380739159653
R-027,Tennis,2026-02-17 16:04:13.563600,2026-02-18 08:00:00,Wed,8,15.92956566676322
R-021,Tennis,2026-02-17 18:12:36.715593,2026-02-18 09:00:00,Wed,9,14.789801224111727
R-113,Pool,2026-02-17 18:37:21.134765,2026-02-18 10:00:00,Wed,10,15.3774625652354
R-115,Pool,2026-02-18 01:06:04.625498,2026-02-18 10:00:00,Wed,10,8.89871513933958
R-019,Badminton,2026-02-17 21:04:20.921566,2026-02-18 11:00:00,Wed,11,13.927521787258499
R-080,Tennis,2026-02-17 23:03:54.378366,2026-02-18 15:00:00,Wed,15,15.934894898239342
R-058,Gym,2026-02-18 15:43:12.132370,2026-02-18 18:00:00,Wed,18,2.2799632304948485
R-101,Gym,2026-02-18 15:32:26.354397,2026-02-18 18:00:00,Wed,18,2.4593460009609043
R-066,Gym,2026-02-18 15:34:21.519727,2026-02-18 18:00:00,Wed,18,2.427355631355799
R-090,Gym,2026-02-18 14:24:37.295555,2026-02-18 18:00:00,Wed,18,3.5896401236979365
R-120,Clubhouse,2026-02-18 08:24:50.660848,2026-02-18 19:00:00,Wed,19,10.585927542351824
R-114,Pool,2026-02-18 21:05:45.294582,2026-02-19 10:00:00,Thu,10,12.904084838235006
R-113,Tennis,2026-02-18 21:05:33.953675,2026-02-19 11:00:00,Thu,11,13.907235090200977
R-080,Clubhouse,2026-02-18 19:48:11.767907,2026-02-19 12:00:00,Thu,12,16.196731136979523
R-104,Gym,2026-02-19 03:37:58.480902,2026-02-19 13:00:00,Thu,13,9.367088638233806
R-065,Badminton,2026-02-18 19:58:08.430271,2026-02-19 19:00:00,Thu,19,23.030991591359435
R-085,Tennis,2026-02-18 16:51:23.768229,2026-02-19 19:00:00,Thu,19,26.143397714207282
R-059,Badminton,2026-02-18 19:15:08.915196,2026-02-19 19:00:00,Thu,19,23.74752355656918
R-024,Tennis,2026-02-18 22:24:52.094103,2026-02-19 19:00:00,Thu,19,20.585529415847837
R-069,Tennis,2026-02-18 23:55:12.835755,2026-02-19 19:00:00,Thu,19,19.079767845801918
R-006,Badminton,2026-02-18 19:07:05.897586,2026-02-19 19:00:00,Thu,19,23.88169511493333
R-089,Badminton,2026-02-18 19:14:18.174782,2026-02-19 19:00:00,Thu,19,23.761618116189737
R-100,Badminton,2026-02-18 18:20:44.833954,2026-02-19 19:00:00,Thu,19,24.65421279060292
R-072,Tennis,2026-02-18 18:01:44.416895,2026-02-19 19:00:00,Thu,19,24.970995306843484
R-056,Badminton,2026-02-18 20:27:49.562588,2026-02-19 19:00:00,Thu,19,22.536232614360575
R-038,Badminton,2026-02-18 19:56:20.884059,2026-02-19 19:00:00,Thu,19,23.060865539128148
R-002,Badminton,2026-02-18 19:01:00.829770,2026-02-19 19:00:00,Thu,19,23.98310284177903
R-074,Tennis,2026-02-18 18:51:24.617911,2026-02-19 19:00:00,Thu,19,24.143161691460538
R-095,Badminton,2026-02-18 16:56:05.227123,2026-02-19 19:00:00,Thu,19,26.06521468810978
R-075,Badminton,2026-02-18 17:46:10.357283,2026-02-19 19:00:00,Thu,19,25.230456310143794
R-040,Badminton,2026-02-18 19:05:55.121415,2026-02-19 19:00:00,Thu,19,23.901355162527047
R-107,Tennis,2026-02-18 18:21:19.822102,2026-02-19 19:00:00,Thu,19,24.64449386048895
R-083,Tennis,2026-02-18 18:57:30.086675,2026-02-19 19:00:00,Thu,19,24.04164259021594
R-023,Tennis,2026-02-18 21:32:31.809000,2026-02-19 19:00:00,Thu,19,21.457830833322376
R-092,Badminton,2026-02-18 19:00:06.872832,2026-02-19 19:00:00,Thu,19,23.998090879867146
R-010,Pool,2026-02-19 04:25:10.386422,2026-02-19 19:00:00,Thu,19,14.580448216193197
R-076,Badminton,2026-02-18 20:09:17.250232,2026-02-19 20:00:00,Thu,20,23.84520826886858
R-111,Gym,2026-02-20 04:05:07.521246,2026-02-20 07:00:00,Fri,7,2.914577431784966
R-017,Gym,2026-02-20 03:56:15.411753,2026-02-20 07:00:00,Fri,7,3.062385624299097
R-081,Gym,2026-02-20 03:49:40.893203,2026-02-20 07:00:00,Fri,7,3.1719741103342285
R-003,Gym,2026-02-20 03:34:47.015417,2026-02-20 07:00:00,Fri,7,3.4202734952418496
R-084,Gym,2026-02-20 03:56:39.927992,2026-02-20 07:00:00,Fri,7,3.0555755578296244
R-091,Pool,2026-02-20 03:41:47.029307,2026-02-20 07:00:00,Fri,7,3.30360297023006
R-087,Gym,2026-02-20 04:01:51.885724,2026-02-20 07:00:00,Fri,7,2.968920632243596
R-078,Gym,2026-02-20 04:56:31.544570,2026-02-20 07:00:00,Fri,7,2.0579042860486685
R-012,Gym,2026-02-20 03:31:35.825611,2026-02-20 07:00:00,Fri,7,3.4733817748177307
R-070,Gym,2026-02-20 05:00:30.675101,2026-02-20 07:00:00,Fri,7,1.9914791386252377
R-042,Gym,2026-02-20 03:34:00.324490,2026-02-20 07:00:00,Fri,7,3.43324319712824
R-058,Gym,2026-02-20 03:17:31.648745,2026-02-20 07:00:00,Fri,7,3.707875348554361
R-066,Gym,2026-02-20 04:32:50.228170,2026-02-20 07:00:00,Fri,7,2.4527143971260985
R-055,Gym,2026-02-20 03:25:23.554496,2026-02-20 07:00:00,Fri,7,3.5767904177563157
R-015,Gym,2026-02-20 04:13:53.892050,2026-02-20 07:00:00,Fri,7,2.768363319492923
R-049,Gym,2026-02-20 04:11:14.584984,2026-02-20 07:00:00,Fri,7,2.812615282333676
R-053,Gym,2026-02-20 03:50:26.859886,2026-02-20 07:00:00,Fri,7,3.15920558720008
R-005,Gym,2026-02-20 03:59:13.182359,2026-02-20 07:00:00,Fri,7,3.013004900336487
R-090,Pool,2026-02-20 03:58:50.596943,2026-02-20 07:00:00,Fri,7,3.0192786268491227
R-108,Gym,2026-02-20 03:47:23.466192,2026-02-20 07:00:00,Fri,7,3.2101482799730423
R-101,Gym,2026-02-20 03:36:35.368948,2026-02-20 07:00:00,Fri,7,3.390175292317172
R-073,Pool,2026-02-20 03:13:00.631704,2026-02-20 07:00:00,Fri,7,3.7831578600271323
R-117,Gym,2026-02-20 03:57:06.288491,2026-02-20 07:00:00,Fri,7,3.0482531969467406
R-035,Gym,2026-02-20 04:48:07.057921,2026-02-20 07:00:00,Fri,7,2.198039466401198
R-048,Tennis,2026-02-19 19:19:28.869125,2026-02-20 08:00:00,Fri,8,12.675314131964504
R-061,Gym,2026-02-20 15:16:07.688445,2026-02-20 18:00:00,Fri,18,2.7311976541018566
R-020,Gym,2026-02-20 14:48:53.945526,2026-02-20 18:00:00,Fri,18,3.1850151317575732
R-094,Gym,2026-02-20 15:09:25.657801,2026-02-20 18:00:00,Fri,18,2.8428728330805737
R-113,Tennis,2026-02-20 07:06:38.651913,2026-02-20 18:00:00,Fri,18,10.889263357502541
R-088,Gym,2026-02-20 15:39:48.222172,2026-02-20 18:00:00,Fri,18,2.336604952137567
R-052,Badminton,2026-02-20 17:14:19.697709,2026-02-21 08:00:00,Sat,8,14.761195080916245
R-032,Pool,2026-02-21 09:59:13.117732,2026-02-21 15:00:00,Sat,15,5.013022852232745
R-051,Pool,2026-02-21 09:58:06.888885,2026-02-21 15:00:00,Sat,15,5.031419754064434
R-093,Pool,2026-02-21 09:09:56.346456,2026-02-21 15:00:00,Sat,15,5.834348206531581
R-022,Pool,2026-02-21 08:58:23.791263,2026-02-21 15:00:00,Sat,15,6.026724649123346
R-044,Pool,2026-02-21 08:41:35.604268,2026-02-21 15:00:00,Sat,15,6.3067765922615004
R-008,Pool,2026-02-21 07:06:19.719541,2026-02-21 15:00:00,Sat,15,7.894522349778979
R-062,Pool,2026-02-21 09:36:37.283348,2026-02-21 15:00:00,Sat,15,5.389643514445762
R-043,Clubhouse,2026-02-21 08:42:56.285012,2026-02-21 15:00:00,Sat,15,6.284365274395272
R-086,Pool,2026-02-21 10:51:48.003238,2026-02-21 15:00:00,Sat,15,4.136665767327702
R-041,Clubhouse,2026-02-21 07:50:56.200887,2026-02-21 15:00:00,Sat,15,7.15105530923866
R-014,Pool,2026-02-21 08:50:11.435680,2026-02-21 15:00:00,Sat,15,6.163490088978104
R-016,Pool,2026-02-21 09:03:59.784230,2026-02-21 15:00:00,Sat,15,5.93339326957942
R-050,Pool,2026-02-21 09:12:01.166785,2026-02-21 15:00:00,Sat,15,5.799675892928059
R-039,Clubhouse,2026-02-21 09:28:08.385678,2026-02-21 15:00:00,Sat,15,5.5310039782372575
R-030,Pool,2026-02-21 08:40:37.320811,2026-02-21 15:00:00,Sat,15,6.3229664413959625
R-082,Clubhouse,2026-02-21 08:16:20.451781,2026-02-21 15:00:00,Sat,15,6.727652283174084
R-096,Pool,2026-02-21 09:32:47.891435,2026-02-21 15:00:00,Sat,15,5.453363490410389
R-047,Pool,2026-02-21 08:37:29.068463,2026-02-21 15:00:00,Sat,15,6.375258760233893
R-119,Pool,2026-02-21 08:24:50.853800,2026-02-21 15:00:00,Sat,15,6.585873944558914
R-060,Pool,2026-02-21 10:13:58.750182,2026-02-21 15:00:00,Sat,15,4.76701383835555
R-019,Tennis,2026-02-21 04:27:52.880706,2026-02-21 15:00:00,Sat,15,10.5353109150298
R-028,Pool,2026-02-21 09:37:34.028300,2026-02-21 15:00:00,Sat,15,5.373881027790384
R-033,Pool,2026-02-21 10:12:06.131198,2026-02-21 15:00:00,Sat,15,4.7982968893221845
R-009,Pool,2026-02-21 08:16:29.670756,2026-02-21 15:00:00,Sat,15,6.725091456615112
R-112,Pool,2026-02-21 08:06:43.255829,2026-02-21 15:00:00,Sat,15,6.887984491845099
R-068,Pool,2026-02-21 08:17:53.969736,2026-02-21 15:00:00,Sat,15,6.701675073268196
R-077,Clubhouse,2026-02-21 06:30:06.869836,2026-02-21 15:00:00,Sat,15,8.498091712355048
R-007,Pool,2026-02-21 10:12:59.567245,2026-02-21 16:00:00,Sat,16,5.7834535429537794
R-013,Pool,2026-02-21 11:10:19.953577,2026-02-21 16:00:00,Sat,16,4.827790673176033
R-064,Pool,2026-02-21 08:27:50.821575,2026-02-21 16:00:00,Sat,16,7.53588289588188
R-115,Pool,2026-02-21 02:29:53.557180,2026-02-21 16:00:00,Sat,16,13.50178967215863
R-004,Pool,2026-02-21 10:26:28.343099,2026-02-21 16:00:00,Sat,16,5.558793583537902
R-098,Pool,2026-02-21 10:08:45.090162,2026-02-21 16:00:00,Sat,16,5.854141621726233
R-103,Pool,2026-02-21 10:01:16.455178,2026-02-21 16:00:00,Sat,16,5.978762450656323
R-011,Pool,2026-02-21 09:10:37.426391,2026-02-21 16:00:00,Sat,16,6.822937113548358
R-102,Pool,2026-02-21 10:39:43.603253,2026-02-21 16:00:00,Sat,16,5.337887985182167
R-026,Pool,2026-02-21 09:08:22.851058,2026-02-21 16:00:00,Sat,16,6.860319150523392
R-067,Pool,2026-02-21 07:28:14.118450,2026-02-21 16:00:00,Sat,16,8.529411541543272
R-045,Clubhouse,2026-02-21 11:18:37.348678,2026-02-21 16:00:00,Sat,16,4.689625367197769
R-076,Badminton,2026-02-20 17:19:57.394460,2026-02-21 19:00:00,Sat,19,25.667390427869865
R-040,Badminton,2026-02-20 17:39:22.768511,2026-02-21 19:00:00,Sat,19,25.343675413582215
R-074,Badminton,2026-02-20 15:09:38.324637,2026-02-21 19:00:00,Sat,19,27.839354267517542
R-065,Badminton,2026-02-20 18:28:19.336709,2026-02-21 19:00:00,Sat,19,24.527962025334066
R-006,Tennis,2026-02-20 19:12:16.887089,2026-02-21 19:00:00,Sat,19,23.79530914200437
R-089,Badminton,2026-02-20 18:47:28.806441,2026-02-21 19:00:00,Sat,19,24.208664877594195
R-057,Badminton,2026-02-20 21:31:55.839661,2026-02-21 19:00:00,Sat,19,21.467822316343305
R-107,Tennis,2026-02-20 18:25:34.838629,2026-02-21 19:00:00,Sat,19,24.573655936376504
R-085,Tennis,2026-02-20 20:32:20.780943,2026-02-21 19:00:00,Sat,19,22.460894182504838
R-059,Badminton,2026-02-20 20:40:37.771976,2026-02-21 19:00:00,Sat,19,22.322841117683573
R-083,Tennis,2026-02-20 18:00:29.678407,2026-02-21 19:00:00,Sat,19,24.99175599791698
R-024,Tennis,2026-02-20 18:22:16.982377,2026-02-21 19:00:00,Sat,19,24.62861600649482
R-095,Tennis,2026-02-20 22:52:41.536552,2026-02-21 19:00:00,Sat,19,20.12179540234555
R-100,Badminton,2026-02-20 19:33:16.628341,2026-02-21 19:00:00,Sat,19,23.445381016417194
R-018,Tennis,2026-02-20 20:05:19.608496,2026-02-21 19:00:00,Sat,19,22.91121986217051
R-023,Tennis,2026-02-20 17:53:53.439785,2026-02-21 19:00:00,Sat,19,25.1018222818795
R-069,Tennis,2026-02-20 18:33:09.294883,2026-02-21 19:00:00,Sat,19,24.447418088097937
R-092,Tennis,2026-02-20 16:07:15.473777,2026-02-21 19:00:00,Sat,19,26.87903506191263
R-002,Tennis,2026-02-20 15:37:14.078104,2026-02-21 19:00:00,Sat,19,27.379422748927066
R-097,Badminton,2026-02-20 16:45:08.923411,2026-02-21 19:00:00,Sat,19,26.247521274718704
R-116,Badminton,2026-02-20 15:26:01.216038,2026-02-21 19:00:00,Sat,19,27.56632887841301
R-072,Badminton,2026-02-20 22:15:10.615205,2026-02-21 19:00:00,Sat,19,20.747051331991322
R-056,Tennis,2026-02-20 18:47:13.744608,2026-02-21 20:00:00,Sat,20,25.21284871990215
R-038,Badminton,2026-02-20 15:43:08.240093,2026-02-21 20:00:00,Sat,20,28.281044418481894
R-075,Badminton,2026-02-20 15:10:29.106235,2026-02-21 20:00:00,Sat,20,28.82524826805029
R-071,Tennis,2026-02-21 16:43:44.180145,2026-02-22 08:00:00,Sun,8,15.271061070877241
R-048,Gym,2026-02-21 23:12:40.506460,2026-02-22 13:00:00,Sun,13,13.788748205528025
R-001,Tennis,2026-02-22 00:21:15.629281,2026-02-22 13:00:00,Sun,13,12.645658532941209
R-086,Clubhouse,2026-02-22 08:17:10.535112,2026-02-22 15:00:00,Sun,15,6.7137402467518985
R-026,Clubhouse,2026-02-22 10:29:48.234350,2026-02-22 15:00:00,Sun,15,4.503268235997288
R-102,Pool,2026-02-22 10:29:53.509585,2026-02-22 15:00:00,Sun,15,4.501802893108261
R-067,Pool,2026-02-22 09:14:20.789479,2026-02-22 15:00:00,Sun,15,5.76089181135299
R-028,Pool,2026-02-22 09:49:40.566426,2026-02-22 15:00:00,Sun,15,5.172064881627905
R-103,Pool,2026-02-22 08:53:05.179252,2026-02-22 15:00:00,Sun,15,6.115227985498624
R-060,Pool,2026-02-22 08:11:28.797730,2026-02-22 15:00:00,Sun,15,6.808667297137664
R-062,Pool,2026-02-22 09:30:16.635606,2026-02-22 15:00:00,Sun,15,5.4953789983220505
R-068,Pool,2026-02-22 08:37:42.727589,2026-02-22 15:00:00,Sun,15,6.3714645585348855
R-077,Clubhouse,2026-02-22 08:35:05.712189,2026-02-22 15:00:00,Sun,15,6.4150799476122815
R-119,Pool,2026-02-22 08:21:15.535684,2026-02-22 15:00:00,Sun,15,6.645684532249618
R-079,Pool,2026-02-22 08:35:50.015609,2026-02-22 15:00:00,Sun,15,6.402773442044216
R-022,Pool,2026-02-22 09:27:57.775553,2026-02-22 15:00:00,Sun,15,5.533951235145276
R-014,Clubhouse,2026-02-22 09:20:31.784069,2026-02-22 15:00:00,Sun,15,5.6578377584943675
R-033,Pool,2026-02-22 08:58:34.441099,2026-02-22 15:00:00,Sun,15,6.023766361443925
R-009,Pool,2026-02-22 09:26:21.792740,2026-02-22 15:00:00,Sun,15,5.560613127657501
R-039,Pool,2026-02-22 09:27:46.930463,2026-02-22 15:00:00,Sun,15,5.536963760414449
R-008,Pool,2026-02-22 10:00:34.150573,2026-02-22 15:00:00,Sun,15,4.990513729713769
R-030,Clubhouse,2026-02-22 09:25:43.451060,2026-02-22 15:00:00,Sun,15,5.571263594533245
R-016,Pool,2026-02-22 09:49:31.771646,2026-02-22 15:00:00,Sun,15,5.174507876229131
R-051,Pool,2026-02-22 09:10:55.537332,2026-02-22 15:00:00,Sun,15,5.817906296584129
R-041,Pool,2026-02-22 07:13:58.126644,2026-02-22 15:00:00,Sun,15,7.7671870432970875
R-032,Pool,2026-02-22 08:12:30.591486,2026-02-22 15:00:00,Sun,15,6.791502365006225
R-096,Pool,2026-02-22 10:25:34.059525,2026-02-22 15:00:00,Sun,15,4.573872354160594
R-043,Pool,2026-02-22 08:17:05.470455,2026-02-22 15:00:00,Sun,15,6.715147095728672
R-011,Pool,2026-02-22 09:29:30.991569,2026-02-22 15:00:00,Sun,15,5.50805789745845
R-050,Pool,2026-02-22 10:22:15.738424,2026-02-22 16:00:00,Sun,16,5.628961548938713
R-007,Pool,2026-02-22 09:56:14.484992,2026-02-22 16:00:00,Sun,16,6.062643057831057
R-045,Pool,2026-02-22 10:55:36.576226,2026-02-22 16:00:00,Sun,16,5.073173270530756
R-112,Pool,2026-02-22 08:47:05.608072,2026-02-22 16:00:00,Sun,16,7.2151088689869765
R-064,Pool,2026-02-22 10:16:00.730765,2026-02-22 16:00:00,Sun,16,5.733130343105007
R-013,Clubhouse,2026-02-22 09:10:48.191169,2026-02-22 16:00:00,Sun,16,6.819946897452327
R-110,Pool,2026-02-22 10:54:54.697472,2026-02-22 16:00:00,Sun,16,5.08480625785324
R-098,Clubhouse,2026-02-22 10:33:00.656268,2026-02-22 16:00:00,Sun,16,5.449817703298923
R-044,Pool,2026-02-22 10:01:44.878562,2026-02-22 16:00:00,Sun,16,5.970867066095099
R-091,Gym,2026-02-23 04:14:07.479048,2026-02-23 07:00:00,Mon,7,2.7645891533244376
R-066,Gym,2026-02-23 03:20:27.255938,2026-02-23 07:00:00,Mon,7,3.6590955728602417
R-094,Gym,2026-02-23 03:30:46.847317,2026-02-23 07:00:00,Mon,7,3.486986856511284
R-015,Gym,2026-02-23 03:56:40.593207,2026-02-23 07:00:00,Mon,7,3.0553907757315
R-090,Gym,2026-02-23 03:37:44.891084,2026-02-23 07:00:00,Mon,7,3.3708635876425417
R-012,Gym,2026-02-23 03:42:57.600338,2026-02-23 07:00:00,Mon,7,3.2839999060048326
R-088,Gym,2026-02-23 04:27:12.201488,2026-02-23 07:00:00,Mon,7,2.5466106976711806
R-055,Gym,2026-02-23 04:17:09.246736,2026-02-23 07:00:00,Mon,7,2.714098128768243
R-020,Gym,2026-02-23 03:55:51.209955,2026-02-23 07:00:00,Mon,7,3.0691083458547244
R-111,Gym,2026-02-23 04:34:57.170152,2026-02-23 07:00:00,Mon,7,2.4174527355447113
R-087,Gym,2026-02-23 04:24:18.234126,2026-02-23 07:00:00,Mon,7,2.594934964999465
R-003,Gym,2026-02-23 04:03:10.919499,2026-02-23 07:00:00,Mon,7,2.9469668057782834
R-108,Gym,2026-02-23 04:29:09.432275,2026-02-23 07:00:00,Mon,7,2.5140465901768736
R-073,Pool,2026-02-23 04:19:18.135253,2026-02-23 07:00:00,Mon,7,2.678295763171464
R-117,Gym,2026-02-23 04:31:47.127564,2026-02-23 07:00:00,Mon,7,2.4702423432816287
R-084,Pool,2026-02-23 03:05:25.279559,2026-02-23 07:00:00,Mon,7,3.909644566926684
R-042,Gym,2026-02-23 04:33:42.847113,2026-02-23 07:00:00,Mon,7,2.438098024298181
R-070,Gym,2026-02-23 04:41:38.393744,2026-02-23 07:00:00,Mon,7,2.306001737852422
R-017,Gym,2026-02-23 04:18:09.420192,2026-02-23 07:00:00,Mon,7,2.697383279921448
R-101,Gym,2026-02-23 04:53:58.176594,2026-02-23 07:00:00,Mon,7,2.100506501727934
R-118,Tennis,2026-02-22 20:52:35.247903,2026-02-23 12:00:00,Mon,12,15.123542249217445
R-071,Badminton,2026-02-23 04:13:42.804122,2026-02-23 15:00:00,Mon,15,10.771443299401126
R-001,Pool,2026-02-23 07:37:21.743991,2026-02-23 17:00:00,Mon,17,9.377293335924833
R-081,Gym,2026-02-23 14:49:36.025206,2026-02-23 18:00:00,Mon,18,3.173326331567326
R-035,Gym,2026-02-23 15:45:27.247290,2026-02-23 18:00:00,Mon,18,2.242431308389495
R-034,Tennis,2026-02-23 09:19:20.128287,2026-02-23 18:00:00,Mon,18,8.677742142449816
R-058,Gym,2026-02-23 14:49:59.008173,2026-02-23 18:00:00,Mon,18,3.166942174061022
R-061,Gym,2026-02-23 15:56:25.775655,2026-02-23 18:00:00,Mon,18,2.0595067625149577
R-048,Pool,2026-02-23 04:23:04.468120,2026-02-23 18:00:00,Mon,18,13.615425522131494
R-053,Gym,2026-02-23 14:59:18.383507,2026-02-23 18:00:00,Mon,18,3.011560137007317
R-078,Gym,2026-02-23 14:38:57.163724,2026-02-23 18:00:00,Mon,18,3.3507878543465677
R-097,Tennis,2026-02-23 18:37:52.492143,2026-02-24 19:00:00,Tue,19,24.368752182595667
R-116,Tennis,2026-02-23 18:59:32.284750,2026-02-24 19:00:00,Tue,19,24.00769868066299
R-006,Badminton,2026-02-23 18:31:58.611509,2026-02-24 19:00:00,Tue,19,24.467052358562672
R-002,Tennis,2026-02-23 18:35:08.942136,2026-02-24 19:00:00,Tue,19,24.414182740023815
R-072,Badminton,2026-02-23 18:13:26.849282,2026-02-24 19:00:00,Tue,19,24.775875199422064
R-074,Tennis,2026-02-23 21:44:47.384821,2026-02-24 19:00:00,Tue,19,21.25350421650217
R-085,Tennis,2026-02-23 19:21:44.810570,2026-02-24 19:00:00,Tue,19,23.637552619434796
R-065,Tennis,2026-02-23 18:29:37.881139,2026-02-24 19:00:00,Tue,19,24.506144128177933
R-089,Badminton,2026-02-23 17:33:45.545038,2026-02-24 19:00:00,Tue,19,25.437348600691266
R-038,Badminton,2026-02-23 18:13:51.575757,2026-02-24 19:00:00,Tue,19,24.769006734103883
R-069,Tennis,2026-02-23 18:04:06.447759,2026-02-24 19:00:00,Tue,19,24.93154228923884
R-092,Tennis,2026-02-23 19:39:23.777951,2026-02-24 19:00:00,Tue,19,23.34339501350802
R-076,Tennis,2026-02-23 20:16:33.657075,2026-02-24 19:00:00,Tue,19,22.723984145897823
R-024,Badminton,2026-02-23 17:53:30.543465,2026-02-24 19:00:00,Tue,19,25.108182370802794
R-075,Tennis,2026-02-23 18:27:12.060551,2026-02-24 19:00:00,Tue,19,24.54664984695307
R-057,Badminton,2026-02-23 18:55:58.973065,2026-02-24 19:00:00,Tue,19,24.066951926345798
R-083,Badminton,2026-02-23 20:29:37.718482,2026-02-24 19:00:00,Tue,19,22.506189310548272
R-095,Badminton,2026-02-23 21:19:13.360341,2026-02-24 19:00:00,Tue,19,21.679622127633664
R-018,Tennis,2026-02-23 16:23:29.710831,2026-02-24 19:00:00,Tue,19,26.608413658166388
R-056,Tennis,2026-02-23 20:13:31.930117,2026-02-24 19:00:00,Tue,19,22.77446385647752
R-040,Tennis,2026-02-23 18:17:02.559933,2026-02-24 19:00:00,Tue,19,24.715955574123335
R-107,Badminton,2026-02-23 20:09:38.852100,2026-02-24 20:00:00,Tue,20,23.839207749879616
R-087,Gym,2026-02-25 04:26:29.329608,2026-02-25 07:00:00,Wed,7,2.5585195532566645
R-081,Gym,2026-02-25 04:06:43.484530,2026-02-25 07:00:00,Wed,7,2.8879209639165815
R-094,Gym,2026-02-25 03:45:17.569939,2026-02-25 07:00:00,Wed,7,3.2451194612745624
R-053,Gym,2026-02-25 03:42:53.208524,2026-02-25 07:00:00,Wed,7,3.2852198543368347
R-091,Pool,2026-02-25 03:24:34.192637,2026-02-25 07:00:00,Wed,7,3.590502045332868
R-055,Pool,2026-02-25 04:06:12.697867,2026-02-25 07:00:00,Wed,7,2.8964728146179524
R-020,Pool,2026-02-25 04:40:21.006893,2026-02-25 07:00:00,Wed,7,2.327498085193095
R-058,Gym,2026-02-25 03:49:23.200143,2026-02-25 07:00:00,Wed,7,3.1768888491912772
R-078,Gym,2026-02-25 04:10:43.644242,2026-02-25 07:00:00,Wed,7,2.8212099328464824
R-015,Gym,2026-02-25 04:10:00.271513,2026-02-25 07:00:00,Wed,7,2.8332579130838993
R-035,Gym,2026-02-25 04:29:12.861160,2026-02-25 07:00:00,Wed,7,2.5130941221760343
R-084,Gym,2026-02-25 03:28:54.423873,2026-02-25 07:00:00,Wed,7,3.5182155908541417
R-012,Gym,2026-02-25 04:20:39.211344,2026-02-25 07:00:00,Wed,7,2.655774626780759
R-049,Gym,2026-02-25 03:50:06.094454,2026-02-25 07:00:00,Wed,7,3.1649737627472043
R-090,Pool,2026-02-25 04:51:55.085625,2026-02-25 07:00:00,Wed,7,2.1346984376027347
R-117,Gym,2026-02-25 04:20:29.644851,2026-02-25 07:00:00,Wed,7,2.6584319858049215
R-073,Gym,2026-02-25 03:27:15.730232,2026-02-25 07:00:00,Wed,7,3.545630491164121
R-042,Gym,2026-02-25 03:43:04.147602,2026-02-25 07:00:00,Wed,7,3.282181221802898
R-088,Gym,2026-02-25 03:17:32.381124,2026-02-25 07:00:00,Wed,7,3.7076719100729063
R-061,Gym,2026-02-25 04:12:25.925091,2026-02-25 07:00:00,Wed,7,2.7927985859649844
R-070,Gym,2026-02-25 03:34:30.915504,2026-02-25 07:00:00,Wed,7,3.424745693236122
R-108,Gym,2026-02-25 03:41:38.521743,2026-02-25 07:00:00,Wed,7,3.305966182631296
R-101,Gym,2026-02-25 04:32:35.907671,2026-02-25 07:00:00,Wed,7,2.4566923134773146
R-066,Gym,2026-02-25 03:28:36.229780,2026-02-25 07:00:00,Wed,7,3.523269505640653
R-071,Clubhouse,2026-02-24 21:55:39.511234,2026-02-25 12:00:00,Wed,12,14.072357990650804
R-114,Badminton,2026-02-25 00:00:05.128274,2026-02-25 15:00:00,Wed,15,14.99857547948008
R-005,Gym,2026-02-25 14:23:03.856953,2026-02-25 18:00:00,Wed,18,3.6155952908026325
R-017,Gym,2026-02-25 14:37:01.890024,2026-02-25 18:00:00,Wed,18,3.382808326610687
R-111,Gym,2026-02-25 15:14:47.450016,2026-02-25 18:00:00,Wed,18,2.753486106719995
R-003,Gym,2026-02-25 15:30:54.314447,2026-02-25 18:00:00,Wed,18,2.484912653612237
R-071,Tennis,2026-02-26 00:38:46.085019,2026-02-26 13:00:00,Thu,13,12.35386527255583
R-080,Badminton,2026-02-26 07:12:13.499436,2026-02-26 16:00:00,Thu,16,8.79625015661891
R-034,Gym,2026-02-26 01:40:27.192791,2026-02-26 17:00:00,Thu,17,15.325779780312828
R-063,Clubhouse,2026-02-26 07:14:18.510267,2026-02-26 18:00:00,Thu,18,10.761524925837248
R-059,Tennis,2026-02-25 17:39:33.554486,2026-02-26 19:00:00,Thu,19,25.340679309568102
R-018,Badminton,2026-02-25 18:38:54.522746,2026-02-26 19:00:00,Thu,19,24.351521459373416
R-056,Badminton,2026-02-25 17:23:36.247512,2026-02-26 19:00:00,Thu,19,25.606597913208383
R-076,Badminton,2026-02-25 15:48:30.007330,2026-02-26 19:00:00,Thu,19,27.191664630630346
R-075,Badminton,2026-02-25 16:41:11.131409,2026-02-26 19:00:00,Thu,19,26.31357460871871
R-089,Badminton,2026-02-25 22:47:53.150111,2026-02-26 19:00:00,Thu,19,20.201902747016124
R-040,Badminton,2026-02-25 16:02:40.710587,2026-02-26 19:00:00,Thu,19,26.955358170270053
R-116,Tennis,2026-02-25 23:27:05.020022,2026-02-26 19:00:00,Thu,19,19.548605549346583
R-023,Badminton,2026-02-25 20:04:46.328576,2026-02-26 19:00:00,Thu,19,22.920464284558754
R-006,Badminton,2026-02-25 20:23:34.732353,2026-02-26 19:00:00,Thu,19,22.607018790714005
R-095,Tennis,2026-02-25 18:01:19.545306,2026-02-26 19:00:00,Thu,19,24.977904081567107
R-038,Tennis,2026-02-25 18:57:15.410074,2026-02-26 19:00:00,Thu,19,24.04571942391093
R-085,Badminton,2026-02-25 16:09:27.357295,2026-02-26 19:00:00,Thu,19,26.8424007513276
R-024,Badminton,2026-02-25 21:45:53.724170,2026-02-26 19:00:00,Thu,19,21.23507661949258
R-092,Badminton,2026-02-25 19:51:05.514392,2026-02-26 19:00:00,Thu,19,23.148468224467404
R-069,Badminton,2026-02-25 19:28:31.969164,2026-02-26 19:00:00,Thu,19,23.52445301003748
R-057,Badminton,2026-02-25 18:42:48.605762,2026-02-26 19:00:00,Thu,19,24.28649839955469
R-107,Tennis,2026-02-25 18:30:25.091174,2026-02-26 19:00:00,Thu,19,24.49303022951515
R-074,Tennis,2026-02-25 21:31:52.355267,2026-02-26 19:00:00,Thu,19,21.468790203516946
R-083,Tennis,2026-02-25 22:36:52.531736,2026-02-26 20:00:00,Thu,20,21.385407851044402
R-002,Badminton,2026-02-26 00:01:53.578538,2026-02-26 20:00:00,Thu,20,19.96845040598106
R-100,Tennis,2026-02-25 21:11:26.268427,2026-02-26 20:00:00,Thu,20,22.8093698813245
R-097,Badminton,2026-02-25 17:21:23.800583,2026-02-26 20:00:00,Thu,20,26.643388726929377
R-090,Gym,2026-02-27 02:54:29.438886,2026-02-27 07:00:00,Fri,7,4.091822531656386
R-073,Gym,2026-02-27 03:52:51.583256,2026-02-27 07:00:00,Fri,7,3.1190046510750182
R-061,Gym,2026-02-27 03:58:57.734878,2026-02-27 07:00:00,Fri,7,3.0172958672071046
R-012,Gym,2026-02-27 03:52:28.006690,2026-02-27 07:00:00,Fri,7,3.1255536971087254
R-117,Gym,2026-02-27 03:25:22.645144,2026-02-27 07:00:00,Fri,7,3.5770430155097377
R-101,Gym,2026-02-27 04:32:17.084412,2026-02-27 07:00:00,Fri,7,2.4619209967277254
R-003,Gym,2026-02-27 03:21:00.527444,2026-02-27 07:00:00,Fri,7,3.6498534876948483
R-049,Gym,2026-02-27 03:50:32.021570,2026-02-27 07:00:00,Fri,7,3.157771786214153
R-108,Gym,2026-02-27 04:06:22.703016,2026-02-27 07:00:00,Fri,7,2.8936936065557335
R-042,Gym,2026-02-27 04:05:14.167822,2026-02-27 07:00:00,Fri,7,2.912731160621181
R-111,Gym,2026-02-27 03:30:17.076333,2026-02-27 07:00:00,Fri,7,3.49525657424429
R-088,Gym,2026-02-27 03:52:12.189283,2026-02-27 07:00:00,Fri,7,3.129947421377235
R-025,Gym,2026-02-27 03:30:13.716325,2026-02-27 07:00:00,Fri,7,3.496189909618875
R-087,Gym,2026-02-27 04:17:53.962672,2026-02-27 07:00:00,Fri,7,2.7016770355228483
R-015,Gym,2026-02-27 04:03:20.956852,2026-02-27 07:00:00,Fri,7,2.944178652212689
R-070,Gym,2026-02-27 04:09:42.331808,2026-02-27 07:00:00,Fri,7,2.8382411643073766
R-053,Gym,2026-02-27 03:49:31.912676,2026-02-27 07:00:00,Fri,7,3.174468701222777
R-091,Gym,2026-02-27 04:25:31.699218,2026-02-27 07:00:00,Fri,7,2.574527995083791
R-066,Gym,2026-02-27 03:51:20.244336,2026-02-27 07:00:00,Fri,7,3.1443765732749966
R-094,Pool,2026-02-27 02:58:41.871343,2026-02-27 07:00:00,Fri,7,4.021702404705264
R-020,Gym,2026-02-27 04:41:05.020876,2026-02-27 07:00:00,Fri,7,2.3152719787793448
R-055,Gym,2026-02-27 03:37:03.685801,2026-02-27 07:00:00,Fri,7,3.382309499784621
R-017,Gym,2026-02-27 04:16:05.050524,2026-02-27 07:00:00,Fri,7,2.7319304098671813
R-078,Gym,2026-02-27 03:50:26.200467,2026-02-27 07:00:00,Fri,7,3.159388759303182
R-099,Tennis,2026-02-26 20:28:16.183001,2026-02-27 08:00:00,Fri,8,11.528838055281499
R-010,Gym,2026-02-26 14:37:39.780930,2026-02-27 09:00:00,Fri,9,18.372283075041302
R-118,Badminton,2026-02-27 00:14:08.036250,2026-02-27 14:00:00,Fri,14,13.764434375065072
R-115,Tennis,2026-02-27 07:35:57.110381,2026-02-27 17:00:00,Fri,17,9.400802671806638
R-035,Gym,2026-02-27 14:54:33.074192,2026-02-27 18:00:00,Fri,18,3.0908127243832295
R-052,Tennis,2026-02-27 06:14:53.657848,2026-02-27 18:00:00,Fri,18,11.751761708912388
R-081,Gym,2026-02-27 14:54:19.376857,2026-02-27 18:00:00,Fri,18,3.0946175397868365
R-084,Gym,2026-02-27 15:26:00.691798,2026-02-27 18:00:00,Fri,18,2.5664745004281335
R-120,Badminton,2026-02-27 16:24:28.667414,2026-02-28 09:00:00,Sat,9,16.59203682953354
R-019,Clubhouse,2026-02-27 22:15:47.275256,2026-02-28 11:00:00,Sat,11,12.736867984492504
R-010,Badminton,2026-02-27 21:04:49.794917,2026-02-28 12:00:00,Sat,12,14.91950141204557
R-027,Clubhouse,2026-02-27 23:46:30.557420,2026-02-28 13:00:00,Sat,13,13.224845161143257
R-105,Pool,2026-02-28 08:25:13.231512,2026-02-28 15:00:00,Sat,15,6.579657913366954
R-062,Pool,2026-02-28 09:01:32.889995,2026-02-28 15:00:00,Sat,15,5.974197223492551
R-093,Pool,2026-02-28 08:54:17.810802,2026-02-28 15:00:00,Sat,15,6.095052555063887
R-098,Pool,2026-02-28 07:01:01.879246,2026-02-28 15:00:00,Sat,15,7.982811320476566
R-045,Pool,2026-02-28 09:29:46.754968,2026-02-28 15:00:00,Sat,15,5.503679175691344
R-102,Pool,2026-02-28 08:35:32.315662,2026-02-28 15:00:00,Sat,15,6.407690093853946
R-119,Pool,2026-02-28 09:27:45.641785,2026-02-28 15:00:00,Sat,15,5.537321726357317
R-043,Pool,2026-02-28 09:10:44.994171,2026-02-28 15:00:00,Sat,15,5.8208349524863525
R-079,Pool,2026-02-28 07:57:56.119196,2026-02-28 15:00:00,Sat,15,7.0344113345072605
R-050,Clubhouse,2026-02-28 09:23:52.395723,2026-02-28 15:00:00,Sat,15,5.6021122991976116
R-026,Pool,2026-02-28 09:49:09.240852,2026-02-28 15:00:00,Sat,15,5.180766429929286
R-009,Pool,2026-02-28 09:53:39.943487,2026-02-28 15:00:00,Sat,15,5.1055712535588285
R-047,Pool,2026-02-28 09:44:37.706092,2026-02-28 15:00:00,Sat,15,5.256192752296325
R-112,Pool,2026-02-28 09:21:02.618372,2026-02-28 15:00:00,Sat,15,5.649272674368646
R-028,Pool,2026-02-28 11:47:10.067576,2026-02-28 15:00:00,Sat,15,3.2138701176573172
R-077,Pool,2026-02-28 09:42:12.893261,2026-02-28 15:00:00,Sat,15,5.296418538565096
R-030,Pool,2026-02-28 09:59:02.530490,2026-02-28 15:00:00,Sat,15,5.0159637529019045
R-013,Pool,2026-02-28 10:30:36.639069,2026-02-28 15:00:00,Sat,15,4.489822480781737
R-041,Pool,2026-02-28 08:19:43.081117,2026-02-28 15:00:00,Sat,15,6.671366356286116
R-067,Pool,2026-02-28 09:44:10.668090,2026-02-28 15:00:00,Sat,15,5.263703308416078
R-016,Pool,2026-02-28 09:51:23.247682,2026-02-28 15:00:00,Sat,15,5.143542310544417
R-096,Clubhouse,2026-02-28 10:14:58.610838,2026-02-28 15:00:00,Sat,15,4.750385878409201
R-022,Pool,2026-02-28 11:05:32.894903,2026-02-28 15:00:00,Sat,15,3.9075291935838363
R-103,Pool,2026-02-28 09:27:56.462890,2026-02-28 15:00:00,Sat,15,5.5343158638026235
R-004,Pool,2026-02-28 08:10:57.440110,2026-02-28 15:00:00,Sat,15,6.817377747318731
R-014,Pool,2026-02-28 09:10:39.009083,2026-02-28 15:00:00,Sat,15,5.822497476876015
R-086,Clubhouse,2026-02-28 08:50:11.174368,2026-02-28 15:00:00,Sat,15,6.163562675688376
R-068,Clubhouse,2026-02-28 08:38:44.782448,2026-02-28 15:00:00,Sat,15,6.354227097890831
R-007,Clubhouse,2026-02-28 09:23:59.604054,2026-02-28 16:00:00,Sat,16,6.600109984979219
R-082,Clubhouse,2026-02-28 10:09:37.503101,2026-02-28 16:00:00,Sat,16,5.839582472069381
R-008,Clubhouse,2026-02-28 10:42:56.712036,2026-02-28 16:00:00,Sat,16,5.2842466565768795
R-011,Clubhouse,2026-02-28 09:03:30.828434,2026-02-28 16:00:00,Sat,16,6.941436545990806
R-064,Clubhouse,2026-02-28 12:21:07.917697,2026-02-28 16:00:00,Sat,16,3.6478006398471328
R-032,Pool,2026-02-28 09:24:17.204765,2026-02-28 16:00:00,Sat,16,6.595220898528094
R-039,Clubhouse,2026-02-28 09:01:14.247985,2026-02-28 16:00:00,Sat,16,6.979375559654578
R-060,Clubhouse,2026-02-28 08:53:33.212005,2026-02-28 16:00:00,Sat,16,7.107441109686471
R-048,Badminton,2026-02-28 08:01:41.126390,2026-02-28 18:00:00,Sat,18,9.97190933605531
R-107,Tennis,2026-02-27 21:59:11.233654,2026-02-28 19:00:00,Sat,19,21.013546207283046
R-095,Tennis,2026-02-27 19:44:05.176769,2026-02-28 19:00:00,Sat,19,23.265228675300392
R-006,Tennis,2026-02-28 00:16:20.485412,2026-02-28 19:00:00,Sat,19,18.727642941197374
R-076,Tennis,2026-02-27 15:28:32.794450,2026-02-28 19:00:00,Sat,19,27.524223764021652
R-100,Tennis,2026-02-27 19:11:15.257897,2026-02-28 19:00:00,Sat,19,23.812428361823404
R-065,Badminton,2026-02-27 21:52:00.270509,2026-02-28 19:00:00,Sat,19,21.133258191938836
R-002,Badminton,2026-02-27 21:50:31.233707,2026-02-28 19:00:00,Sat,19,21.157990636897363
R-092,Tennis,2026-02-27 18:53:13.248923,2026-02-28 19:00:00,Sat,19,24.112986410228114
R-072,Tennis,2026-02-27 19:15:45.647530,2026-02-28 19:00:00,Sat,19,23.73732013061965
R-069,Badminton,2026-02-27 20:44:04.110893,2026-02-28 19:00:00,Sat,19,22.265524751875777
R-083,Tennis,2026-02-27 19:40:32.279664,2026-02-28 19:00:00,Sat,19,23.324366760097767
R-085,Tennis,2026-02-27 18:18:41.600306,2026-02-28 19:00:00,Sat,19,24.688444359518353
R-059,Tennis,2026-02-27 18:50:07.263598,2026-02-28 19:00:00,Sat,19,24.164649000469463
R-074,Tennis,2026-02-27 21:21:26.269093,2026-02-28 20:00:00,Sat,20,22.642703029704865
R-116,Tennis,2026-02-27 21:22:15.036745,2026-02-28 20:00:00,Sat,20,22.62915645973122
R-097,Badminton,2026-02-27 23:22:24.359065,2026-02-28 20:00:00,Sat,20,20.626566926477633
R-056,Tennis,2026-02-27 21:00:02.944407,2026-02-28 20:00:00,Sat,20,22.999182109269277
R-057,Badminton,2026-02-27 18:13:19.562467,2026-02-28 20:00:00,Sat,20,25.777899314604447
R-024,Tennis,2026-02-27 18:31:01.603812,2026-02-28 20:00:00,Sat,20,25.482887830006213
R-089,Badminton,2026-02-27 19:02:34.664054,2026-02-28 20:00:00,Sat,20,24.957037762646454
R-023,Badminton,2026-02-27 19:13:07.119256,2026-02-28 20:00:00,Sat,20,24.781355762329635
R-071,Tennis,2026-02-28 23:14:59.432746,2026-03-01 09:00:00,Sun,9,9.75015757053928
R-021,Gym,2026-02-28 23:17:15.575599,2026-03-01 10:00:00,Sun,10,10.712340111409393
R-104,Tennis,2026-02-28 17:24:09.013718,2026-03-01 11:00:00,Sun,11,17.59749618955623
R-010,Tennis,2026-03-01 08:37:02.588167,2026-03-01 14:00:00,Sun,14,5.382614398093356
R-047,Clubhouse,2026-03-01 09:59:02.640948,2026-03-01 15:00:00,Sun,15,5.015933069932163
R-044,Pool,2026-03-01 08:06:12.269314,2026-03-01 15:00:00,Sun,15,6.896591857153807
R-045,Pool,2026-03-01 08:45:08.362281,2026-03-01 15:00:00,Sun,15,6.247677144193654
R-014,Pool,2026-03-01 08:54:50.195531,2026-03-01 15:00:00,Sun,15,6.0860567969671004
R-060,Clubhouse,2026-03-01 09:06:58.752023,2026-03-01 15:00:00,Sun,15,5.8836799935766635
R-039,Pool,2026-03-01 08:51:48.197790,2026-03-01 15:00:00,Sun,15,6.136611725026994
R-032,Pool,2026-03-01 08:51:31.762923,2026-03-01 15:00:00,Sun,15,6.141176965810517
R-026,Pool,2026-03-01 09:37:13.652068,2026-03-01 15:00:00,Sun,15,5.3795410921039135
R-013,Pool,2026-03-01 09:18:35.970100,2026-03-01 15:00:00,Sun,15,5.690008305576262
R-030,Pool,2026-03-01 09:35:15.593070,2026-03-01 15:00:00,Sun,15,5.412335258430624
R-009,Pool,2026-03-01 10:32:18.376637,2026-03-01 15:00:00,Sun,15,4.461562045206767
R-086,Clubhouse,2026-03-01 09:46:10.137108,2026-03-01 15:00:00,Sun,15,5.23051746997474
R-007,Pool,2026-03-01 08:33:17.201997,2026-03-01 15:00:00,Sun,15,6.445221667411062
R-016,Clubhouse,2026-03-01 11:33:38.299652,2026-03-01 15:00:00,Sun,15,3.439361207720946
R-093,Pool,2026-03-01 10:10:33.706156,2026-03-01 15:00:00,Sun,15,4.823970512132805
R-028,Pool,2026-03-01 10:26:58.078281,2026-03-01 15:00:00,Sun,15,4.5505338107509115
R-050,Pool,2026-03-01 09:16:25.406542,2026-03-01 15:00:00,Sun,15,5.726275960622379
R-082,Pool,2026-03-01 10:22:05.369723,2026-03-01 15:00:00,Sun,15,4.6318417434766985
R-022,Clubhouse,2026-03-01 08:40:59.461221,2026-03-01 15:00:00,Sun,15,6.316816327578996
R-119,Pool,2026-03-01 10:30:09.912902,2026-03-01 15:00:00,Sun,15,4.497246416241173
R-102,Pool,2026-03-01 09:20:12.344710,2026-03-01 15:00:00,Sun,15,5.663237580653973
R-004,Pool,2026-03-01 07:36:49.662779,2026-03-01 15:00:00,Sun,15,7.38620478364408
R-067,Clubhouse,2026-03-01 09:24:09.903655,2026-03-01 15:00:00,Sun,15,5.597248984750787
R-110,Pool,2026-03-01 08:59:36.163985,2026-03-01 15:00:00,Sun,15,6.00662111538615
R-079,Pool,2026-03-01 11:11:05.432236,2026-03-01 16:00:00,Sun,16,4.815157712229492
R-103,Pool,2026-03-01 12:03:47.676750,2026-03-01 16:00:00,Sun,16,3.936756458246615
R-011,Pool,2026-03-01 10:03:04.718671,2026-03-01 16:00:00,Sun,16,5.948689258128673
R-033,Pool,2026-03-01 10:07:39.738274,2026-03-01 16:00:00,Sun,16,5.872294923985915
R-043,Pool,2026-03-01 09:06:37.865806,2026-03-01 16:00:00,Sun,16,6.889481720425117
R-105,Pool,2026-03-01 11:29:43.621985,2026-03-01 16:00:00,Sun,16,4.504549448622122
R-098,Pool,2026-03-01 10:18:10.131200,2026-03-01 16:00:00,Sun,16,5.697185777915733
R-096,Clubhouse,2026-03-01 11:32:41.117958,2026-03-01 16:00:00,Sun,16,4.455245011740314
R-051,Clubhouse,2026-03-01 11:06:29.910612,2026-03-01 16:00:00,Sun,16,4.8916914966784795
R-062,Pool,2026-03-01 09:23:19.026522,2026-03-01 16:00:00,Sun,16,6.611381521727258
R-008,Pool,2026-03-01 09:45:30.462802,2026-03-01 16:00:00,Sun,16,6.241538110635444
R-041,Pool,2026-03-01 09:02:39.452929,2026-03-01 16:00:00,Sun,16,6.95570751967783
R-066,Gym,2026-03-02 04:34:56.029917,2026-03-02 07:00:00,Mon,7,2.417769467372402
R-017,Gym,2026-03-02 04:14:41.997535,2026-03-02 07:00:00,Mon,7,2.755000684665454
R-088,Gym,2026-03-02 04:06:04.682670,2026-03-02 07:00:00,Mon,7,2.8986992583434317
R-012,Gym,2026-03-02 03:43:48.796379,2026-03-02 07:00:00,Mon,7,3.269778783521045
R-111,Gym,2026-03-02 04:37:19.545394,2026-03-02 07:00:00,Mon,7,2.377904057282177
R-084,Gym,2026-03-02 03:12:36.291770,2026-03-02 07:00:00,Mon,7,3.7899189528676693
R-025,Gym,2026-03-02 03:31:29.104540,2026-03-02 07:00:00,Mon,7,3.47524873893701
R-108,Gym,2026-03-02 04:28:19.243563,2026-03-02 07:00:00,Mon,7,2.527987899091557
R-053,Gym,2026-03-02 03:35:13.718923,2026-03-02 07:00:00,Mon,7,3.4128558547644205
R-117,Gym,2026-03-02 04:27:33.139043,2026-03-02 07:00:00,Mon,7,2.540794710307763
R-101,Gym,2026-03-02 04:53:21.627323,2026-03-02 07:00:00,Mon,7,2.1106590770658924
R-078,Gym,2026-03-02 03:05:00.662728,2026-03-02 07:00:00,Mon,7,3.9164825755552832
R-090,Gym,2026-03-02 04:22:09.785034,2026-03-02 07:00:00,Mon,7,2.630615268308579
R-058,Gym,2026-03-02 03:38:03.315658,2026-03-02 07:00:00,Mon,7,3.3657456505619043
R-042,Pool,2026-03-02 02:39:50.039636,2026-03-02 07:00:00,Mon,7,4.336100101232507
R-070,Gym,2026-03-02 04:19:58.861067,2026-03-02 07:00:00,Mon,7,2.666983036943584
R-035,Gym,2026-03-02 04:36:23.928384,2026-03-02 07:00:00,Mon,7,2.393353226609907
R-073,Gym,2026-03-02 04:10:08.942354,2026-03-02 07:00:00,Mon,7,2.830849346167441
R-005,Gym,2026-03-02 03:51:10.884673,2026-03-02 07:00:00,Mon,7,3.1469764796379485
R-049,Gym,2026-03-02 03:43:57.485426,2026-03-02 07:00:00,Mon,7,3.2673651594176043
R-003,Gym,2026-03-02 04:23:17.610932,2026-03-02 07:00:00,Mon,7,2.611774741228168
R-081,Gym,2026-03-02 04:00:07.769528,2026-03-02 07:00:00,Mon,7,2.997841797875197
R-020,Gym,2026-03-02 03:59:50.564308,2026-03-02 07:00:00,Mon,7,3.0026210255184416
R-094,Gym,2026-03-02 14:55:30.767969,2026-03-02 18:00:00,Mon,18,3.074786675385001
R-061,Gym,2026-03-02 14:23:57.500524,2026-03-02 18:00:00,Mon,18,3.600694298756224
R-091,Gym,2026-03-02 15:14:56.327580,2026-03-02 18:00:00,Mon,18,2.7510201166477133
R-087,Gym,2026-03-02 14:48:13.989995,2026-03-02 18:00:00,Mon,18,3.196113890377611
R-055,Gym,2026-03-02 15:06:43.775156,2026-03-02 18:00:00,Mon,18,2.8878402343479386
R-037,Tennis,2026-03-02 19:28:07.341800,2026-03-03 12:00:00,Tue,12,16.531293944387787
R-113,Clubhouse,2026-03-03 01:26:33.204848,2026-03-03 15:00:00,Tue,15,13.557443097764503
R-027,Pool,2026-03-03 03:43:38.402601,2026-03-03 16:00:00,Tue,16,12.272665944292063
R-048,Gym,2026-03-03 04:25:07.849705,2026-03-03 16:00:00,Tue,16,11.581152859834729
R-109,Pool,2026-03-03 02:43:45.038518,2026-03-03 16:00:00,Tue,16,13.270822633986924
R-080,Pool,2026-03-03 03:36:12.113580,2026-03-03 17:00:00,Tue,17,13.396635116647063
R-104,Badminton,2026-03-03 01:06:12.541574,2026-03-03 17:00:00,Tue,17,15.896516229307563
R-095,Tennis,2026-03-02 19:44:43.439595,2026-03-03 19:00:00,Tue,19,23.254600112531307
R-089,Badminton,2026-03-02 19:26:33.124152,2026-03-03 19:00:00,Tue,19,23.557465513338048
R-006,Tennis,2026-03-02 17:39:43.503407,2026-03-03 19:00:00,Tue,19,25.337915720368933
R-002,Tennis,2026-03-02 20:52:53.856861,2026-03-03 19:00:00,Tue,19,22.118373094180658
R-040,Tennis,2026-03-02 18:38:14.875421,2026-03-03 19:00:00,Tue,19,24.36253460516113
R-100,Badminton,2026-03-02 19:40:29.795320,2026-03-03 19:00:00,Tue,19,23.325056855436422
R-059,Badminton,2026-03-02 14:57:55.290900,2026-03-03 19:00:00,Tue,19,28.03464141663308
R-107,Badminton,2026-03-02 16:35:14.951934,2026-03-03 19:00:00,Tue,19,26.41251335167913
R-056,Tennis,2026-03-02 19:24:42.756205,2026-03-03 19:00:00,Tue,19,23.58812327648409
R-076,Badminton,2026-03-02 20:03:47.204494,2026-03-03 19:00:00,Tue,19,22.93688764043839
R-116,Tennis,2026-03-02 20:31:35.501328,2026-03-03 19:00:00,Tue,19,22.473471853269395
R-023,Tennis,2026-03-02 18:54:34.598406,2026-03-03 19:00:00,Tue,19,24.090389331673883
R-069,Badminton,2026-03-02 18:49:42.835520,2026-03-03 19:00:00,Tue,19,24.171434577798667
R-075,Badminton,2026-03-02 20:47:19.846020,2026-03-03 19:00:00,Tue,19,22.211153883367146
R-018,Tennis,2026-03-02 15:50:12.411834,2026-03-03 19:00:00,Tue,19,27.163218935030606
R-024,Tennis,2026-03-02 17:14:41.322862,2026-03-03 19:00:00,Tue,19,25.755188093951414
R-083,Tennis,2026-03-02 18:27:11.193345,2026-03-03 19:00:00,Tue,19,24.546890737528706
R-065,Badminton,2026-03-02 20:46:22.514990,2026-03-03 19:00:00,Tue,19,22.227079169442202
R-092,Tennis,2026-03-02 20:23:02.883749,2026-03-03 19:00:00,Tue,19,22.615865625332873
R-072,Badminton,2026-03-02 18:07:40.345860,2026-03-03 19:00:00,Tue,19,24.87212615006421
R-038,Badminton,2026-03-02 19:01:43.828077,2026-03-03 20:00:00,Tue,20,24.971158867595957
R-084,Gym,2026-03-04 03:59:44.745411,2026-03-04 07:00:00,Wed,7,3.0042373857831866
R-066,Gym,2026-03-04 04:15:13.885188,2026-03-04 07:00:00,Wed,7,2.7461430033870973
R-020,Gym,2026-03-04 04:46:38.497316,2026-03-04 07:00:00,Wed,7,2.22263963450541
R-108,Gym,2026-03-04 03:39:21.651048,2026-03-04 07:00:00,Wed,7,3.3439858198682106
R-087,Gym,2026-03-04 04:14:41.752929,2026-03-04 07:00:00,Wed,7,2.755068630774204
R-015,Gym,2026-03-04 03:05:48.001609,2026-03-04 07:00:00,Wed,7,3.9033328864939953
R-061,Gym,2026-03-04 03:50:34.645036,2026-03-04 07:00:00,Wed,7,3.157043045605786
R-078,Pool,2026-03-04 03:19:16.079938,2026-03-04 07:00:00,Wed,7,3.6788666839318322
R-035,Gym,2026-03-04 04:39:05.199983,2026-03-04 07:00:00,Wed,7,2.3485555601429957
R-012,Gym,2026-03-04 03:47:23.434762,2026-03-04 07:00:00,Wed,7,3.2101570105057027
R-058,Gym,2026-03-04 04:35:52.015991,2026-03-04 07:00:00,Wed,7,2.4022177802953877
R-101,Gym,2026-03-04 04:28:22.136100,2026-03-04 07:00:00,Wed,7,2.5271844165881725
R-091,Gym,2026-03-04 04:07:10.391658,2026-03-04 07:00:00,Wed,7,2.8804467616118314
R-073,Gym,2026-03-04 04:19:08.882472,2026-03-04 07:00:00,Wed,7,2.680865980109059
R-017,Gym,2026-03-04 03:59:01.996967,2026-03-04 07:00:00,Wed,7,3.0161119536421874
R-049,Gym,2026-03-04 03:37:09.989422,2026-03-04 07:00:00,Wed,7,3.3805584938914004
R-081,Gym,2026-03-04 03:10:20.198477,2026-03-04 07:00:00,Wed,7,3.82772264541488
R-070,Gym,2026-03-04 03:45:18.460583,2026-03-04 07:00:00,Wed,7,3.244872060404671
R-117,Gym,2026-03-04 04:21:16.592604,2026-03-04 07:00:00,Wed,7,2.6453909432045757
R-053,Gym,2026-03-04 03:04:19.589624,2026-03-04 07:00:00,Wed,7,3.9278917711529124
R-034,Tennis,2026-03-03 23:54:31.408034,2026-03-04 12:00:00,Wed,12,12.091275546165015
R-052,Gym,2026-03-04 02:01:28.898195,2026-03-04 13:00:00,Wed,13,10.975306057074084
R-071,Tennis,2026-03-04 05:15:40.498142,2026-03-04 15:00:00,Wed,15,9.738750516150425
R-055,Gym,2026-03-04 13:32:53.334668,2026-03-04 18:00:00,Wed,18,4.451851481074443
R-094,Pool,2026-03-04 15:50:02.843088,2026-03-04 18:00:00,Wed,18,2.1658769199527903
R-090,Gym,2026-03-04 14:30:58.317725,2026-03-04 18:00:00,Wed,18,3.4838006318748675
R-111,Gym,2026-03-04 15:03:11.301811,2026-03-04 18:00:00,Wed,18,2.9468606080559723
R-019,Tennis,2026-03-05 03:11:38.483970,2026-03-05 12:00:00,Thu,12,8.805976675067164
R-120,Tennis,2026-03-05 02:28:41.379423,2026-03-05 13:00:00,Thu,13,10.52183904930074
R-046,Badminton,2026-03-05 07:41:27.857999,2026-03-05 14:00:00,Thu,14,6.308928333560838
R-021,Badminton,2026-03-05 02:51:55.437678,2026-03-05 17:00:00,Thu,17,14.13460064511069
R-040,Badminton,2026-03-04 19:34:50.181673,2026-03-05 19:00:00,Thu,19,23.41939397967398
R-018,Badminton,2026-03-04 19:25:15.249778,2026-03-05 19:00:00,Thu,19,23.579097283898353
R-100,Badminton,2026-03-04 21:23:46.695981,2026-03-05 19:00:00,Thu,19,21.603695560941166
R-083,Badminton,2026-03-04 22:28:45.719652,2026-03-05 19:00:00,Thu,19,20.520633429938005
R-076,Badminton,2026-03-04 17:14:32.804176,2026-03-05 19:00:00,Thu,19,25.75755439567304
R-095,Tennis,2026-03-04 19:27:08.426301,2026-03-05 19:00:00,Thu,19,23.547659360714658
R-023,Badminton,2026-03-04 18:21:34.117450,2026-03-05 19:00:00,Thu,19,24.64052293045265
R-107,Tennis,2026-03-04 20:51:38.709309,2026-03-05 19:00:00,Thu,19,22.139247414103814
R-024,Badminton,2026-03-04 15:11:38.914777,2026-03-05 19:00:00,Thu,19,27.80585700635637
R-089,Tennis,2026-03-04 19:21:12.051447,2026-03-05 19:00:00,Thu,19,23.646652375945305
R-006,Badminton,2026-03-04 18:24:08.262679,2026-03-05 19:00:00,Thu,19,24.597704811370164
R-002,Badminton,2026-03-04 16:31:11.509215,2026-03-05 19:00:00,Thu,19,26.48013632913992
R-092,Tennis,2026-03-04 19:18:31.637038,2026-03-05 19:00:00,Thu,19,23.691211933777403
R-057,Tennis,2026-03-04 16:37:43.754127,2026-03-05 19:00:00,Thu,19,26.37117940912121
R-069,Badminton,2026-03-04 19:27:59.177567,2026-03-05 19:00:00,Thu,19,23.533561786840142
R-074,Badminton,2026-03-04 14:54:48.110869,2026-03-05 19:00:00,Thu,19,28.086635869727118
R-038,Badminton,2026-03-04 18:14:45.170995,2026-03-05 19:00:00,Thu,19,24.754119168020598
R-072,Badminton,2026-03-04 18:16:04.832267,2026-03-05 19:00:00,Thu,19,24.731991037006928
R-116,Badminton,2026-03-04 17:54:24.983210,2026-03-05 20:00:00,Thu,20,26.093060219463343
R-085,Badminton,2026-03-04 21:47:16.057317,2026-03-05 20:00:00,Thu,20,22.212206300779496
R-075,Tennis,2026-03-04 20:51:06.871635,2026-03-05 20:00:00,Thu,20,23.148091212501843
R-055,Gym,2026-03-06 04:00:51.399282,2026-03-06 07:00:00,Fri,7,2.9857224216855016
R-117,Gym,2026-03-06 04:47:07.519597,2026-03-06 07:00:00,Fri,7,2.2145778896211805
R-088,Gym,2026-03-06 04:45:43.830475,2026-03-06 07:00:00,Fri,7,2.237824868118276
R-081,Gym,2026-03-06 03:55:41.141380,2026-03-06 07:00:00,Fri,7,3.0719051721948807
R-049,Pool,2026-03-06 02:43:18.638587,2026-03-06 07:00:00,Fri,7,4.278155947995728
R-025,Pool,2026-03-06 02:59:07.763328,2026-03-06 07:00:00,Fri,7,4.014510186593227
R-108,Gym,2026-03-06 04:32:20.765433,2026-03-06 07:00:00,Fri,7,2.460898490783315
R-090,Gym,2026-03-06 03:32:41.389185,2026-03-06 07:00:00,Fri,7,3.455169670781965
R-005,Gym,2026-03-06 04:20:34.160875,2026-03-06 07:00:00,Fri,7,2.6571775348029005
R-091,Gym,2026-03-06 04:31:32.952223,2026-03-06 07:00:00,Fri,7,2.4741799379839753
R-078,Gym,2026-03-06 04:01:34.873995,2026-03-06 07:00:00,Fri,7,2.9736461125838467
R-035,Pool,2026-03-06 04:23:53.915722,2026-03-06 07:00:00,Fri,7,2.6016900772511433
R-111,Gym,2026-03-06 04:24:53.337866,2026-03-06 07:00:00,Fri,7,2.5851839262246576
R-084,Gym,2026-03-06 03:33:34.645886,2026-03-06 07:00:00,Fri,7,3.440376142907302
R-020,Gym,2026-03-06 03:33:23.674337,2026-03-06 07:00:00,Fri,7,3.4434237953140414
R-058,Gym,2026-03-06 04:31:18.968748,2026-03-06 07:00:00,Fri,7,2.478064236701696
R-053,Gym,2026-03-06 03:03:46.910322,2026-03-06 07:00:00,Fri,7,3.936969355063096
R-101,Gym,2026-03-06 03:51:12.042943,2026-03-06 07:00:00,Fri,7,3.146654737968578
R-010,Tennis,2026-03-05 22:33:27.569468,2026-03-06 17:00:00,Fri,17,18.442341814444838
R-017,Gym,2026-03-06 15:22:18.938818,2026-03-06 18:00:00,Fri,18,2.628072550557768
R-066,Gym,2026-03-06 14:49:43.404575,2026-03-06 18:00:00,Fri,18,3.1712765068337947
R-015,Gym,2026-03-06 15:00:30.300657,2026-03-06 18:00:00,Fri,18,2.991583150853347
R-061,Gym,2026-03-06 15:01:11.533900,2026-03-06 18:00:00,Fri,18,2.9801294721741223
R-042,Gym,2026-03-06 14:06:18.626138,2026-03-06 18:00:00,Fri,18,3.894826072907485
R-094,Pool,2026-03-06 15:03:17.482921,2026-03-06 18:00:00,Fri,18,2.945143633131788
R-071,Pool,2026-03-06 05:37:20.596905,2026-03-06 19:00:00,Fri,19,13.377611970771822
R-114,Badminton,2026-03-06 18:44:46.236265,2026-03-07 09:00:00,Sat,9,14.25382325969439
R-054,Tennis,2026-03-06 19:30:42.878560,2026-03-07 09:00:00,Sat,9,13.488089288794043
R-028,Pool,2026-03-07 09:42:59.704315,2026-03-07 15:00:00,Sat,15,5.283415468105029
R-119,Pool,2026-03-07 10:02:11.435803,2026-03-07 15:00:00,Sat,15,4.9634900546701175
R-004,Pool,2026-03-07 08:26:15.038145,2026-03-07 15:00:00,Sat,15,6.562489404089853
R-011,Pool,2026-03-07 08:39:10.189659,2026-03-07 15:00:00,Sat,15,6.347169539223457
R-103,Pool,2026-03-07 08:23:11.391556,2026-03-07 15:00:00,Sat,15,6.613502345645896
R-007,Pool,2026-03-07 09:57:52.195707,2026-03-07 15:00:00,Sat,15,5.035501192632655
R-077,Clubhouse,2026-03-07 09:06:28.004287,2026-03-07 15:00:00,Sat,15,5.892221031329711
R-105,Pool,2026-03-07 08:26:03.695618,2026-03-07 15:00:00,Sat,15,6.565640106216117
R-060,Pool,2026-03-07 07:33:59.815312,2026-03-07 15:00:00,Sat,15,7.433384635454392
R-082,Pool,2026-03-07 09:37:00.228555,2026-03-07 15:00:00,Sat,15,5.383269845824131
R-079,Clubhouse,2026-03-07 08:35:35.924635,2026-03-07 15:00:00,Sat,15,6.406687601392209
R-030,Pool,2026-03-07 09:07:15.211769,2026-03-07 15:00:00,Sat,15,5.87910784192978
R-009,Pool,2026-03-07 09:07:12.462145,2026-03-07 15:00:00,Sat,15,5.8798716262897255
R-045,Pool,2026-03-07 06:34:35.626403,2026-03-07 15:00:00,Sat,15,8.423437110294735
R-032,Pool,2026-03-07 09:19:14.071300,2026-03-07 15:00:00,Sat,15,5.679424638845873
R-050,Clubhouse,2026-03-07 06:58:49.254189,2026-03-07 15:00:00,Sat,15,8.01965161415425
R-102,Clubhouse,2026-03-07 09:10:56.006855,2026-03-07 15:00:00,Sat,15,5.817775873657588
R-033,Pool,2026-03-07 09:37:06.660332,2026-03-07 15:00:00,Sat,15,5.381483241057803
R-098,Pool,2026-03-07 08:01:15.245940,2026-03-07 15:00:00,Sat,15,6.979098349861886
R-014,Clubhouse,2026-03-07 09:12:19.356961,2026-03-07 15:00:00,Sat,15,5.794623066264052
R-039,Pool,2026-03-07 09:00:49.828956,2026-03-07 15:00:00,Sat,15,5.986158623308633
R-110,Pool,2026-03-07 08:44:44.536866,2026-03-07 15:00:00,Sat,15,6.254295315005908
R-044,Pool,2026-03-07 08:31:06.889843,2026-03-07 15:00:00,Sat,15,6.48141948798156
R-062,Pool,2026-03-07 08:39:53.542734,2026-03-07 15:00:00,Sat,15,6.335127018347547
R-043,Pool,2026-03-07 08:47:35.558305,2026-03-07 15:00:00,Sat,15,6.2067893596576305
R-096,Pool,2026-03-07 08:03:59.774396,2026-03-07 15:00:00,Sat,15,6.933396001015956
R-093,Pool,2026-03-07 08:45:42.360182,2026-03-07 16:00:00,Sat,16,7.238233282641765
R-051,Pool,2026-03-07 10:22:16.837698,2026-03-07 16:00:00,Sat,16,5.628656194880829
R-086,Clubhouse,2026-03-07 11:40:09.524290,2026-03-07 16:00:00,Sat,16,4.330687697341412
R-016,Pool,2026-03-07 07:39:41.970557,2026-03-07 16:00:00,Sat,16,8.338341511909505
R-047,Pool,2026-03-07 09:31:03.362883,2026-03-07 16:00:00,Sat,16,6.482399199104377
R-068,Clubhouse,2026-03-07 08:53:04.451022,2026-03-07 16:00:00,Sat,16,7.115430271793249
R-067,Pool,2026-03-07 10:01:37.277834,2026-03-07 16:00:00,Sat,16,5.972978379339958
R-041,Pool,2026-03-07 09:38:26.181749,2026-03-07 16:00:00,Sat,16,6.359393958515382
R-112,Pool,2026-03-07 10:23:18.396948,2026-03-07 16:00:00,Sat,16,5.611556403323042
R-013,Pool,2026-03-07 09:51:16.007150,2026-03-07 16:00:00,Sat,16,6.145553569554985
R-116,Badminton,2026-03-06 21:08:34.633405,2026-03-07 19:00:00,Sat,19,21.857046276453858
R-076,Tennis,2026-03-06 21:55:46.568140,2026-03-07 19:00:00,Sat,19,21.070397738978397
R-083,Badminton,2026-03-06 22:24:01.960141,2026-03-07 19:00:00,Sat,19,20.59945551633488
R-085,Badminton,2026-03-06 16:29:49.099312,2026-03-07 19:00:00,Sat,19,26.50302796901828
R-092,Badminton,2026-03-06 15:26:17.771821,2026-03-07 19:00:00,Sat,19,27.56173004969155
R-069,Tennis,2026-03-06 19:31:26.089940,2026-03-07 19:00:00,Sat,19,23.476086127833643
R-057,Badminton,2026-03-06 16:48:40.345327,2026-03-07 19:00:00,Sat,19,26.188792964663875
R-023,Badminton,2026-03-06 15:59:02.954748,2026-03-07 19:00:00,Sat,19,27.01584590325742
R-097,Tennis,2026-03-06 18:45:38.048691,2026-03-07 19:00:00,Sat,19,24.239430919080657
R-095,Tennis,2026-03-06 16:32:58.230466,2026-03-07 19:00:00,Sat,19,26.450491537201593
R-072,Tennis,2026-03-06 20:21:58.843470,2026-03-07 19:00:00,Sat,19,22.633654591529755
R-100,Tennis,2026-03-06 16:43:21.354481,2026-03-07 19:00:00,Sat,19,26.277401532947096
R-038,Tennis,2026-03-06 17:13:29.944174,2026-03-07 19:00:00,Sat,19,25.775015507141365
R-018,Badminton,2026-03-06 19:34:18.792811,2026-03-07 19:00:00,Sat,19,23.428113108027098
R-002,Badminton,2026-03-06 16:52:17.901215,2026-03-07 19:00:00,Sat,19,26.12836077369008
R-024,Badminton,2026-03-06 15:01:00.000022,2026-03-07 19:00:00,Sat,19,27.983333327304972
R-074,Tennis,2026-03-06 20:54:06.569079,2026-03-07 19:00:00,Sat,19,22.09817525591344
R-107,Tennis,2026-03-06 16:34:54.131645,2026-03-07 19:00:00,Sat,19,26.418296765177118
R-006,Tennis,2026-03-06 17:47:19.542375,2026-03-07 19:00:00,Sat,19,25.21123822918991
R-059,Badminton,2026-03-06 21:09:32.725632,2026-03-07 19:00:00,Sat,19,21.84090954652925
R-089,Tennis,2026-03-06 18:52:03.635382,2026-03-07 19:00:00,Sat,19,24.13232350493825
R-040,Tennis,2026-03-06 19:42:24.777650,2026-03-07 19:00:00,Sat,19,23.293117319561148
R-075,Badminton,2026-03-06 19:41:47.224117,2026-03-07 20:00:00,Sat,20,24.303548856293844
R-010,Badminton,2026-03-07 22:37:56.776052,2026-03-08 08:00:00,Sun,8,9.367562207914109
R-079,Pool,2026-03-08 09:52:02.382899,2026-03-08 15:00:00,Sun,15,5.132671416879864
R-026,Pool,2026-03-08 08:41:05.201189,2026-03-08 15:00:00,Sun,15,6.315221891890717
R-032,Pool,2026-03-08 07:16:24.956717,2026-03-08 15:00:00,Sun,15,7.7264009118713854
R-009,Pool,2026-03-08 09:09:37.569783,2026-03-08 15:00:00,Sun,15,5.8395639493030895
R-033,Pool,2026-03-08 07:55:33.313320,2026-03-08 15:00:00,Sun,15,7.074079633226665
R-062,Pool,2026-03-08 08:59:02.234605,2026-03-08 15:00:00,Sun,15,6.016045942918965
R-044,Pool,2026-03-08 08:58:20.522438,2026-03-08 15:00:00,Sun,15,6.027632656005844
R-096,Pool,2026-03-08 08:37:58.216286,2026-03-08 15:00:00,Sun,15,6.3671621429041805
R-093,Pool,2026-03-08 09:18:47.406375,2026-03-08 15:00:00,Sun,15,5.686831562379495
R-105,Pool,2026-03-08 09:14:08.753864,2026-03-08 15:00:00,Sun,15,5.7642350378957765
R-077,Pool,2026-03-08 09:51:39.192348,2026-03-08 15:00:00,Sun,15,5.139113236616139
R-041,Pool,2026-03-08 08:25:14.421199,2026-03-08 15:00:00,Sun,15,6.5793274446569345
R-102,Clubhouse,2026-03-08 08:27:08.093022,2026-03-08 15:00:00,Sun,15,6.547751938304325
R-050,Pool,2026-03-08 10:05:27.547560,2026-03-08 15:00:00,Sun,15,4.909014566700844
R-045,Pool,2026-03-08 09:34:47.371745,2026-03-08 15:00:00,Sun,15,5.42017451532677
R-112,Pool,2026-03-08 09:35:38.970802,2026-03-08 15:00:00,Sun,15,5.4058414438381535
R-039,Clubhouse,2026-03-08 08:09:45.040525,2026-03-08 15:00:00,Sun,15,6.837488743168716
R-008,Clubhouse,2026-03-08 10:24:34.861336,2026-03-08 15:00:00,Sun,15,4.590316295496796
R-067,Pool,2026-03-08 08:24:20.149691,2026-03-08 15:00:00,Sun,15,6.594402863581677
R-014,Pool,2026-03-08 11:42:35.030453,2026-03-08 15:00:00,Sun,15,3.290269318526171
R-016,Clubhouse,2026-03-08 10:28:08.487680,2026-03-08 15:00:00,Sun,15,4.530975644374703
R-011,Pool,2026-03-08 09:18:34.821162,2026-03-08 15:00:00,Sun,15,5.690327454962375
R-068,Clubhouse,2026-03-08 07:43:05.644989,2026-03-08 15:00:00,Sun,15,7.281765280755002
R-028,Pool,2026-03-08 09:14:46.037337,2026-03-08 15:00:00,Sun,15,5.753878517449507
R-030,Pool,2026-03-08 08:50:57.560625,2026-03-08 15:00:00,Sun,15,6.15067760410503
R-004,Pool,2026-03-08 10:34:02.836072,2026-03-08 16:00:00,Sun,16,5.432545535631073
R-060,Clubhouse,2026-03-08 09:25:44.891792,2026-03-08 16:00:00,Sun,16,6.570863391122715
R-082,Pool,2026-03-08 10:15:15.496738,2026-03-08 16:00:00,Sun,16,5.745695350692221
R-103,Pool,2026-03-08 09:23:33.872575,2026-03-08 16:00:00,Sun,16,6.6072576181504665
R-086,Pool,2026-03-08 10:42:11.345312,2026-03-08 16:00:00,Sun,16,5.296848524324777
R-110,Pool,2026-03-08 09:30:34.474432,2026-03-08 16:00:00,Sun,16,6.490423769021113
R-119,Pool,2026-03-08 10:20:32.288503,2026-03-08 16:00:00,Sun,16,5.65769763811708
R-022,Pool,2026-03-08 09:10:45.942723,2026-03-08 16:00:00,Sun,16,6.82057146571512
R-043,Pool,2026-03-08 10:03:38.432571,2026-03-08 16:00:00,Sun,16,5.939324285782264
R-047,Clubhouse,2026-03-08 11:54:50.956208,2026-03-08 16:00:00,Sun,16,4.085845497916377
R-098,Pool,2026-03-08 11:19:09.654417,2026-03-08 16:00:00,Sun,16,4.680651550871605
R-034,Pool,2026-03-08 06:57:19.897367,2026-03-08 17:00:00,Sun,17,10.044472953733306
R-120,Gym,2026-03-08 04:36:45.919075,2026-03-08 19:00:00,Sun,19,14.387244701276188
R-042,Gym,2026-03-09 03:46:37.008280,2026-03-09 07:00:00,Mon,7,3.223053255581967
R-108,Gym,2026-03-09 04:04:31.620516,2026-03-09 07:00:00,Mon,7,2.924549856692016
R-087,Gym,2026-03-09 04:19:44.952405,2026-03-09 07:00:00,Mon,7,2.6708465541100264
R-053,Pool,2026-03-09 04:37:12.842935,2026-03-09 07:00:00,Mon,7,2.3797658514662015
R-073,Gym,2026-03-09 03:48:21.498572,2026-03-09 07:00:00,Mon,7,3.194028174506682
R-084,Gym,2026-03-09 03:43:55.958710,2026-03-09 07:00:00,Mon,7,3.267789247252848
R-091,Gym,2026-03-09 03:44:53.260114,2026-03-09 07:00:00,Mon,7,3.2518721904583625
R-017,Gym,2026-03-09 02:55:34.718740,2026-03-09 07:00:00,Mon,7,4.07368923890523
R-101,Gym,2026-03-09 03:40:25.672742,2026-03-09 07:00:00,Mon,7,3.326202016038448
R-078,Gym,2026-03-09 03:42:45.112962,2026-03-09 07:00:00,Mon,7,3.28746862179165
R-066,Gym,2026-03-09 03:57:37.354325,2026-03-09 07:00:00,Mon,7,3.039623798738828
R-035,Gym,2026-03-09 04:26:57.232408,2026-03-09 07:00:00,Mon,7,2.5507687754305786
R-055,Gym,2026-03-09 03:56:38.041158,2026-03-09 07:00:00,Mon,7,3.0560996784436276
R-049,Gym,2026-03-09 04:22:57.044473,2026-03-09 07:00:00,Mon,7,2.617487646280322
R-070,Gym,2026-03-09 03:48:22.893471,2026-03-09 07:00:00,Mon,7,3.193640702462843
R-012,Pool,2026-03-09 03:31:46.806171,2026-03-09 07:00:00,Mon,7,3.470331619189518
R-020,Gym,2026-03-09 03:40:17.816865,2026-03-09 07:00:00,Mon,7,3.328384204193692
R-090,Gym,2026-03-09 03:14:59.021831,2026-03-09 07:00:00,Mon,7,3.750271713504351
R-003,Gym,2026-03-09 04:40:45.057098,2026-03-09 07:00:00,Mon,7,2.320817472899372
R-094,Pool,2026-03-09 04:22:47.716035,2026-03-09 07:00:00,Mon,7,2.6200788792530556
R-025,Gym,2026-03-09 03:08:00.149302,2026-03-09 07:00:00,Mon,7,3.866625193789314
R-015,Gym,2026-03-09 03:38:30.446951,2026-03-09 07:00:00,Mon,7,3.3582091802656384
R-088,Gym,2026-03-09 03:52:57.283141,2026-03-09 07:00:00,Mon,7,3.117421349778224
R-111,Gym,2026-03-09 14:59:39.972316,2026-03-09 18:00:00,Mon,18,3.0055632454260577
R-117,Gym,2026-03-09 14:39:50.099081,2026-03-09 18:00:00,Mon,18,3.336083588652663
R-061,Pool,2026-03-09 14:37:08.052345,2026-03-09 18:00:00,Mon,18,3.381096570795095
R-058,Gym,2026-03-09 15:50:21.236015,2026-03-09 18:00:00,Mon,18,2.1607677736986104
R-106,Tennis,2026-03-09 08:13:08.170079,2026-03-09 19:00:00,Mon,19,10.781063867064393
R-071,Tennis,2026-03-09 16:57:17.965296,2026-03-10 09:00:00,Tue,9,16.045009639887862
R-048,Badminton,2026-03-10 00:55:45.548213,2026-03-10 11:00:00,Tue,11,10.07068105186154
R-118,Badminton,2026-03-09 23:24:37.443845,2026-03-10 11:00:00,Tue,11,11.589598932056058
R-080,Badminton,2026-03-09 19:29:49.452738,2026-03-10 13:00:00,Tue,13,17.50292979490778
R-027,Clubhouse,2026-03-10 05:18:34.201589,2026-03-10 16:00:00,Tue,16,10.690499558583765
R-100,Badminton,2026-03-09 20:07:06.833077,2026-03-10 19:00:00,Tue,19,22.88143525641885
R-059,Tennis,2026-03-09 16:54:58.373683,2026-03-10 19:00:00,Tue,19,26.083785088171904
R-057,Tennis,2026-03-09 21:35:25.344079,2026-03-10 19:00:00,Tue,19,21.40962664459875
R-072,Tennis,2026-03-09 17:08:45.572093,2026-03-10 19:00:00,Tue,19,25.854007751985108
R-095,Tennis,2026-03-09 17:14:53.277517,2026-03-10 19:00:00,Tue,19,25.75186735640521
R-085,Badminton,2026-03-09 19:47:44.364986,2026-03-10 19:00:00,Tue,19,23.204343059532683
R-092,Tennis,2026-03-09 17:22:07.527035,2026-03-10 19:00:00,Tue,19,25.63124249036499
R-065,Tennis,2026-03-09 21:19:30.311873,2026-03-10 19:00:00,Tue,19,21.67491336856076
R-023,Tennis,2026-03-09 18:05:19.361829,2026-03-10 19:00:00,Tue,19,24.911288380850515
R-097,Tennis,2026-03-09 20:44:05.560065,2026-03-10 19:00:00,Tue,19,22.265122204158835
R-069,Badminton,2026-03-09 20:10:24.973526,2026-03-10 19:00:00,Tue,19,22.826396242843057
R-006,Badminton,2026-03-09 17:13:34.927053,2026-03-10 19:00:00,Tue,19,25.773631374152174
R-024,Badminton,2026-03-09 15:46:54.590525,2026-03-10 19:00:00,Tue,19,27.218169298719115
R-116,Badminton,2026-03-09 19:55:25.926992,2026-03-10 19:00:00,Tue,19,23.07613139102236
R-107,Tennis,2026-03-09 20:15:04.377074,2026-03-10 19:00:00,Tue,19,22.74878414621534
R-056,Tennis,2026-03-09 18:47:10.141780,2026-03-10 19:00:00,Tue,19,24.213849505620644
R-083,Badminton,2026-03-09 19:41:05.129393,2026-03-10 19:00:00,Tue,19,23.315241835387706
R-040,Badminton,2026-03-09 20:57:12.089405,2026-03-10 19:00:00,Tue,19,22.04664183198513
R-076,Tennis,2026-03-09 18:44:15.438796,2026-03-10 19:00:00,Tue,19,24.262378112132836
R-075,Tennis,2026-03-09 19:06:56.770773,2026-03-10 19:00:00,Tue,19,23.884230340721427
R-074,Tennis,2026-03-09 16:27:37.888556,2026-03-10 19:00:00,Tue,19,26.53947540107149
R-038,Tennis,2026-03-09 17:00:19.754030,2026-03-10 19:00:00,Tue,19,25.994512769563432
R-002,Badminton,2026-03-09 23:24:32.828794,2026-03-10 20:00:00,Tue,20,20.590880890516566
R-087,Gym,2026-03-11 03:47:16.092378,2026-03-11 07:00:00,Wed,7,3.212196561682313
R-055,Gym,2026-03-11 04:42:17.241113,2026-03-11 07:00:00,Wed,7,2.295210801884882
R-084,Gym,2026-03-11 03:30:47.879326,2026-03-11 07:00:00,Wed,7,3.4867001871134775
R-061,Gym,2026-03-11 04:15:52.654793,2026-03-11 07:00:00,Wed,7,2.7353736687196375
R-042,Gym,2026-03-11 04:16:30.665436,2026-03-11 07:00:00,Wed,7,2.724815156785236
R-058,Gym,2026-03-11 04:15:58.532619,2026-03-11 07:00:00,Wed,7,2.733740939182776
R-020,Gym,2026-03-11 04:00:17.621507,2026-03-11 07:00:00,Wed,7,2.9951051370417026
R-053,Gym,2026-03-11 03:43:20.681814,2026-03-11 07:00:00,Wed,7,3.2775883851369767
R-088,Gym,2026-03-11 04:19:56.116869,2026-03-11 07:00:00,Wed,7,2.667745314253145
R-035,Gym,2026-03-11 04:00:56.111597,2026-03-11 07:00:00,Wed,7,2.9844134452545537
R-066,Gym,2026-03-11 04:41:00.489789,2026-03-11 07:00:00,Wed,7,2.3165306142407482
R-117,Pool,2026-03-11 04:18:49.888219,2026-03-11 07:00:00,Wed,7,2.686142161402185
R-111,Pool,2026-03-11 03:05:02.919989,2026-03-11 07:00:00,Wed,7,3.915855558480926
R-005,Pool,2026-03-11 05:08:56.459150,2026-03-11 07:00:00,Wed,7,1.8509835694396346
R-015,Gym,2026-03-11 04:39:18.574962,2026-03-11 07:00:00,Wed,7,2.344840288384106
R-049,Gym,2026-03-11 04:17:24.660699,2026-03-11 07:00:00,Wed,7,2.709816472527219
R-070,Pool,2026-03-11 03:43:53.978749,2026-03-11 07:00:00,Wed,7,3.268339236266913
R-025,Gym,2026-03-11 03:24:31.706614,2026-03-11 07:00:00,Wed,7,3.5911926072154823
R-012,Gym,2026-03-11 03:28:59.710125,2026-03-11 07:00:00,Wed,7,3.5167471875632286
R-090,Gym,2026-03-11 04:01:23.471847,2026-03-11 07:00:00,Wed,7,2.976813375900527
R-017,Gym,2026-03-11 04:38:33.376445,2026-03-11 07:00:00,Wed,7,2.35739543197639
R-078,Gym,2026-03-11 03:22:02.043785,2026-03-11 07:00:00,Wed,7,3.632765615249796
R-091,Gym,2026-03-11 04:10:14.941272,2026-03-11 07:00:00,Wed,7,2.829182980006529
R-081,Gym,2026-03-11 04:16:23.782765,2026-03-11 07:00:00,Wed,7,2.726727009653959
R-052,Tennis,2026-03-11 00:52:13.660593,2026-03-11 09:00:00,Wed,9,8.129538724284233
R-115,Pool,2026-03-10 22:06:07.067997,2026-03-11 14:00:00,Wed,14,15.89803666761573
R-063,Gym,2026-03-11 06:42:48.829468,2026-03-11 16:00:00,Wed,16,9.286436258942874
R-048,Clubhouse,2026-03-11 00:42:08.241580,2026-03-11 17:00:00,Wed,17,16.297710672227932
R-118,Gym,2026-03-11 02:35:30.655536,2026-03-11 17:00:00,Wed,17,14.408151239922944
R-094,Gym,2026-03-11 15:00:26.323987,2026-03-11 18:00:00,Wed,18,2.992687781287156
R-101,Gym,2026-03-11 14:49:12.119380,2026-03-11 18:00:00,Wed,18,3.1799668387961253
R-108,Gym,2026-03-11 15:50:32.838784,2026-03-11 18:00:00,Wed,18,2.1575447822114047
R-063,Gym,2026-03-12 04:14:30.960176,2026-03-12 09:00:00,Thu,9,4.75806661789275
R-115,Tennis,2026-03-11 17:55:04.388821,2026-03-12 10:00:00,Thu,10,16.08211421630688
R-010,Pool,2026-03-12 02:00:33.314100,2026-03-12 12:00:00,Thu,12,9.990746083312949
R-036,Badminton,2026-03-12 06:08:20.376748,2026-03-12 14:00:00,Thu,14,7.861006458769256
R-089,Tennis,2026-03-11 18:07:38.760911,2026-03-12 19:00:00,Thu,19,24.872566413526005
R-116,Badminton,2026-03-11 16:05:32.504073,2026-03-12 19:00:00,Thu,19,26.90763775744636
R-069,Badminton,2026-03-11 20:49:05.586461,2026-03-12 19:00:00,Thu,19,22.181781538566213
R-006,Tennis,2026-03-11 16:47:00.345697,2026-03-12 19:00:00,Thu,19,26.216570639628287
R-095,Badminton,2026-03-11 20:33:21.013689,2026-03-12 19:00:00,Thu,19,22.44416286412207
R-023,Badminton,2026-03-11 18:30:22.424296,2026-03-12 19:00:00,Thu,19,24.49377102901011
R-083,Badminton,2026-03-11 17:26:14.752058,2026-03-12 19:00:00,Thu,19,25.5625688727665
R-072,Badminton,2026-03-11 18:30:29.617705,2026-03-12 19:00:00,Thu,19,24.491772859771782
R-057,Tennis,2026-03-11 18:34:08.702431,2026-03-12 19:00:00,Thu,19,24.430915991289496
R-097,Tennis,2026-03-11 22:20:38.547357,2026-03-12 19:00:00,Thu,19,20.655959067538504
R-065,Badminton,2026-03-11 17:50:43.947539,2026-03-12 19:00:00,Thu,19,25.15445901694619
R-076,Badminton,2026-03-11 18:19:17.143307,2026-03-12 19:00:00,Thu,19,24.678571303578792
R-107,Tennis,2026-03-11 18:24:02.710586,2026-03-12 19:00:00,Thu,19,24.599247059373834
R-075,Badminton,2026-03-11 20:43:58.649880,2026-03-12 19:00:00,Thu,19,22.267041700060194
R-059,Tennis,2026-03-11 18:49:05.914141,2026-03-12 19:00:00,Thu,19,24.181690516277857
R-018,Badminton,2026-03-11 19:34:40.137456,2026-03-12 19:00:00,Thu,19,23.422184039982685
R-038,Badminton,2026-03-11 20:21:50.350637,2026-03-12 19:00:00,Thu,19,22.63601371183442
R-092,Tennis,2026-03-11 18:03:00.256578,2026-03-12 19:00:00,Thu,19,24.94992872829356
R-074,Tennis,2026-03-11 20:45:29.072193,2026-03-12 20:00:00,Thu,20,23.241924390699797
R-085,Tennis,2026-03-11 16:37:50.325610,2026-03-12 20:00:00,Thu,20,27.369353997103396
R-002,Badminton,2026-03-11 19:32:13.529334,2026-03-12 20:00:00,Thu,20,24.46290851842989
R-091,Gym,2026-03-13 04:09:18.039514,2026-03-13 07:00:00,Fri,7,2.8449890238342572
R-090,Gym,2026-03-13 04:13:33.728795,2026-03-13 07:00:00,Fri,7,2.7739642237378757
R-055,Gym,2026-03-13 04:29:31.659920,2026-03-13 07:00:00,Fri,7,2.507872244576924
R-020,Gym,2026-03-13 03:48:06.196004,2026-03-13 07:00:00,Fri,7,3.1982788879158135
R-088,Gym,2026-03-13 04:34:22.247958,2026-03-13 07:00:00,Fri,7,2.4271533450644585
R-012,Gym,2026-03-13 03:23:24.981034,2026-03-13 07:00:00,Fri,7,3.6097274904725465
R-094,Gym,2026-03-13 04:02:11.848359,2026-03-13 07:00:00,Fri,7,2.963375455794473
R-070,Gym,2026-03-13 03:38:27.630699,2026-03-13 07:00:00,Fri,7,3.358991472527351
R-078,Gym,2026-03-13 03:44:05.908263,2026-03-13 07:00:00,Fri,7,3.265025482619298
R-108,Gym,2026-03-13 04:18:58.017435,2026-03-13 07:00:00,Fri,7,2.6838840457753017
R-081,Gym,2026-03-13 04:50:28.070247,2026-03-13 07:00:00,Fri,7,2.158869375724893
R-058,Gym,2026-03-13 04:16:44.317537,2026-03-13 07:00:00,Fri,7,2.721022906456283
R-087,Gym,2026-03-13 03:23:05.041313,2026-03-13 07:00:00,Fri,7,3.615266302044688
R-042,Gym,2026-03-13 04:13:49.752216,2026-03-13 07:00:00,Fri,7,2.769513273197678
R-053,Gym,2026-03-13 03:42:22.410569,2026-03-13 07:00:00,Fri,7,3.293774842073921
R-117,Gym,2026-03-13 04:57:17.392023,2026-03-13 07:00:00,Fri,7,2.0451688824014793
R-101,Pool,2026-03-13 03:52:48.977008,2026-03-13 07:00:00,Fri,7,3.1197286088173404
R-017,Gym,2026-03-13 03:33:35.471125,2026-03-13 07:00:00,Fri,7,3.440146909661679
R-073,Pool,2026-03-13 03:57:40.527492,2026-03-13 07:00:00,Fri,7,3.038742363418778
R-066,Gym,2026-03-13 03:54:26.148179,2026-03-13 07:00:00,Fri,7,3.092736616962397
R-035,Gym,2026-03-13 04:25:25.102718,2026-03-13 07:00:00,Fri,7,2.576360356216641
R-061,Pool,2026-03-13 03:50:54.268140,2026-03-13 07:00:00,Fri,7,3.1515921834334844
R-084,Gym,2026-03-13 03:54:28.562251,2026-03-13 07:00:00,Fri,7,3.0920660414547774
R-003,Gym,2026-03-13 04:06:06.458128,2026-03-13 07:00:00,Fri,7,2.898206075515558
R-118,Gym,2026-03-12 22:41:58.384186,2026-03-13 11:00:00,Fri,11,12.300448837161333
R-046,Gym,2026-03-13 01:31:14.435045,2026-03-13 14:00:00,Fri,14,12.479323598578846
R-010,Tennis,2026-03-13 02:38:01.053758,2026-03-13 17:00:00,Fri,17,14.366373956060066
R-015,Gym,2026-03-13 14:38:45.342943,2026-03-13 18:00:00,Fri,18,3.3540714047101297
R-049,Gym,2026-03-13 15:10:41.301284,2026-03-13 18:00:00,Fri,18,2.821860754384432
R-005,Gym,2026-03-13 15:24:12.272821,2026-03-13 18:00:00,Fri,18,2.5965908830941964
R-111,Gym,2026-03-13 14:48:43.417941,2026-03-13 18:00:00,Fri,18,3.1879394608936247
R-025,Gym,2026-03-13 15:15:24.433133,2026-03-13 18:00:00,Fri,18,2.743213018743938
R-071,Gym,2026-03-13 05:05:39.374522,2026-03-13 19:00:00,Fri,19,13.905729299343236
R-036,Pool,2026-03-13 23:03:02.515619,2026-03-14 10:00:00,Sat,10,10.949301217071019
R-109,Clubhouse,2026-03-14 02:59:55.064740,2026-03-14 13:00:00,Sat,13,10.001370905633598
R-034,Gym,2026-03-14 04:40:55.264236,2026-03-14 14:00:00,Sat,14,9.317982156765776
R-120,Gym,2026-03-13 21:06:23.553015,2026-03-14 14:00:00,Sat,14,16.893457495929287
R-016,Pool,2026-03-14 08:59:48.538365,2026-03-14 15:00:00,Sat,15,6.003183787628073
R-004,Pool,2026-03-14 09:19:19.273254,2026-03-14 15:00:00,Sat,15,5.6779796515977
R-008,Pool,2026-03-14 09:06:54.079079,2026-03-14 15:00:00,Sat,15,5.884978033554013
R-014,Pool,2026-03-14 08:29:38.040007,2026-03-14 15:00:00,Sat,15,6.506099997996467
R-086,Pool,2026-03-14 08:24:57.594453,2026-03-14 15:00:00,Sat,15,6.584001540855972
R-030,Clubhouse,2026-03-14 06:30:11.102447,2026-03-14 15:00:00,Sat,15,8.496915986972546
R-039,Clubhouse,2026-03-14 07:20:26.693017,2026-03-14 15:00:00,Sat,15,7.659251939758572
R-067,Pool,2026-03-14 10:04:07.300129,2026-03-14 15:00:00,Sat,15,4.931305519713166
R-051,Pool,2026-03-14 09:08:55.344149,2026-03-14 15:00:00,Sat,15,5.851293291824981
R-022,Clubhouse,2026-03-14 08:24:18.211738,2026-03-14 15:00:00,Sat,15,6.594941183760074
R-103,Pool,2026-03-14 07:17:33.523954,2026-03-14 15:00:00,Sat,15,7.707354457343718
R-062,Pool,2026-03-14 11:44:10.358436,2026-03-14 15:00:00,Sat,15,3.263789323451785
R-045,Pool,2026-03-14 07:13:03.535796,2026-03-14 15:00:00,Sat,15,7.782351167749537
R-096,Pool,2026-03-14 09:58:28.454808,2026-03-14 15:00:00,Sat,15,5.025429219935935
R-026,Pool,2026-03-14 09:02:49.368480,2026-03-14 15:00:00,Sat,15,5.95295319997284
R-060,Pool,2026-03-14 10:34:52.700184,2026-03-14 15:00:00,Sat,15,4.41869439345137
R-102,Pool,2026-03-14 09:08:44.129736,2026-03-14 15:00:00,Sat,15,5.8544084067216735
R-043,Pool,2026-03-14 07:49:44.529354,2026-03-14 15:00:00,Sat,15,7.1709640683108775
R-064,Pool,2026-03-14 09:03:07.791681,2026-03-14 15:00:00,Sat,15,5.947835644250257
R-077,Clubhouse,2026-03-14 09:42:12.513070,2026-03-14 15:00:00,Sat,15,5.296524147175319
R-079,Pool,2026-03-14 09:01:40.387602,2026-03-14 15:00:00,Sat,15,5.9721145550347305
R-044,Pool,2026-03-14 09:08:10.420566,2026-03-14 15:00:00,Sat,15,5.863772064882847
R-033,Pool,2026-03-14 08:36:27.542308,2026-03-14 15:00:00,Sat,15,6.392349358944959
R-098,Pool,2026-03-14 08:20:00.212357,2026-03-14 15:00:00,Sat,15,6.666607678718695
R-013,Pool,2026-03-14 08:42:03.087091,2026-03-14 15:00:00,Sat,15,6.299142474698443
R-047,Pool,2026-03-14 09:27:45.196954,2026-03-14 15:00:00,Sat,15,5.537445290688537
R-041,Pool,2026-03-14 09:47:13.483009,2026-03-14 15:00:00,Sat,15,5.212921386491391
R-009,Pool,2026-03-14 08:16:40.301460,2026-03-14 15:00:00,Sat,15,6.7221384833421975
R-050,Pool,2026-03-14 08:51:21.718037,2026-03-14 15:00:00,Sat,15,6.1439672118816535
R-068,Pool,2026-03-14 08:03:50.764464,2026-03-14 15:00:00,Sat,15,6.935898760124638
R-105,Pool,2026-03-14 09:03:49.981601,2026-03-14 15:00:00,Sat,15,5.936116222074305
R-119,Pool,2026-03-14 07:48:17.900973,2026-03-14 15:00:00,Sat,15,7.195027507607004
R-112,Pool,2026-03-14 11:25:37.810397,2026-03-14 16:00:00,Sat,16,4.572830445319614
R-110,Pool,2026-03-14 08:19:13.113096,2026-03-14 16:00:00,Sat,16,7.679690806615526
R-032,Pool,2026-03-14 11:12:21.923458,2026-03-14 16:00:00,Sat,16,4.7939101505371955
R-011,Clubhouse,2026-03-14 09:39:23.335929,2026-03-14 16:00:00,Sat,16,6.34351779743957
R-080,Badminton,2026-03-14 01:00:13.584591,2026-03-14 16:00:00,Sat,16,14.996226502470414
R-028,Pool,2026-03-14 09:22:20.816926,2026-03-14 16:00:00,Sat,16,6.62755085393208
R-082,Clubhouse,2026-03-14 10:19:36.247678,2026-03-14 16:00:00,Sat,16,5.673264534019761
R-057,Badminton,2026-03-13 14:12:52.907505,2026-03-14 19:00:00,Sat,19,28.785303470784825
R-097,Badminton,2026-03-13 17:59:06.246934,2026-03-14 19:00:00,Sat,19,25.014931407128238
R-095,Tennis,2026-03-13 18:22:33.392804,2026-03-14 19:00:00,Sat,19,24.624057554577437
R-024,Badminton,2026-03-13 15:33:37.676241,2026-03-14 19:00:00,Sat,19,27.43953437739624
R-100,Tennis,2026-03-13 21:22:16.708956,2026-03-14 19:00:00,Sat,19,21.62869195654924
R-092,Tennis,2026-03-13 20:22:29.010509,2026-03-14 19:00:00,Sat,19,22.625274858670778
R-089,Badminton,2026-03-13 18:48:37.394389,2026-03-14 19:00:00,Sat,19,24.189612669587383
R-002,Tennis,2026-03-13 15:52:23.647735,2026-03-14 19:00:00,Sat,19,27.126764518130255
R-023,Badminton,2026-03-13 20:43:10.989617,2026-03-14 19:00:00,Sat,19,22.280280662025632
R-006,Badminton,2026-03-13 20:37:29.688962,2026-03-14 19:00:00,Sat,19,22.37508639957747
R-083,Badminton,2026-03-13 19:40:23.744034,2026-03-14 19:00:00,Sat,19,23.32673776833725
R-059,Badminton,2026-03-13 22:23:11.406642,2026-03-14 19:00:00,Sat,19,20.613498154975968
R-085,Badminton,2026-03-13 17:07:32.353328,2026-03-14 19:00:00,Sat,19,25.874346297666904
R-074,Tennis,2026-03-13 20:49:35.900551,2026-03-14 19:00:00,Sat,19,22.173360958184546
R-018,Tennis,2026-03-13 17:04:13.425175,2026-03-14 19:00:00,Sat,19,25.92960411813813
R-069,Badminton,2026-03-13 20:49:29.507056,2026-03-14 19:00:00,Sat,19,22.175136928973025
R-072,Tennis,2026-03-13 17:49:47.194696,2026-03-14 19:00:00,Sat,19,25.1702236954461
R-065,Tennis,2026-03-13 18:18:55.841254,2026-03-14 19:00:00,Sat,19,24.68448854056669
R-038,Tennis,2026-03-13 16:59:36.636729,2026-03-14 19:00:00,Sat,19,26.006489797557357
R-116,Tennis,2026-03-13 18:23:44.521156,2026-03-14 20:00:00,Sat,20,25.604299678769387
R-107,Tennis,2026-03-13 18:02:59.831298,2026-03-14 20:00:00,Sat,20,25.950046861727508
R-037,Clubhouse,2026-03-14 21:12:14.243641,2026-03-15 08:00:00,Sun,8,10.796043432970114
R-119,Clubhouse,2026-03-15 10:29:34.318303,2026-03-15 15:00:00,Sun,15,4.507133804617626
R-093,Pool,2026-03-15 09:07:25.301865,2026-03-15 15:00:00,Sun,15,5.876305037571621
R-086,Pool,2026-03-15 08:07:11.925005,2026-03-15 15:00:00,Sun,15,6.880020831842588
R-096,Pool,2026-03-15 07:59:58.392860,2026-03-15 15:00:00,Sun,15,7.000446427805988
R-077,Pool,2026-03-15 09:00:37.988010,2026-03-15 15:00:00,Sun,15,5.989447774947298
R-102,Pool,2026-03-15 09:01:25.764709,2026-03-15 15:00:00,Sun,15,5.976176469781001
R-082,Pool,2026-03-15 08:35:58.724006,2026-03-15 15:00:00,Sun,15,6.400354442835478
R-110,Pool,2026-03-15 11:10:51.513041,2026-03-15 15:00:00,Sun,15,3.819024155273382
R-098,Pool,2026-03-15 05:43:43.947033,2026-03-15 15:00:00,Sun,15,9.27112582427144
R-079,Pool,2026-03-15 09:19:03.966657,2026-03-15 15:00:00,Sun,15,5.682231484199113
R-062,Pool,2026-03-15 09:16:22.495899,2026-03-15 15:00:00,Sun,15,5.727084472559625
R-013,Pool,2026-03-15 09:31:26.992774,2026-03-15 15:00:00,Sun,15,5.475835340649247
R-004,Clubhouse,2026-03-15 08:40:29.751549,2026-03-15 15:00:00,Sun,15,6.325069014251595
R-026,Clubhouse,2026-03-15 08:00:59.370555,2026-03-15 15:00:00,Sun,15,6.983508179213786
R-028,Pool,2026-03-15 09:25:34.027592,2026-03-15 15:00:00,Sun,15,5.5738812243965095
R-032,Pool,2026-03-15 07:49:30.251443,2026-03-15 15:00:00,Sun,15,7.174930154720741
R-016,Pool,2026-03-15 09:04:53.158723,2026-03-15 15:00:00,Sun,15,5.91856702133588
R-039,Pool,2026-03-15 08:39:02.677041,2026-03-15 15:00:00,Sun,15,6.349256377494899
R-041,Pool,2026-03-15 08:46:21.363870,2026-03-15 15:00:00,Sun,15,6.227398924992545
R-014,Pool,2026-03-15 08:53:23.906460,2026-03-15 15:00:00,Sun,15,6.110025983423887
R-044,Pool,2026-03-15 08:45:43.460500,2026-03-15 15:00:00,Sun,15,6.237927638981776
R-068,Pool,2026-03-15 08:48:56.672816,2026-03-15 15:00:00,Sun,15,6.184257551201597
R-045,Pool,2026-03-15 07:01:32.277547,2026-03-15 15:00:00,Sun,15,7.9743673480476875
R-047,Clubhouse,2026-03-15 09:11:02.972025,2026-03-15 15:00:00,Sun,15,5.815841104251437
R-050,Pool,2026-03-15 10:13:02.287919,2026-03-15 15:00:00,Sun,15,4.782697800352431
R-008,Pool,2026-03-15 10:19:22.016001,2026-03-15 15:00:00,Sun,15,4.677217777587335
R-022,Pool,2026-03-15 09:18:05.551804,2026-03-15 15:00:00,Sun,15,5.698457832166981
R-007,Clubhouse,2026-03-15 09:22:52.953578,2026-03-15 15:00:00,Sun,15,5.618624006222564
R-060,Pool,2026-03-15 07:32:43.551017,2026-03-15 15:00:00,Sun,15,7.454569161820978
R-064,Pool,2026-03-15 07:14:44.805151,2026-03-15 15:00:00,Sun,15,7.754220791371793
R-033,Pool,2026-03-15 11:48:04.997281,2026-03-15 16:00:00,Sun,16,4.198611866522846
R-043,Pool,2026-03-15 08:38:12.201635,2026-03-15 16:00:00,Sun,16,7.363277323526731
R-112,Pool,2026-03-15 10:27:23.058237,2026-03-15 16:00:00,Sun,16,5.5435949341930835
R-009,Pool,2026-03-15 07:33:03.597934,2026-03-15 16:00:00,Sun,16,8.449000573968654
R-067,Pool,2026-03-15 07:43:29.659727,2026-03-15 16:00:00,Sun,16,8.275094520396113
R-011,Pool,2026-03-15 08:50:13.295259,2026-03-15 16:00:00,Sun,16,7.16297353926714
R-030,Clubhouse,2026-03-15 11:14:00.723501,2026-03-15 16:00:00,Sun,16,4.766465694264961
R-027,Pool,2026-03-15 07:39:36.417685,2026-03-15 17:00:00,Sun,17,9.339883976525911
R-080,Clubhouse,2026-03-15 08:19:49.252474,2026-03-15 19:00:00,Sun,19,10.669652090633898
R-010,Pool,2026-03-15 07:49:35.731249,2026-03-15 19:00:00,Sun,19,11.1734079863185
R-035,Gym,2026-03-16 03:56:27.410284,2026-03-16 07:00:00,Mon,7,3.05905269881793
R-070,Gym,2026-03-16 04:55:02.395287,2026-03-16 07:00:00,Mon,7,2.0826679757477424
R-088,Gym,2026-03-16 04:12:14.082490,2026-03-16 07:00:00,Mon,7,2.7960881971442344
R-055,Gym,2026-03-16 04:14:01.876014,2026-03-16 07:00:00,Mon,7,2.766145551612999
R-061,Gym,2026-03-16 03:33:21.022400,2026-03-16 07:00:00,Mon,7,3.4441604445256466
R-017,Pool,2026-03-16 04:43:44.176232,2026-03-16 07:00:00,Mon,7,2.271062157770277
R-078,Gym,2026-03-16 04:34:41.031720,2026-03-16 07:00:00,Mon,7,2.421935633286208
R-025,Gym,2026-03-16 03:37:12.587860,2026-03-16 07:00:00,Mon,7,3.3798367056804426
R-020,Gym,2026-03-16 04:19:13.993372,2026-03-16 07:00:00,Mon,7,2.6794462856238237
R-073,Gym,2026-03-16 04:07:41.270974,2026-03-16 07:00:00,Mon,7,2.8718691740150466
R-108,Gym,2026-03-16 03:57:29.284965,2026-03-16 07:00:00,Mon,7,3.0418652874644296
R-094,Pool,2026-03-16 03:46:33.332971,2026-03-16 07:00:00,Mon,7,3.224074174836469
R-015,Pool,2026-03-16 03:20:43.762876,2026-03-16 07:00:00,Mon,7,3.6545103120856393
R-087,Gym,2026-03-16 04:23:51.364567,2026-03-16 07:00:00,Mon,7,2.602398731276649
R-066,Gym,2026-03-16 03:39:20.192051,2026-03-16 07:00:00,Mon,7,3.344391096824659
R-117,Gym,2026-03-16 04:03:56.055991,2026-03-16 07:00:00,Mon,7,2.934428891521993
R-049,Gym,2026-03-16 04:15:36.437257,2026-03-16 07:00:00,Mon,7,2.739878539860942
R-053,Pool,2026-03-16 03:35:24.014034,2026-03-16 07:00:00,Mon,7,3.409996101713403
R-042,Gym,2026-03-16 03:25:11.916788,2026-03-16 07:00:00,Mon,7,3.5800231143532244
R-058,Gym,2026-03-16 05:15:14.030378,2026-03-16 07:00:00,Mon,7,1.74610267287889
R-003,Gym,2026-03-16 03:10:45.508324,2026-03-16 07:00:00,Mon,7,3.820692132320506
R-012,Pool,2026-03-16 03:06:27.485116,2026-03-16 07:00:00,Mon,7,3.8923652456278046
R-090,Gym,2026-03-16 04:00:51.466540,2026-03-16 07:00:00,Mon,7,2.9857037389182075
R-081,Gym,2026-03-16 03:31:52.381175,2026-03-16 07:00:00,Mon,7,3.4687830069265773
R-084,Gym,2026-03-16 15:37:23.670837,2026-03-16 18:00:00,Mon,18,2.37675810085676
R-091,Gym,2026-03-16 16:10:09.021556,2026-03-16 18:00:00,Mon,18,1.8308273456659776
R-101,Pool,2026-03-16 15:08:33.475870,2026-03-16 18:00:00,Mon,18,2.8573678139615213
R-099,Tennis,2026-03-16 20:58:54.382459,2026-03-17 08:00:00,Tue,8,11.01822709467369
R-021,Tennis,2026-03-17 00:30:16.653320,2026-03-17 09:00:00,Tue,9,8.495374077700376
R-052,Tennis,2026-03-16 19:35:17.297231,2026-03-17 10:00:00,Tue,10,14.411861880266123
R-071,Gym,2026-03-16 21:30:52.536448,2026-03-17 11:00:00,Tue,11,13.485406542191882
R-037,Pool,2026-03-17 08:01:37.074764,2026-03-17 18:00:00,Tue,18,9.973034787777298
R-089,Tennis,2026-03-16 16:10:58.729836,2026-03-17 19:00:00,Tue,19,26.817019489966288
R-083,Badminton,2026-03-16 19:24:19.127943,2026-03-17 19:00:00,Tue,19,23.59468668261437
R-024,Tennis,2026-03-16 19:02:55.849689,2026-03-17 19:00:00,Tue,19,23.951152864073283
R-023,Badminton,2026-03-16 20:50:01.819138,2026-03-17 19:00:00,Tue,19,22.166161350615134
R-056,Badminton,2026-03-16 18:07:04.519533,2026-03-17 19:00:00,Tue,19,24.882077907571464
R-059,Badminton,2026-03-16 15:01:09.806225,2026-03-17 19:00:00,Tue,19,27.980609381948632
R-057,Badminton,2026-03-16 16:32:29.049837,2026-03-17 19:00:00,Tue,19,26.45859726745683
R-038,Tennis,2026-03-16 17:10:34.742537,2026-03-17 19:00:00,Tue,19,25.823682628721652
R-065,Tennis,2026-03-16 20:39:54.171504,2026-03-17 19:00:00,Tue,19,22.334952359979553
R-095,Badminton,2026-03-16 16:18:01.661874,2026-03-17 19:00:00,Tue,19,26.699538368400976
R-040,Tennis,2026-03-16 19:47:09.182513,2026-03-17 19:00:00,Tue,19,23.214115968733523
R-085,Tennis,2026-03-16 19:43:12.647964,2026-03-17 19:00:00,Tue,19,23.279820010005096
R-100,Badminton,2026-03-16 20:45:04.108767,2026-03-17 19:00:00,Tue,19,22.24885867592535
R-097,Badminton,2026-03-16 18:22:36.303976,2026-03-17 19:00:00,Tue,19,24.623248895427864
R-002,Tennis,2026-03-16 19:21:50.859007,2026-03-17 19:00:00,Tue,19,23.635872497947126
R-107,Badminton,2026-03-16 19:14:38.365494,2026-03-17 19:00:00,Tue,19,23.756009584970226
R-074,Tennis,2026-03-16 18:01:02.129102,2026-03-17 19:00:00,Tue,19,24.982741916093936
R-018,Tennis,2026-03-16 16:57:44.441351,2026-03-17 19:00:00,Tue,19,26.037655180157273
R-006,Tennis,2026-03-16 22:47:45.179880,2026-03-17 19:00:00,Tue,19,20.204116699997268
R-116,Badminton,2026-03-16 19:01:41.674168,2026-03-17 19:00:00,Tue,19,23.971757175513858
R-075,Tennis,2026-03-17 01:35:53.451858,2026-03-17 19:00:00,Tue,19,17.401818928196526
R-092,Tennis,2026-03-16 21:27:00.922349,2026-03-17 20:00:00,Tue,20,22.549743792080285
R-072,Badminton,2026-03-16 20:56:32.472631,2026-03-17 20:00:00,Tue,20,23.057646491486135
R-058,Gym,2026-03-18 03:05:16.559910,2026-03-18 07:00:00,Wed,7,3.9120666917575777
R-012,Gym,2026-03-18 03:56:35.606057,2026-03-18 07:00:00,Wed,7,3.0567760952650747
R-087,Pool,2026-03-18 03:36:21.835157,2026-03-18 07:00:00,Wed,7,3.3939346787459472
R-111,Gym,2026-03-18 04:36:31.926044,2026-03-18 07:00:00,Wed,7,2.391131654484412
R-101,Gym,2026-03-18 04:08:35.307827,2026-03-18 07:00:00,Wed,7,2.8568589369102333
R-003,Gym,2026-03-18 04:12:05.972558,2026-03-18 07:00:00,Wed,7,2.7983409561822032
R-017,Gym,2026-03-18 03:52:43.946260,2026-03-18 07:00:00,Wed,7,3.1211260389316426
R-055,Gym,2026-03-18 04:33:08.197698,2026-03-18 07:00:00,Wed,7,2.447722861738083
R-053,Gym,2026-03-18 03:33:04.273088,2026-03-18 07:00:00,Wed,7,3.4488130311960314
R-090,Gym,2026-03-18 04:38:42.684379,2026-03-18 07:00:00,Wed,7,2.3548098947407516
R-070,Gym,2026-03-18 03:21:10.754963,2026-03-18 07:00:00,Wed,7,3.6470125101994704
R-049,Gym,2026-03-18 04:14:12.606399,2026-03-18 07:00:00,Wed,7,2.763164889238317
R-094,Gym,2026-03-18 03:47:22.796610,2026-03-18 07:00:00,Wed,7,3.210334274983824
R-088,Gym,2026-03-18 04:08:45.353268,2026-03-18 07:00:00,Wed,7,2.854068536796847
R-081,Gym,2026-03-18 04:46:08.286300,2026-03-18 07:00:00,Wed,7,2.231031583240557
R-061,Gym,2026-03-18 04:21:40.707281,2026-03-18 07:00:00,Wed,7,2.638692421915445
R-020,Gym,2026-03-18 04:02:32.029104,2026-03-18 07:00:00,Wed,7,2.9577696933396767
R-084,Gym,2026-03-18 03:16:52.251494,2026-03-18 07:00:00,Wed,7,3.7188190294495294
R-042,Gym,2026-03-18 03:16:28.283304,2026-03-18 07:00:00,Wed,7,3.7254768600838015
R-015,Gym,2026-03-18 04:35:12.387370,2026-03-18 07:00:00,Wed,7,2.413225730474203
R-073,Gym,2026-03-18 03:23:47.367805,2026-03-18 07:00:00,Wed,7,3.603508943017869
R-025,Gym,2026-03-18 04:12:36.035728,2026-03-18 07:00:00,Wed,7,2.7899900755832214
R-078,Gym,2026-03-18 04:52:54.371556,2026-03-18 07:00:00,Wed,7,2.1182301232345786
R-001,Tennis,2026-03-18 03:05:28.312534,2026-03-18 13:00:00,Wed,13,9.908802073871875
R-005,Gym,2026-03-18 13:38:27.796251,2026-03-18 18:00:00,Wed,18,4.358945485716564
R-091,Gym,2026-03-18 15:11:03.261385,2026-03-18 18:00:00,Wed,18,2.8157607262992204
R-027,Pool,2026-03-18 04:46:53.077390,2026-03-18 19:00:00,Wed,19,14.218589613971353
R-031,Gym,2026-03-18 23:08:46.279788,2026-03-19 09:00:00,Thu,9,9.853811169932433
R-063,Clubhouse,2026-03-18 21:56:19.328038,2026-03-19 11:00:00,Thu,11,13.061297767129501
R-038,Badminton,2026-03-18 16:12:31.170997,2026-03-19 19:00:00,Thu,19,26.79134138977683
R-083,Badminton,2026-03-18 17:47:37.766729,2026-03-19 19:00:00,Thu,19,25.206175908704804
R-069,Badminton,2026-03-18 15:38:40.428988,2026-03-19 19:00:00,Thu,19,27.355436392264043
R-092,Badminton,2026-03-18 19:18:56.067894,2026-03-19 19:00:00,Thu,19,23.6844255850169
R-097,Tennis,2026-03-18 20:30:50.226768,2026-03-19 19:00:00,Thu,19,22.4860481199857
R-023,Badminton,2026-03-18 18:51:07.413913,2026-03-19 19:00:00,Thu,19,24.147940579657313
R-002,Tennis,2026-03-18 18:21:45.670409,2026-03-19 19:00:00,Thu,19,24.637313775374274
R-074,Tennis,2026-03-18 21:37:54.984604,2026-03-19 19:00:00,Thu,19,21.368059832335675
R-089,Badminton,2026-03-18 20:53:41.342637,2026-03-19 19:00:00,Thu,19,22.1051826009571
R-018,Tennis,2026-03-18 18:15:14.825620,2026-03-19 19:00:00,Thu,19,24.745881772307488
R-040,Badminton,2026-03-18 21:07:13.911959,2026-03-19 19:00:00,Thu,19,21.879468900362674
R-056,Badminton,2026-03-18 19:06:29.058926,2026-03-19 19:00:00,Thu,19,23.891928076224428
R-024,Tennis,2026-03-18 18:28:11.712900,2026-03-19 19:00:00,Thu,19,24.530079750093837
R-075,Tennis,2026-03-18 21:19:57.549317,2026-03-19 19:00:00,Thu,19,21.66734741187567
R-065,Badminton,2026-03-18 20:24:24.618727,2026-03-19 19:00:00,Thu,19,22.59316146478139
R-006,Badminton,2026-03-18 19:27:56.953281,2026-03-19 19:00:00,Thu,19,23.534179644232502
R-057,Badminton,2026-03-18 21:10:52.828660,2026-03-19 19:00:00,Thu,19,21.818658705653945
R-059,Tennis,2026-03-18 22:00:23.515871,2026-03-19 19:00:00,Thu,19,20.993467813730906
R-095,Badminton,2026-03-18 17:55:12.220661,2026-03-19 19:00:00,Thu,19,25.079938705356014
R-072,Badminton,2026-03-18 22:00:38.820540,2026-03-19 19:00:00,Thu,19,20.989216516784452
R-085,Tennis,2026-03-18 15:11:31.338652,2026-03-19 19:00:00,Thu,19,27.807961485535525
R-100,Tennis,2026-03-18 17:53:59.265892,2026-03-19 20:00:00,Thu,20,26.100203918981954
R-116,Tennis,2026-03-18 20:54:11.498839,2026-03-19 20:00:00,Thu,20,23.096805878155745
R-070,Gym,2026-03-20 04:22:26.521394,2026-03-20 07:00:00,Fri,7,2.625966279530098
R-012,Gym,2026-03-20 04:23:29.049883,2026-03-20 07:00:00,Fri,7,2.6085972548426595
R-042,Gym,2026-03-20 02:51:27.912536,2026-03-20 07:00:00,Fri,7,4.142246517818763
R-111,Gym,2026-03-20 03:41:43.832243,2026-03-20 07:00:00,Fri,7,3.3044910436506285
R-003,Gym,2026-03-20 04:16:33.694061,2026-03-20 07:00:00,Fri,7,2.7239738720420736
R-015,Pool,2026-03-20 03:52:57.876578,2026-03-20 07:00:00,Fri,7,3.117256505974218
R-017,Pool,2026-03-20 04:22:10.382913,2026-03-20 07:00:00,Fri,7,2.6304491907748973
R-091,Gym,2026-03-20 04:18:14.334212,2026-03-20 07:00:00,Fri,7,2.6960182745002013
R-073,Gym,2026-03-20 04:13:22.388569,2026-03-20 07:00:00,Fri,7,2.777114286264871
R-020,Gym,2026-03-20 04:08:05.857858,2026-03-20 07:00:00,Fri,7,2.865039483787139
R-061,Gym,2026-03-20 03:44:31.760292,2026-03-20 07:00:00,Fri,7,3.2578443633881267
R-005,Gym,2026-03-20 03:29:52.673673,2026-03-20 07:00:00,Fri,7,3.502035090870253
R-084,Gym,2026-03-20 03:31:38.624236,2026-03-20 07:00:00,Fri,7,3.472604378802843
R-025,Gym,2026-03-20 03:57:05.984559,2026-03-20 07:00:00,Fri,7,3.0483376226375833
R-078,Gym,2026-03-20 04:10:03.206540,2026-03-20 07:00:00,Fri,7,2.8324426277546415
R-058,Gym,2026-03-20 03:40:54.922570,2026-03-20 07:00:00,Fri,7,3.3180770638382455
R-055,Gym,2026-03-20 04:31:28.308724,2026-03-20 07:00:00,Fri,7,2.47546979876992
R-088,Gym,2026-03-20 03:52:08.214802,2026-03-20 07:00:00,Fri,7,3.1310514440239827
R-066,Gym,2026-03-20 04:26:48.591045,2026-03-20 07:00:00,Fri,7,2.553169154294274
R-053,Gym,2026-03-20 02:45:20.745213,2026-03-20 07:00:00,Fri,7,4.244237440696638
R-108,Gym,2026-03-20 04:02:52.139474,2026-03-20 07:00:00,Fri,7,2.952183479386014
R-090,Gym,2026-03-20 04:20:08.590889,2026-03-20 07:00:00,Fri,7,2.6642803086959885
R-049,Gym,2026-03-20 03:21:06.707195,2026-03-20 07:00:00,Fri,7,3.6481368903778115
R-035,Gym,2026-03-20 04:26:06.210411,2026-03-20 07:00:00,Fri,7,2.5649415525952683
R-081,Gym,2026-03-20 04:27:54.066093,2026-03-20 07:00:00,Fri,7,2.534981640736364
R-094,Gym,2026-03-20 03:43:34.020408,2026-03-20 07:00:00,Fri,7,3.273883219976157
R-054,Badminton,2026-03-19 19:36:49.581032,2026-03-20 10:00:00,Fri,10,14.386227491222865
R-117,Gym,2026-03-20 14:50:08.273897,2026-03-20 18:00:00,Fri,18,3.164368362005953
R-101,Gym,2026-03-20 15:08:08.074508,2026-03-20 18:00:00,Fri,18,2.8644237478853607
R-099,Tennis,2026-03-20 04:07:35.849195,2026-03-20 19:00:00,Fri,19,14.873375223616417
R-071,Gym,2026-03-21 04:27:28.424709,2026-03-21 12:00:00,Sat,12,7.542104247419305
R-001,Tennis,2026-03-20 22:53:07.284080,2026-03-21 14:00:00,Sat,14,15.114643310981338
R-050,Clubhouse,2026-03-21 07:55:50.365018,2026-03-21 15:00:00,Sat,15,7.0693430504350445
R-016,Pool,2026-03-21 08:29:33.839231,2026-03-21 15:00:00,Sat,15,6.507266880306373
R-032,Pool,2026-03-21 09:22:31.813190,2026-03-21 15:00:00,Sat,15,5.624496336016457
R-077,Pool,2026-03-21 12:22:05.900409,2026-03-21 15:00:00,Sat,15,2.6316943308486294
R-039,Pool,2026-03-21 09:08:32.961969,2026-03-21 15:00:00,Sat,15,5.857510564133006
R-096,Pool,2026-03-21 09:40:20.764857,2026-03-21 15:00:00,Sat,15,5.327565317524661
R-112,Pool,2026-03-21 08:18:25.120930,2026-03-21 15:00:00,Sat,15,6.693021963888317
R-045,Clubhouse,2026-03-21 08:17:21.518004,2026-03-21 15:00:00,Sat,15,6.710689443198482
R-009,Pool,2026-03-21 08:25:50.093470,2026-03-21 15:00:00,Sat,15,6.56941848056767
R-030,Pool,2026-03-21 08:41:56.643419,2026-03-21 15:00:00,Sat,15,6.300932383623882
R-007,Pool,2026-03-21 08:32:46.352865,2026-03-21 15:00:00,Sat,15,6.453790870759006
R-067,Pool,2026-03-21 10:30:50.327224,2026-03-21 15:00:00,Sat,15,4.486020215418889
R-022,Pool,2026-03-21 08:53:00.989619,2026-03-21 15:00:00,Sat,15,6.116391772426635
R-110,Pool,2026-03-21 10:00:32.422295,2026-03-21 15:00:00,Sat,15,4.9909938069524244
R-068,Pool,2026-03-21 09:04:27.212567,2026-03-21 15:00:00,Sat,15,5.925774287028093
R-062,Clubhouse,2026-03-21 09:24:12.126885,2026-03-21 15:00:00,Sat,15,5.596631420915663
R-105,Pool,2026-03-21 08:27:58.583567,2026-03-21 15:00:00,Sat,15,6.5337267869823
R-041,Pool,2026-03-21 09:29:41.745893,2026-03-21 15:00:00,Sat,15,5.505070585390982
R-103,Pool,2026-03-21 10:43:07.909212,2026-03-21 15:00:00,Sat,15,4.281136329981555
R-060,Clubhouse,2026-03-21 08:44:07.731526,2026-03-21 15:00:00,Sat,15,6.264519020457342
R-102,Pool,2026-03-21 08:43:27.956310,2026-03-21 15:00:00,Sat,15,6.275567691659669
R-004,Pool,2026-03-21 06:56:02.820219,2026-03-21 15:00:00,Sat,15,8.065883272361276
R-013,Pool,2026-03-21 09:13:23.752613,2026-03-21 15:00:00,Sat,15,5.776735385394025
R-043,Clubhouse,2026-03-21 09:49:16.252570,2026-03-21 15:00:00,Sat,15,5.178818730590736
R-026,Pool,2026-03-21 09:12:21.184359,2026-03-21 15:00:00,Sat,15,5.794115455881356
R-093,Pool,2026-03-21 08:42:41.647294,2026-03-21 15:00:00,Sat,15,6.288431307287356
R-086,Clubhouse,2026-03-21 09:27:54.284256,2026-03-21 15:00:00,Sat,15,5.534921040096665
R-028,Pool,2026-03-21 09:34:25.757374,2026-03-21 15:00:00,Sat,15,5.426178507106018
R-119,Pool,2026-03-21 09:33:00.347047,2026-03-21 15:00:00,Sat,15,5.449903598102508
R-033,Pool,2026-03-21 08:05:10.697787,2026-03-21 15:00:00,Sat,15,6.913695059237849
R-079,Pool,2026-03-21 09:00:52.931362,2026-03-21 15:00:00,Sat,15,5.9852968439632654
R-082,Pool,2026-03-21 11:18:51.629837,2026-03-21 16:00:00,Sat,16,4.68565837868545
R-008,Clubhouse,2026-03-21 10:46:56.371844,2026-03-21 16:00:00,Sat,16,5.217674487902284
R-047,Pool,2026-03-21 10:41:07.468801,2026-03-21 16:00:00,Sat,16,5.314591999645075
R-014,Pool,2026-03-21 09:14:48.796282,2026-03-21 16:00:00,Sat,16,6.753112143920173
R-085,Tennis,2026-03-20 14:29:46.276164,2026-03-21 19:00:00,Sat,19,28.503812176795243
R-021,Tennis,2026-03-21 07:00:42.100789,2026-03-21 19:00:00,Sat,19,11.988305336524402
R-040,Tennis,2026-03-20 18:26:49.751984,2026-03-21 19:00:00,Sat,19,24.55284667115855
R-069,Tennis,2026-03-20 17:03:24.232828,2026-03-21 19:00:00,Sat,19,25.94326865896716
R-089,Badminton,2026-03-20 19:37:25.400750,2026-03-21 19:00:00,Sat,19,23.37627756935408
R-057,Badminton,2026-03-20 16:00:13.933700,2026-03-21 19:00:00,Sat,19,26.996129527695675
R-038,Tennis,2026-03-20 19:20:10.854822,2026-03-21 19:00:00,Sat,19,23.663651438445072
R-074,Badminton,2026-03-20 19:44:33.833141,2026-03-21 19:00:00,Sat,19,23.257268571884758
R-107,Tennis,2026-03-20 18:15:18.502949,2026-03-21 19:00:00,Sat,19,24.7448602919306
R-075,Badminton,2026-03-20 15:24:30.448306,2026-03-21 19:00:00,Sat,19,27.591542137169732
R-092,Tennis,2026-03-20 21:14:20.908761,2026-03-21 19:00:00,Sat,19,21.760858677440076
R-023,Badminton,2026-03-20 15:35:54.689056,2026-03-21 19:00:00,Sat,19,27.401475262264103
R-097,Tennis,2026-03-20 21:09:36.970740,2026-03-21 19:00:00,Sat,19,21.8397303501108
R-083,Tennis,2026-03-20 21:43:37.982816,2026-03-21 19:00:00,Sat,19,21.272782551183063
R-002,Badminton,2026-03-20 16:37:36.407139,2026-03-21 19:00:00,Sat,19,26.373220239237178
R-056,Tennis,2026-03-20 16:52:40.330889,2026-03-21 19:00:00,Sat,19,26.12213030862486
R-095,Badminton,2026-03-20 17:45:28.544818,2026-03-21 19:00:00,Sat,19,25.242070883845344
R-076,Tennis,2026-03-20 19:08:08.311455,2026-03-21 19:00:00,Sat,19,23.86435792917817
R-018,Tennis,2026-03-20 17:33:35.661534,2026-03-21 19:00:00,Sat,19,25.440094018234383
R-024,Badminton,2026-03-20 18:32:47.469375,2026-03-21 20:00:00,Sat,20,25.453480729105323
R-100,Badminton,2026-03-20 18:41:34.720496,2026-03-21 20:00:00,Sat,20,25.307022084356426
R-116,Tennis,2026-03-20 21:42:58.587299,2026-03-21 20:00:00,Sat,20,22.283725750176945
R-037,Tennis,2026-03-21 21:36:48.091480,2026-03-22 09:00:00,Sun,9,11.386641255558668
R-118,Tennis,2026-03-22 01:19:19.576458,2026-03-22 12:00:00,Sun,12,10.677895428254756
R-113,Pool,2026-03-22 01:25:17.894380,2026-03-22 13:00:00,Sun,13,11.578362672156423
R-114,Tennis,2026-03-21 21:35:06.174172,2026-03-22 14:00:00,Sun,14,16.414951618808544
R-068,Pool,2026-03-22 10:37:46.477640,2026-03-22 15:00:00,Sun,15,4.370422877778541
R-086,Pool,2026-03-22 08:42:40.945091,2026-03-22 15:00:00,Sun,15,6.288626363494999
R-060,Pool,2026-03-22 08:38:26.923555,2026-03-22 15:00:00,Sun,15,6.359187901415673
R-103,Pool,2026-03-22 09:26:06.039780,2026-03-22 15:00:00,Sun,15,5.564988950130695
R-064,Pool,2026-03-22 07:59:11.583602,2026-03-22 15:00:00,Sun,15,7.01344899943442
R-026,Pool,2026-03-22 08:52:34.430812,2026-03-22 15:00:00,Sun,15,6.123769218843107
R-044,Pool,2026-03-22 09:47:11.918200,2026-03-22 15:00:00,Sun,15,5.2133560556699585
R-004,Pool,2026-03-22 08:03:00.542474,2026-03-22 15:00:00,Sun,15,6.949849312695605
R-105,Pool,2026-03-22 07:36:53.518288,2026-03-22 15:00:00,Sun,15,7.3851338087712275
R-014,Pool,2026-03-22 08:04:26.810125,2026-03-22 15:00:00,Sun,15,6.925886076365555
R-022,Pool,2026-03-22 10:29:26.267339,2026-03-22 15:00:00,Sun,15,4.5093701835064355
R-043,Pool,2026-03-22 09:46:43.018035,2026-03-22 15:00:00,Sun,15,5.221383879253111
R-013,Pool,2026-03-22 06:25:53.709247,2026-03-22 15:00:00,Sun,15,8.56841409816317
R-028,Pool,2026-03-22 08:46:29.512964,2026-03-22 15:00:00,Sun,15,6.225135287845227
R-067,Clubhouse,2026-03-22 08:22:16.839820,2026-03-22 15:00:00,Sun,15,6.628655605675389
R-079,Pool,2026-03-22 09:44:55.139583,2026-03-22 15:00:00,Sun,15,5.251350115963364
R-077,Pool,2026-03-22 07:55:44.412678,2026-03-22 15:00:00,Sun,15,7.070996478202041
R-007,Clubhouse,2026-03-22 08:57:01.981888,2026-03-22 15:00:00,Sun,15,6.04944947564423
R-096,Pool,2026-03-22 09:42:55.816547,2026-03-22 15:00:00,Sun,15,5.284495403645593
R-051,Pool,2026-03-22 07:27:16.552331,2026-03-22 15:00:00,Sun,15,7.545402130254282
R-032,Pool,2026-03-22 07:24:56.129390,2026-03-22 15:00:00,Sun,15,7.584408502885923
R-112,Pool,2026-03-22 07:28:26.324501,2026-03-22 15:00:00,Sun,15,7.526020971904572
R-047,Clubhouse,2026-03-22 07:57:31.525362,2026-03-22 15:00:00,Sun,15,7.041242955134149
R-033,Clubhouse,2026-03-22 08:14:29.931031,2026-03-22 15:00:00,Sun,15,6.758352491263584
R-098,Clubhouse,2026-03-22 08:18:20.883014,2026-03-22 15:00:00,Sun,15,6.694199162841288
R-008,Pool,2026-03-22 10:02:04.284415,2026-03-22 15:00:00,Sun,15,4.9654765512940555
R-050,Pool,2026-03-22 09:58:47.374013,2026-03-22 16:00:00,Sun,16,6.020173885240406
R-110,Pool,2026-03-22 10:19:43.324223,2026-03-22 16:00:00,Sun,16,5.6712988268364235
R-019,Pool,2026-03-22 07:05:51.839832,2026-03-22 16:00:00,Sun,16,8.902266713372736
R-052,Badminton,2026-03-22 02:09:19.435103,2026-03-22 16:00:00,Sun,16,13.844601360202185
R-041,Pool,2026-03-22 11:31:46.833906,2026-03-22 16:00:00,Sun,16,4.4703239148645135
R-009,Pool,2026-03-22 08:17:13.316559,2026-03-22 16:00:00,Sun,16,7.712967622539699
R-016,Clubhouse,2026-03-22 10:37:18.913314,2026-03-22 16:00:00,Sun,16,5.378079634917538
R-045,Pool,2026-03-22 08:03:00.521534,2026-03-22 16:00:00,Sun,16,7.949855129379178
R-062,Pool,2026-03-22 08:56:56.016215,2026-03-22 16:00:00,Sun,16,7.0511066070079105
R-082,Pool,2026-03-22 11:00:20.225050,2026-03-22 16:00:00,Sun,16,4.994381930576976
R-049,Pool,2026-03-23 04:09:52.406764,2026-03-23 07:00:00,Mon,7,2.835442565645106
R-091,Gym,2026-03-23 03:43:22.929600,2026-03-23 07:00:00,Mon,7,3.2769639999682996
R-061,Gym,2026-03-23 03:15:38.179109,2026-03-23 07:00:00,Mon,7,3.739394692049685
R-090,Gym,2026-03-23 03:27:26.623031,2026-03-23 07:00:00,Mon,7,3.5426047136978296
R-055,Gym,2026-03-23 03:50:16.109934,2026-03-23 07:00:00,Mon,7,3.162191684950334
R-094,Gym,2026-03-23 04:10:36.561787,2026-03-23 07:00:00,Mon,7,2.823177281462446
R-025,Gym,2026-03-23 04:11:15.638292,2026-03-23 07:00:00,Mon,7,2.812322696713603
R-101,Gym,2026-03-23 04:13:49.397822,2026-03-23 07:00:00,Mon,7,2.7696117161385367
R-117,Gym,2026-03-23 03:55:56.035380,2026-03-23 07:00:00,Mon,7,3.0677679500784936
R-003,Gym,2026-03-23 03:44:13.585891,2026-03-23 07:00:00,Mon,7,3.2628928080830306
R-053,Gym,2026-03-23 04:15:01.854846,2026-03-23 07:00:00,Mon,7,2.7494847649100356
R-012,Gym,2026-03-23 03:45:51.554389,2026-03-23 07:00:00,Mon,7,3.235679336432051
R-017,Gym,2026-03-23 04:04:31.438439,2026-03-23 07:00:00,Mon,7,2.9246004334954656
R-084,Gym,2026-03-23 04:01:28.457292,2026-03-23 07:00:00,Mon,7,2.975428530070207
R-005,Gym,2026-03-23 04:26:59.336154,2026-03-23 07:00:00,Mon,7,2.550184401659312
R-042,Gym,2026-03-23 03:57:31.743590,2026-03-23 07:00:00,Mon,7,3.0411823362349604
R-070,Gym,2026-03-23 03:45:40.739158,2026-03-23 07:00:00,Mon,7,3.2386835671171927
R-078,Gym,2026-03-23 03:28:13.493195,2026-03-23 07:00:00,Mon,7,3.5295852235227665
R-073,Gym,2026-03-23 04:04:54.998570,2026-03-23 07:00:00,Mon,7,2.918055952642681
R-081,Gym,2026-03-23 04:28:33.443443,2026-03-23 07:00:00,Mon,7,2.524043487952662
R-099,Badminton,2026-03-22 15:37:23.429033,2026-03-23 10:00:00,Mon,10,18.3768252684801
R-010,Badminton,2026-03-22 20:02:09.793326,2026-03-23 11:00:00,Mon,11,14.963946298223716
R-031,Badminton,2026-03-23 02:08:54.664171,2026-03-23 12:00:00,Mon,12,9.851482174805579
R-104,Gym,2026-03-22 21:43:13.953354,2026-03-23 12:00:00,Mon,12,14.279457401774547
R-058,Gym,2026-03-23 15:26:49.612312,2026-03-23 18:00:00,Mon,18,2.55288546894819
R-015,Gym,2026-03-23 14:23:37.389177,2026-03-23 18:00:00,Mon,18,3.6062807842970197
R-088,Gym,2026-03-23 14:28:45.776343,2026-03-23 18:00:00,Mon,18,3.5206176826083433
R-019,Badminton,2026-03-24 02:06:54.502121,2026-03-24 08:00:00,Tue,8,5.884860521977706
R-046,Badminton,2026-03-24 04:24:48.910731,2026-03-24 12:00:00,Tue,12,7.586413685867674
R-114,Badminton,2026-03-24 03:42:22.155360,2026-03-24 12:00:00,Tue,12,8.29384573344215
R-036,Badminton,2026-03-24 00:09:50.968926,2026-03-24 14:00:00,Tue,14,13.835841964866393
R-054,Badminton,2026-03-24 06:00:45.454146,2026-03-24 18:00:00,Tue,18,11.987373848417164
R-099,Badminton,2026-03-24 00:18:17.185551,2026-03-24 18:00:00,Tue,18,17.69522623569821
R-120,Tennis,2026-03-24 05:39:09.791786,2026-03-24 18:00:00,Tue,18,12.347280059567042
R-057,Badminton,2026-03-23 17:46:21.844690,2026-03-24 19:00:00,Tue,19,25.227265363832142
R-038,Tennis,2026-03-23 18:11:30.992757,2026-03-24 19:00:00,Tue,19,24.80805756736681
R-089,Badminton,2026-03-23 17:48:31.824558,2026-03-24 19:00:00,Tue,19,25.191159844929874
R-023,Tennis,2026-03-23 17:42:00.769130,2026-03-24 19:00:00,Tue,19,25.29978635274536
R-002,Tennis,2026-03-23 18:52:35.608686,2026-03-24 19:00:00,Tue,19,24.123442031699526
R-097,Badminton,2026-03-23 18:23:12.903595,2026-03-24 19:00:00,Tue,19,24.613082334616244
R-069,Badminton,2026-03-23 18:52:25.192601,2026-03-24 19:00:00,Tue,19,24.12633538872557
R-074,Tennis,2026-03-23 20:46:02.516593,2026-03-24 19:00:00,Tue,19,22.23263427977515
R-059,Badminton,2026-03-23 17:36:13.677259,2026-03-24 19:00:00,Tue,19,25.39620076134244
R-056,Badminton,2026-03-23 19:07:48.465478,2026-03-24 19:00:00,Tue,19,23.8698707004665
R-100,Badminton,2026-03-23 16:06:06.755634,2026-03-24 19:00:00,Tue,19,26.898123435120606
R-085,Tennis,2026-03-23 18:56:01.104385,2026-03-24 19:00:00,Tue,19,24.06635989316068
R-024,Badminton,2026-03-23 17:45:11.877880,2026-03-24 19:00:00,Tue,19,25.24670058885996
R-075,Tennis,2026-03-23 18:49:37.299652,2026-03-24 19:00:00,Tue,19,24.172972318888927
R-076,Badminton,2026-03-23 18:50:11.056894,2026-03-24 19:00:00,Tue,19,24.163595307182263
R-040,Badminton,2026-03-23 18:39:18.409884,2026-03-24 19:00:00,Tue,19,24.34488614339976
R-092,Badminton,2026-03-23 16:01:29.801176,2026-03-24 19:00:00,Tue,19,26.975055228842997
R-095,Tennis,2026-03-23 19:21:01.415138,2026-03-24 19:00:00,Tue,19,23.649606906203633
R-083,Badminton,2026-03-24 00:02:34.954458,2026-03-24 19:00:00,Tue,19,18.956957094938367
R-065,Badminton,2026-03-23 17:58:20.148862,2026-03-24 19:00:00,Tue,19,25.027736427274796
R-116,Badminton,2026-03-23 18:58:26.526394,2026-03-24 20:00:00,Tue,20,25.02596489041679
R-055,Gym,2026-03-25 04:57:21.225233,2026-03-25 07:00:00,Wed,7,2.044104101919742
R-101,Pool,2026-03-25 03:57:33.254216,2026-03-25 07:00:00,Wed,7,3.0407627179058867
R-005,Gym,2026-03-25 04:28:39.720750,2026-03-25 07:00:00,Wed,7,2.5222997915832592
R-078,Gym,2026-03-25 03:35:23.112218,2026-03-25 07:00:00,Wed,7,3.410246606100664
R-111,Gym,2026-03-25 03:40:56.856159,2026-03-25 07:00:00,Wed,7,3.317539955849129
R-058,Gym,2026-03-25 04:05:26.149534,2026-03-25 07:00:00,Wed,7,2.9094029071338237
R-012,Gym,2026-03-25 03:30:00.660891,2026-03-25 07:00:00,Wed,7,3.4998164191817263
R-066,Gym,2026-03-25 02:12:01.206791,2026-03-25 07:00:00,Wed,7,4.799664780304203
R-073,Gym,2026-03-25 04:34:50.840867,2026-03-25 07:00:00,Wed,7,2.4192108702821997
R-049,Gym,2026-03-25 04:21:44.272553,2026-03-25 07:00:00,Wed,7,2.637702068526344
R-090,Gym,2026-03-25 04:21:40.400608,2026-03-25 07:00:00,Wed,7,2.638777608946686
R-070,Gym,2026-03-25 04:04:38.465294,2026-03-25 07:00:00,Wed,7,2.9226485293458158
R-081,Gym,2026-03-25 04:59:03.184751,2026-03-25 07:00:00,Wed,7,2.015782013693697
R-108,Pool,2026-03-25 04:11:11.640372,2026-03-25 07:00:00,Wed,7,2.8134332299471425
R-035,Gym,2026-03-25 03:25:41.195913,2026-03-25 07:00:00,Wed,7,3.5718900240503393
R-017,Gym,2026-03-25 04:31:22.520972,2026-03-25 07:00:00,Wed,7,2.47707750788574
R-015,Gym,2026-03-25 02:57:42.525527,2026-03-25 07:00:00,Wed,7,4.038187353698655
R-061,Gym,2026-03-25 03:14:48.598551,2026-03-25 07:00:00,Wed,7,3.7531670691021093
R-091,Gym,2026-03-25 03:39:47.342471,2026-03-25 07:00:00,Wed,7,3.336849313706168
R-084,Gym,2026-03-25 04:06:39.591379,2026-03-25 07:00:00,Wed,7,2.8890023948292582
R-001,Badminton,2026-03-24 23:14:43.971369,2026-03-25 10:00:00,Wed,10,10.754452397547515
R-046,Gym,2026-03-24 17:29:55.544736,2026-03-25 10:00:00,Wed,10,16.501237573297885
R-071,Clubhouse,2026-03-25 07:06:58.254973,2026-03-25 11:00:00,Wed,11,3.883818062963366
R-115,Gym,2026-03-25 06:50:18.096237,2026-03-25 17:00:00,Wed,17,10.161639934284239
R-025,Gym,2026-03-25 15:34:58.788914,2026-03-25 18:00:00,Wed,18,2.4170030793517903
R-087,Gym,2026-03-25 14:52:44.698402,2026-03-25 18:00:00,Wed,18,3.1209171105452937
R-094,Gym,2026-03-25 15:31:06.572155,2026-03-25 18:00:00,Wed,18,2.481507734855456
R-053,Pool,2026-03-25 14:31:38.880994,2026-03-25 18:00:00,Wed,18,3.4725330572298847
R-120,Badminton,2026-03-25 20:38:31.285575,2026-03-26 08:00:00,Thu,8,11.357976229148447
R-001,Clubhouse,2026-03-25 20:44:28.318652,2026-03-26 10:00:00,Thu,10,13.258800374308906
R-071,Clubhouse,2026-03-25 19:01:37.860970,2026-03-26 13:00:00,Thu,13,17.97281639727082
R-115,Pool,2026-03-26 03:28:41.341109,2026-03-26 18:00:00,Thu,18,14.521849692002279
R-092,Tennis,2026-03-25 18:27:53.645310,2026-03-26 19:00:00,Thu,19,24.535098525086077
R-107,Badminton,2026-03-25 20:21:44.957353,2026-03-26 19:00:00,Thu,19,22.637511846374505
R-069,Badminton,2026-03-25 20:13:32.340701,2026-03-26 19:00:00,Thu,19,22.774349805329635
R-085,Tennis,2026-03-25 19:07:58.671497,2026-03-26 19:00:00,Thu,19,23.867035695226306
R-083,Tennis,2026-03-25 19:43:16.721338,2026-03-26 19:00:00,Thu,19,23.278688517217475
R-040,Badminton,2026-03-25 18:51:14.164417,2026-03-26 19:00:00,Thu,19,24.1460654398532
R-076,Tennis,2026-03-25 18:48:48.922786,2026-03-26 19:00:00,Thu,19,24.186410337256266
R-095,Tennis,2026-03-25 18:01:20.457862,2026-03-26 19:00:00,Thu,19,24.9776505938888
R-074,Badminton,2026-03-25 19:26:19.949300,2026-03-26 19:00:00,Thu,19,23.56112519452426
R-116,Badminton,2026-03-25 21:46:54.262151,2026-03-26 19:00:00,Thu,19,21.218260513613508
R-100,Tennis,2026-03-25 20:24:47.110800,2026-03-26 19:00:00,Thu,19,22.586913666634334
R-089,Tennis,2026-03-25 17:57:47.901513,2026-03-26 19:00:00,Thu,19,25.03669402421768
R-002,Badminton,2026-03-25 16:29:20.936355,2026-03-26 19:00:00,Thu,19,26.51085101258719
R-038,Badminton,2026-03-25 21:47:45.757361,2026-03-26 19:00:00,Thu,19,21.203956288653618
R-056,Tennis,2026-03-25 20:45:15.849165,2026-03-26 19:00:00,Thu,19,22.24559745407881
R-006,Tennis,2026-03-25 21:58:33.389335,2026-03-26 19:00:00,Thu,19,21.02405851800499
R-075,Badminton,2026-03-25 19:16:25.696091,2026-03-26 19:00:00,Thu,19,23.72619553040106
R-097,Badminton,2026-03-25 15:53:47.812715,2026-03-26 19:00:00,Thu,19,27.10338535684943
R-072,Tennis,2026-03-25 13:40:08.765355,2026-03-26 19:00:00,Thu,19,29.330898512422838
R-065,Tennis,2026-03-25 20:23:32.881894,2026-03-26 20:00:00,Thu,20,23.60753280727843
R-024,Badminton,2026-03-25 17:49:51.652635,2026-03-26 20:00:00,Thu,20,26.168985379139404
R-058,Pool,2026-03-27 03:48:29.838619,2026-03-27 07:00:00,Fri,7,3.1917114946386325
R-090,Gym,2026-03-27 03:46:12.142393,2026-03-27 07:00:00,Fri,7,3.2299604464381106
R-066,Gym,2026-03-27 04:58:35.201535,2026-03-27 07:00:00,Fri,7,2.023555129198342
R-003,Gym,2026-03-27 04:05:08.267631,2026-03-27 07:00:00,Fri,7,2.9143701025017483
R-073,Gym,2026-03-27 04:03:50.189042,2026-03-27 07:00:00,Fri,7,2.9360585995409507
R-015,Gym,2026-03-27 03:44:12.734822,2026-03-27 07:00:00,Fri,7,3.263129216208145
R-094,Gym,2026-03-27 03:38:35.665095,2026-03-27 07:00:00,Fri,7,3.356759695924429
R-020,Gym,2026-03-27 04:14:23.684615,2026-03-27 07:00:00,Fri,7,2.7600876068962057
R-070,Gym,2026-03-27 03:59:53.209808,2026-03-27 07:00:00,Fri,7,3.0018861645065344
R-055,Gym,2026-03-27 05:01:50.459354,2026-03-27 07:00:00,Fri,7,1.9693168462095474
R-042,Gym,2026-03-27 04:15:36.303325,2026-03-27 07:00:00,Fri,7,2.739915742975128
R-053,Pool,2026-03-27 03:51:43.930768,2026-03-27 07:00:00,Fri,7,3.1377970088936946
R-088,Gym,2026-03-27 04:14:56.613697,2026-03-27 07:00:00,Fri,7,2.7509406396171037
R-012,Gym,2026-03-27 04:10:56.989984,2026-03-27 07:00:00,Fri,7,2.8175027821556453
R-108,Gym,2026-03-27 04:05:17.340558,2026-03-27 07:00:00,Fri,7,2.911849845029864
R-025,Gym,2026-03-27 03:44:10.925479,2026-03-27 07:00:00,Fri,7,3.263631811262492
R-005,Pool,2026-03-27 03:03:19.795868,2026-03-27 07:00:00,Fri,7,3.944501147693014
R-084,Gym,2026-03-27 04:15:29.500784,2026-03-27 07:00:00,Fri,7,2.7418053378769867
R-035,Gym,2026-03-27 04:09:46.610536,2026-03-27 07:00:00,Fri,7,2.8370526288013598
R-061,Gym,2026-03-27 03:22:36.354544,2026-03-27 07:00:00,Fri,7,3.6232348488469697
R-071,Badminton,2026-03-26 21:57:47.609158,2026-03-27 09:00:00,Fri,9,11.036775233787706
R-106,Clubhouse,2026-03-27 05:29:58.959414,2026-03-27 12:00:00,Fri,12,6.500289051599869
R-101,Gym,2026-03-27 14:44:02.676759,2026-03-27 18:00:00,Fri,18,3.265923122487464
R-081,Pool,2026-03-27 14:35:41.722702,2026-03-27 18:00:00,Fri,18,3.4050770272586437
R-052,Badminton,2026-03-27 06:04:14.318121,2026-03-27 18:00:00,Fri,18,11.92935607736817
R-019,Tennis,2026-03-27 03:23:31.163573,2026-03-27 19:00:00,Fri,19,15.60801011864037
R-071,Badminton,2026-03-28 04:55:03.910120,2026-03-28 10:00:00,Sat,10,5.082247188894781
R-016,Pool,2026-03-28 09:34:50.620368,2026-03-28 15:00:00,Sat,15,5.419272119968771
R-033,Pool,2026-03-28 10:08:42.381395,2026-03-28 15:00:00,Sat,15,4.854894056899248
R-045,Pool,2026-03-28 09:15:06.828608,2026-03-28 15:00:00,Sat,15,5.748103164374097
R-103,Pool,2026-03-28 08:11:26.356016,2026-03-28 15:00:00,Sat,15,6.809345551229693
R-028,Pool,2026-03-28 09:24:10.059555,2026-03-28 15:00:00,Sat,15,5.597205679188965
R-082,Pool,2026-03-28 08:45:49.485002,2026-03-28 15:00:00,Sat,15,6.23625416609637
R-067,Pool,2026-03-28 10:24:07.710342,2026-03-28 15:00:00,Sat,15,4.597858238419084
R-032,Pool,2026-03-28 08:29:19.941119,2026-03-28 15:00:00,Sat,15,6.511127467061231
R-105,Clubhouse,2026-03-28 08:49:20.079108,2026-03-28 15:00:00,Sat,15,6.177755803402947
R-096,Pool,2026-03-28 09:15:45.608377,2026-03-28 15:00:00,Sat,15,5.737331006405901
R-039,Pool,2026-03-28 08:58:45.667966,2026-03-28 15:00:00,Sat,15,6.020647787184499
R-047,Pool,2026-03-28 08:25:38.192192,2026-03-28 15:00:00,Sat,15,6.572724391248238
R-119,Pool,2026-03-28 10:34:23.907688,2026-03-28 15:00:00,Sat,15,4.426692308844341
R-013,Pool,2026-03-28 08:29:11.865130,2026-03-28 15:00:00,Sat,15,6.513370797305936
R-009,Pool,2026-03-28 08:23:38.737318,2026-03-28 15:00:00,Sat,15,6.605906300601583
R-110,Pool,2026-03-28 09:37:07.935275,2026-03-28 15:00:00,Sat,15,5.381129090162278
R-051,Clubhouse,2026-03-28 09:51:41.839083,2026-03-28 15:00:00,Sat,15,5.138378032630513
R-050,Pool,2026-03-28 08:47:50.155574,2026-03-28 15:00:00,Sat,15,6.20273456268893
R-004,Pool,2026-03-28 07:47:15.505478,2026-03-28 15:00:00,Sat,15,7.212359589430076
R-112,Pool,2026-03-28 09:20:13.953210,2026-03-28 15:00:00,Sat,15,5.662790775037899
R-093,Pool,2026-03-28 08:05:14.788941,2026-03-28 15:00:00,Sat,15,6.912558627550379
R-043,Clubhouse,2026-03-28 09:48:13.130279,2026-03-28 15:00:00,Sat,15,5.196352700218737
R-102,Pool,2026-03-28 08:47:18.132687,2026-03-28 15:00:00,Sat,15,6.211629809178836
R-014,Pool,2026-03-28 07:39:51.324769,2026-03-28 15:00:00,Sat,15,7.335743119629393
R-048,Clubhouse,2026-03-28 01:41:16.163468,2026-03-28 15:00:00,Sat,15,13.312176814424427
R-064,Pool,2026-03-28 09:49:06.411749,2026-03-28 15:00:00,Sat,15,5.181552292058262
R-011,Pool,2026-03-28 08:52:13.850013,2026-03-28 15:00:00,Sat,15,6.129486107469547
R-041,Pool,2026-03-28 07:54:26.589848,2026-03-28 15:00:00,Sat,15,7.09261393110039
R-007,Pool,2026-03-28 08:24:14.275629,2026-03-28 15:00:00,Sat,15,6.5960345473818425
R-086,Pool,2026-03-28 09:03:34.283683,2026-03-28 15:00:00,Sat,15,5.940476754678905
R-008,Pool,2026-03-28 07:32:14.279794,2026-03-28 15:00:00,Sat,15,7.462700057257049
R-022,Pool,2026-03-28 10:04:38.100577,2026-03-28 16:00:00,Sat,16,5.922749839703194
R-026,Pool,2026-03-28 09:48:20.819603,2026-03-28 16:00:00,Sat,16,6.1942167769203476
R-044,Pool,2026-03-28 11:16:32.691272,2026-03-28 16:00:00,Sat,16,4.72425242437032
R-098,Clubhouse,2026-03-28 09:42:45.884831,2026-03-28 16:00:00,Sat,16,6.28725421358647
R-060,Clubhouse,2026-03-28 10:26:01.946844,2026-03-28 16:00:00,Sat,16,5.566125876723251
R-062,Pool,2026-03-28 09:14:44.559058,2026-03-28 16:00:00,Sat,16,6.754289150534578
R-030,Pool,2026-03-28 10:36:18.578142,2026-03-28 16:00:00,Sat,16,5.394839405138776
R-056,Badminton,2026-03-27 22:39:48.217623,2026-03-28 19:00:00,Sat,19,20.336606215908866
R-075,Badminton,2026-03-27 19:49:59.717792,2026-03-28 19:00:00,Sat,19,23.166745057729436
R-038,Badminton,2026-03-27 18:37:44.233967,2026-03-28 19:00:00,Sat,19,24.37104612028955
R-097,Badminton,2026-03-27 17:36:24.894569,2026-03-28 19:00:00,Sat,19,25.39308484181739
R-100,Badminton,2026-03-27 19:49:53.039058,2026-03-28 19:00:00,Sat,19,23.16860026180151
R-018,Badminton,2026-03-27 22:03:35.107801,2026-03-28 19:00:00,Sat,19,20.940247832954057
R-074,Badminton,2026-03-27 21:30:30.796712,2026-03-28 19:00:00,Sat,19,21.491445357764082
R-083,Badminton,2026-03-27 15:29:44.378033,2026-03-28 19:00:00,Sat,19,27.504339435246028
R-092,Tennis,2026-03-27 19:13:39.601750,2026-03-28 19:00:00,Sat,19,23.772332847204044
R-023,Tennis,2026-03-27 15:56:05.347458,2026-03-28 19:00:00,Sat,19,27.06518126165096
R-069,Badminton,2026-03-27 16:55:05.622754,2026-03-28 19:00:00,Sat,19,26.08177145717487
R-024,Tennis,2026-03-27 18:30:10.765996,2026-03-28 19:00:00,Sat,19,24.497009445594408
R-095,Badminton,2026-03-27 21:23:39.171555,2026-03-28 19:00:00,Sat,19,21.605785679087735
R-065,Tennis,2026-03-27 16:41:36.224338,2026-03-28 19:00:00,Sat,19,26.30660435061147
R-057,Badminton,2026-03-27 14:33:11.625816,2026-03-28 19:00:00,Sat,19,28.446770606774113
R-059,Tennis,2026-03-27 21:35:07.301640,2026-03-28 19:00:00,Sat,19,21.41463843336096
R-076,Tennis,2026-03-27 19:48:05.598545,2026-03-28 19:00:00,Sat,19,23.19844484858305
R-040,Badminton,2026-03-27 16:42:04.554515,2026-03-28 19:00:00,Sat,19,26.29873485684581
R-085,Tennis,2026-03-27 20:39:23.833752,2026-03-28 19:00:00,Sat,19,22.343379513323928
R-072,Badminton,2026-03-27 19:34:28.693075,2026-03-28 19:00:00,Sat,19,23.425363034726168
R-107,Badminton,2026-03-27 18:36:07.916189,2026-03-28 20:00:00,Sat,20,25.397801058594375
R-019,Clubhouse,2026-03-28 23:53:13.770352,2026-03-29 08:00:00,Sun,8,8.112841568835897
R-052,Clubhouse,2026-03-28 16:50:12.044771,2026-03-29 09:00:00,Sun,9,16.163320896838712
R-063,Pool,2026-03-29 06:57:10.612846,2026-03-29 14:00:00,Sun,14,7.047051987303984
R-032,Pool,2026-03-29 08:47:50.335361,2026-03-29 15:00:00,Sun,15,6.202684621837237
R-028,Pool,2026-03-29 10:34:43.325131,2026-03-29 15:00:00,Sun,15,4.421298574608249
R-033,Pool,2026-03-29 09:07:08.902284,2026-03-29 15:00:00,Sun,15,5.880860476648499
R-110,Clubhouse,2026-03-29 09:01:37.571650,2026-03-29 15:00:00,Sun,15,5.972896763781495
R-067,Pool,2026-03-29 09:42:03.622130,2026-03-29 15:00:00,Sun,15,5.298993852780686
R-077,Clubhouse,2026-03-29 10:23:40.101784,2026-03-29 15:00:00,Sun,15,4.605527282088362
R-026,Pool,2026-03-29 07:15:42.878123,2026-03-29 15:00:00,Sun,15,7.73808941029422
R-098,Clubhouse,2026-03-29 10:03:51.312495,2026-03-29 15:00:00,Sun,15,4.935746529279111
R-004,Pool,2026-03-29 09:25:27.279906,2026-03-29 15:00:00,Sun,15,5.575755581651941
R-009,Pool,2026-03-29 09:40:05.220121,2026-03-29 15:00:00,Sun,15,5.331883299631923
R-047,Pool,2026-03-29 10:02:24.660143,2026-03-29 15:00:00,Sun,15,4.959816626909259
R-103,Clubhouse,2026-03-29 08:17:36.843119,2026-03-29 15:00:00,Sun,15,6.7064324668491775
R-007,Clubhouse,2026-03-29 09:42:45.395124,2026-03-29 15:00:00,Sun,15,5.287390243252924
R-013,Clubhouse,2026-03-29 09:10:54.137092,2026-03-29 15:00:00,Sun,15,5.8182952521855125
R-008,Pool,2026-03-29 09:12:25.831044,2026-03-29 15:00:00,Sun,15,5.792824710082458
R-051,Pool,2026-03-29 07:32:25.006837,2026-03-29 15:00:00,Sun,15,7.459720322952501
R-030,Clubhouse,2026-03-29 10:54:43.988312,2026-03-29 15:00:00,Sun,15,4.087781024358887
R-062,Pool,2026-03-29 08:18:05.446385,2026-03-29 15:00:00,Sun,15,6.698487115155423
R-060,Pool,2026-03-29 08:40:53.431131,2026-03-29 15:00:00,Sun,15,6.318491352387203
R-050,Pool,2026-03-29 08:05:55.525857,2026-03-29 15:00:00,Sun,15,6.901242817467109
R-112,Clubhouse,2026-03-29 09:50:12.864267,2026-03-29 15:00:00,Sun,15,5.163093259060177
R-105,Pool,2026-03-29 08:11:54.711287,2026-03-29 15:00:00,Sun,15,6.801469086832508
R-011,Pool,2026-03-29 09:06:20.590865,2026-03-29 15:00:00,Sun,15,5.894280315156131
R-093,Pool,2026-03-29 07:19:57.175335,2026-03-29 15:00:00,Sun,15,7.667451295727135
R-102,Pool,2026-03-29 09:55:30.711029,2026-03-29 15:00:00,Sun,15,5.074802491814921
R-043,Pool,2026-03-29 09:25:31.920320,2026-03-29 15:00:00,Sun,15,5.57446657789447
R-086,Pool,2026-03-29 10:59:51.803230,2026-03-29 15:00:00,Sun,15,4.00227688055857
R-044,Pool,2026-03-29 10:41:04.744960,2026-03-29 15:00:00,Sun,15,4.315348622276977
R-022,Pool,2026-03-29 09:54:10.980951,2026-03-29 16:00:00,Sun,16,6.096949735773437
R-096,Pool,2026-03-29 10:49:12.600425,2026-03-29 16:00:00,Sun,16,5.179833215360719
R-041,Clubhouse,2026-03-29 08:50:08.414307,2026-03-29 16:00:00,Sun,16,7.164329359256794
R-082,Pool,2026-03-29 09:39:28.071569,2026-03-29 16:00:00,Sun,16,6.3422023420219285
R-068,Pool,2026-03-29 10:18:22.737040,2026-03-29 16:00:00,Sun,16,5.693684155455712
R-039,Pool,2026-03-29 10:45:02.369576,2026-03-29 16:00:00,Sun,16,5.2493417845665835
R-014,Pool,2026-03-29 09:37:45.217918,2026-03-29 16:00:00,Sun,16,6.37077280055139
R-094,Gym,2026-03-30 04:07:34.031092,2026-03-30 07:00:00,Mon,7,2.873880252340283
R-066,Gym,2026-03-30 04:17:36.991113,2026-03-30 07:00:00,Mon,7,2.7063913575274943
R-053,Gym,2026-03-30 04:00:48.442727,2026-03-30 07:00:00,Mon,7,2.986543686982493
R-091,Gym,2026-03-30 03:48:03.821414,2026-03-30 07:00:00,Mon,7,3.19893849614736
R-101,Gym,2026-03-30 04:00:28.210218,2026-03-30 07:00:00,Mon,7,2.992163828329155
R-084,Gym,2026-03-30 03:33:56.143454,2026-03-30 07:00:00,Mon,7,3.434404596197314
R-035,Gym,2026-03-30 03:37:03.912884,2026-03-30 07:00:00,Mon,7,3.3822464211605006
R-003,Gym,2026-03-30 03:46:34.905536,2026-03-30 07:00:00,Mon,7,3.223637351028411
R-070,Gym,2026-03-30 04:02:01.308127,2026-03-30 07:00:00,Mon,7,2.966303298097373
R-042,Pool,2026-03-30 03:36:07.249949,2026-03-30 07:00:00,Mon,7,3.3979861252127486
R-117,Gym,2026-03-30 03:52:46.706867,2026-03-30 07:00:00,Mon,7,3.1203592036009637
R-055,Gym,2026-03-30 03:42:28.115844,2026-03-30 07:00:00,Mon,7,3.2921900433301983
R-025,Gym,2026-03-30 04:16:03.837747,2026-03-30 07:00:00,Mon,7,2.7322672924399036
R-090,Gym,2026-03-30 03:40:18.071408,2026-03-30 07:00:00,Mon,7,3.328313497914746
R-081,Gym,2026-03-30 04:34:22.653280,2026-03-30 07:00:00,Mon,7,2.427040755453006
R-017,Gym,2026-03-30 03:14:17.507609,2026-03-30 07:00:00,Mon,7,3.7618034419084836
R-020,Gym,2026-03-30 04:59:19.822518,2026-03-30 07:00:00,Mon,7,2.011160411641801
R-049,Gym,2026-03-30 04:11:19.504259,2026-03-30 07:00:00,Mon,7,2.811248817074665
R-015,Pool,2026-03-30 04:12:04.367938,2026-03-30 07:00:00,Mon,7,2.798786684013085
R-114,Gym,2026-03-30 01:55:55.488743,2026-03-30 11:00:00,Mon,11,9.067919793690704
R-061,Gym,2026-03-30 14:07:58.561912,2026-03-30 18:00:00,Mon,18,3.867066135427386
R-108,Gym,2026-03-30 15:35:41.061326,2026-03-30 18:00:00,Mon,18,2.405260742863766
R-073,Gym,2026-03-30 14:42:37.161301,2026-03-30 18:00:00,Mon,18,3.2896774164945812
R-012,Gym,2026-03-30 14:16:52.260809,2026-03-30 18:00:00,Mon,18,3.7188164420093033
R-058,Gym,2026-03-30 14:15:27.712736,2026-03-30 18:00:00,Mon,18,3.7423020176966717
R-087,Gym,2026-03-30 15:13:22.024370,2026-03-30 18:00:00,Mon,18,2.777215452741244
R-104,Tennis,2026-03-31 04:55:30.909029,2026-03-31 13:00:00,Tue,13,8.07474749199556
R-054,Clubhouse,2026-03-31 03:57:35.032018,2026-03-31 15:00:00,Tue,15,11.040268883790038
R-095,Badminton,2026-03-30 20:09:15.548817,2026-03-31 19:00:00,Tue,19,22.84568088421469
R-048,Gym,2026-03-31 05:51:55.722010,2026-03-31 19:00:00,Tue,19,13.134521663803836
R-040,Badminton,2026-03-30 19:38:20.725313,2026-03-31 19:00:00,Tue,19,23.360909635164838
R-072,Tennis,2026-03-30 18:17:35.882956,2026-03-31 19:00:00,Tue,19,24.70669917894121
R-089,Tennis,2026-03-30 16:55:10.926926,2026-03-31 19:00:00,Tue,19,26.08029807617933
R-018,Tennis,2026-03-30 19:15:29.321775,2026-03-31 19:00:00,Tue,19,23.74185506245337
R-074,Badminton,2026-03-30 21:06:41.616809,2026-03-31 19:00:00,Tue,19,21.888439775220824
R-023,Badminton,2026-03-30 16:34:50.984768,2026-03-31 19:00:00,Tue,19,26.41917089782468
R-069,Tennis,2026-03-30 19:03:57.045830,2026-03-31 19:00:00,Tue,19,23.934153936089718
R-097,Badminton,2026-03-30 21:10:29.235099,2026-03-31 19:00:00,Tue,19,21.82521247256267
R-038,Tennis,2026-03-30 18:22:53.772650,2026-03-31 19:00:00,Tue,19,24.6183964861043
R-107,Badminton,2026-03-30 16:31:51.618314,2026-03-31 19:00:00,Tue,19,26.468994912853766
R-065,Badminton,2026-03-30 14:02:06.144941,2026-03-31 19:00:00,Tue,19,28.964959738638175
R-024,Tennis,2026-03-30 23:40:34.558251,2026-03-31 19:00:00,Tue,19,19.323733819181825
R-006,Tennis,2026-03-30 16:29:35.982314,2026-03-31 19:00:00,Tue,19,26.50667157932063
R-075,Badminton,2026-03-30 18:37:46.748059,2026-03-31 19:00:00,Tue,19,24.37034776128042
R-059,Tennis,2026-03-30 16:22:28.138416,2026-03-31 19:00:00,Tue,19,26.62551710660015
R-100,Badminton,2026-03-30 21:29:30.553277,2026-03-31 19:00:00,Tue,19,21.5081796452515
R-057,Tennis,2026-03-30 21:34:37.818564,2026-03-31 19:00:00,Tue,19,21.422828176687275
R-116,Badminton,2026-03-30 20:07:31.835295,2026-03-31 19:00:00,Tue,19,22.874490195737792
R-085,Tennis,2026-03-30 18:20:55.422555,2026-03-31 19:00:00,Tue,19,24.651271512578475
R-056,Tennis,2026-03-30 18:48:19.112929,2026-03-31 20:00:00,Tue,20,25.194690853156807
R-015,Gym,2026-04-01 03:47:59.491464,2026-04-01 07:00:00,Wed,7,3.2001412600558314
R-090,Gym,2026-04-01 04:07:09.297339,2026-04-01 07:00:00,Wed,7,2.880750739078703
R-108,Gym,2026-04-01 04:17:24.099983,2026-04-01 07:00:00,Wed,7,2.7099722270360145
R-012,Gym,2026-04-01 04:14:16.322603,2026-04-01 07:00:00,Wed,7,2.762132610261805
R-078,Gym,2026-04-01 03:55:46.791437,2026-04-01 07:00:00,Wed,7,3.070335711942105
R-117,Gym,2026-04-01 03:36:49.715775,2026-04-01 07:00:00,Wed,7,3.3861900624521235
R-087,Gym,2026-04-01 03:47:46.298520,2026-04-01 07:00:00,Wed,7,3.2038059667210557
R-042,Gym,2026-04-01 03:47:24.997632,2026-04-01 07:00:00,Wed,7,3.209722880055799
R-058,Gym,2026-04-01 04:03:55.617430,2026-04-01 07:00:00,Wed,7,2.9345507137781146
R-055,Gym,2026-04-01 03:04:48.454340,2026-04-01 07:00:00,Wed,7,3.919873794370167
R-003,Pool,2026-04-01 03:56:34.957470,2026-04-01 07:00:00,Wed,7,3.0569562582295435
R-111,Gym,2026-04-01 04:02:15.782363,2026-04-01 07:00:00,Wed,7,2.9622826768578183
R-091,Gym,2026-04-01 03:10:14.055263,2026-04-01 07:00:00,Wed,7,3.8294290937000532
R-066,Gym,2026-04-01 04:00:22.266105,2026-04-01 07:00:00,Wed,7,2.9938149707194905
R-053,Gym,2026-04-01 04:04:46.557823,2026-04-01 07:00:00,Wed,7,2.9204006046456747
R-101,Gym,2026-04-01 03:01:28.786023,2026-04-01 07:00:00,Wed,7,3.9753372158563662
R-035,Gym,2026-04-01 04:01:12.776948,2026-04-01 07:00:00,Wed,7,2.9797841811094488
R-073,Gym,2026-04-01 03:56:16.778542,2026-04-01 07:00:00,Wed,7,3.062005960529779
R-094,Gym,2026-04-01 03:56:14.481098,2026-04-01 07:00:00,Wed,7,3.0626441393171393
R-020,Gym,2026-04-01 03:34:10.443230,2026-04-01 07:00:00,Wed,7,3.43043243614174
R-088,Gym,2026-04-01 04:04:46.344970,2026-04-01 07:00:00,Wed,7,2.920459730566946
R-081,Gym,2026-04-01 04:28:33.986016,2026-04-01 07:00:00,Wed,7,2.5238927732184626
R-061,Gym,2026-04-01 03:22:39.331948,2026-04-01 07:00:00,Wed,7,3.6224077921736653
R-017,Pool,2026-04-01 03:50:23.258498,2026-04-01 07:00:00,Wed,7,3.1602059727363305
R-113,Badminton,2026-03-31 20:33:43.297591,2026-04-01 11:00:00,Wed,11,14.437972891306622
R-036,Clubhouse,2026-04-01 01:03:25.959748,2026-04-01 14:00:00,Wed,14,12.942788958760625
R-071,Pool,2026-03-31 23:56:31.041358,2026-04-01 14:00:00,Wed,14,14.058044067226543
R-025,Gym,2026-04-01 14:47:12.747050,2026-04-01 18:00:00,Wed,18,3.213125819462288
R-049,Gym,2026-04-01 14:40:05.961303,2026-04-01 18:00:00,Wed,18,3.3316774158690223
R-005,Gym,2026-04-01 14:50:17.291267,2026-04-01 18:00:00,Wed,18,3.1618635369163783
R-084,Pool,2026-04-01 15:15:05.173300,2026-04-01 18:00:00,Wed,18,2.748562972331758
R-036,Gym,2026-04-01 21:07:25.438009,2026-04-02 10:00:00,Thu,10,12.876267219827227
R-118,Tennis,2026-04-02 04:32:25.193499,2026-04-02 15:00:00,Thu,15,10.45966847255907
R-114,Pool,2026-04-02 04:06:51.437343,2026-04-02 15:00:00,Thu,15,10.885711849234397
R-029,Pool,2026-04-02 06:01:14.880464,2026-04-02 16:00:00,Thu,16,9.979199871195984
R-038,Tennis,2026-04-01 17:34:49.632171,2026-04-02 19:00:00,Thu,19,25.419546619229436
R-116,Badminton,2026-04-01 21:39:28.987746,2026-04-02 19:00:00,Thu,19,21.341947848290417
R-074,Tennis,2026-04-01 17:46:22.706947,2026-04-02 19:00:00,Thu,19,25.227025848055217
R-100,Tennis,2026-04-01 21:20:24.458354,2026-04-02 19:00:00,Thu,19,21.659872679490057
R-092,Badminton,2026-04-01 19:13:30.540243,2026-04-02 19:00:00,Thu,19,23.774849932437476
R-097,Tennis,2026-04-01 20:24:34.318410,2026-04-02 19:00:00,Thu,19,22.59046710830223
R-024,Tennis,2026-04-01 20:07:42.793030,2026-04-02 19:00:00,Thu,19,22.871446380491
R-075,Tennis,2026-04-01 18:46:06.943162,2026-04-02 19:00:00,Thu,19,24.231404677295632
R-059,Tennis,2026-04-01 20:21:15.630984,2026-04-02 19:00:00,Thu,19,22.64565805992993
R-040,Badminton,2026-04-01 18:11:38.023607,2026-04-02 19:00:00,Thu,19,24.806104553546746
R-018,Badminton,2026-04-01 18:52:56.731410,2026-04-02 19:00:00,Thu,19,24.117574608402798
R-069,Tennis,2026-04-01 18:13:54.419989,2026-04-02 19:00:00,Thu,19,24.768216669853764
R-057,Badminton,2026-04-01 21:43:15.022321,2026-04-02 19:00:00,Thu,19,21.279160466523965
R-072,Badminton,2026-04-01 20:42:51.485582,2026-04-02 19:00:00,Thu,19,22.285698449337737
R-095,Badminton,2026-04-01 13:52:22.680484,2026-04-02 19:00:00,Thu,19,29.127033198863668
R-023,Tennis,2026-04-01 16:44:51.558597,2026-04-02 19:00:00,Thu,19,26.252344834124944
R-107,Badminton,2026-04-01 20:38:46.304973,2026-04-02 19:00:00,Thu,19,22.353804174080594
R-083,Badminton,2026-04-01 20:47:53.169839,2026-04-02 19:00:00,Thu,19,22.201897267038746
R-076,Tennis,2026-04-01 22:11:58.454897,2026-04-02 19:00:00,Thu,19,20.800429195302826
R-002,Tennis,2026-04-01 17:47:47.878379,2026-04-02 19:00:00,Thu,19,25.203367116849066
R-056,Tennis,2026-04-01 17:30:47.653819,2026-04-02 19:00:00,Thu,19,25.486762828081066
R-006,Badminton,2026-04-01 20:41:51.355567,2026-04-02 19:00:00,Thu,19,22.302401231368354
R-065,Tennis,2026-04-01 20:37:00.729236,2026-04-02 20:00:00,Thu,20,23.383130767851092
R-085,Tennis,2026-04-01 23:39:56.273488,2026-04-02 20:00:00,Thu,20,20.334368475583794
R-117,Gym,2026-04-03 03:36:00.930624,2026-04-03 07:00:00,Fri,7,3.3997414933387238
R-101,Gym,2026-04-03 03:39:14.249306,2026-04-03 07:00:00,Fri,7,3.3460418595039383
R-091,Gym,2026-04-03 04:00:30.733345,2026-04-03 07:00:00,Fri,7,2.9914629595939144
R-066,Gym,2026-04-03 03:46:02.021379,2026-04-03 07:00:00,Fri,7,3.2327718392181075
R-003,Gym,2026-04-03 04:35:11.465351,2026-04-03 07:00:00,Fri,7,2.4134818469168806
R-081,Gym,2026-04-03 03:18:26.126983,2026-04-03 07:00:00,Fri,7,3.692742504787673
R-073,Gym,2026-04-03 03:02:05.614246,2026-04-03 07:00:00,Fri,7,3.9651071537940723
R-025,Gym,2026-04-03 04:06:53.735352,2026-04-03 07:00:00,Fri,7,2.885073513416321
R-012,Gym,2026-04-03 03:43:39.317421,2026-04-03 07:00:00,Fri,7,3.2724118276059193
R-053,Gym,2026-04-03 03:36:15.222906,2026-04-03 07:00:00,Fri,7,3.395771414905379
R-035,Gym,2026-04-03 04:05:23.890220,2026-04-03 07:00:00,Fri,7,2.9100304945011706
R-078,Gym,2026-04-03 03:20:27.384235,2026-04-03 07:00:00,Fri,7,3.659059934827065
R-017,Gym,2026-04-03 03:39:55.626975,2026-04-03 07:00:00,Fri,7,3.3345480623718293
R-084,Gym,2026-04-03 03:47:13.370993,2026-04-03 07:00:00,Fri,7,3.2129525019876413
R-015,Gym,2026-04-03 04:07:51.767789,2026-04-03 07:00:00,Fri,7,2.8689533918474672
R-090,Gym,2026-04-03 03:29:25.585006,2026-04-03 07:00:00,Fri,7,3.509559720456585
R-108,Gym,2026-04-03 03:41:26.768697,2026-04-03 07:00:00,Fri,7,3.3092309174099452
R-005,Gym,2026-04-03 04:05:33.761025,2026-04-03 07:00:00,Fri,7,2.9072886041390364
R-070,Gym,2026-04-03 03:23:37.947515,2026-04-03 07:00:00,Fri,7,3.6061256903059746
R-087,Gym,2026-04-03 03:27:59.989169,2026-04-03 07:00:00,Fri,7,3.533336341976314
R-049,Gym,2026-04-03 03:50:31.729254,2026-04-03 07:00:00,Fri,7,3.157852985030887
R-042,Gym,2026-04-03 05:04:53.328391,2026-04-03 07:00:00,Fri,7,1.9185198912856711
R-061,Gym,2026-04-03 04:15:41.940425,2026-04-03 07:00:00,Fri,7,2.7383498820289334
R-020,Gym,2026-04-03 03:30:09.279309,2026-04-03 07:00:00,Fri,7,3.4974224140501953
R-031,Tennis,2026-04-02 18:02:19.663998,2026-04-03 08:00:00,Fri,8,13.9612044451151
R-046,Badminton,2026-04-02 23:42:31.285526,2026-04-03 10:00:00,Fri,10,10.291309576236923
R-113,Badminton,2026-04-03 03:40:16.116967,2026-04-03 11:00:00,Fri,11,7.32885639803144
R-029,Badminton,2026-04-02 17:15:22.444033,2026-04-03 11:00:00,Fri,11,17.7437655462845
R-058,Gym,2026-04-03 15:24:51.788011,2026-04-03 18:00:00,Fri,18,2.5856144412639583
R-055,Gym,2026-04-03 15:24:43.363835,2026-04-03 18:00:00,Fri,18,2.587954490234642
R-031,Pool,2026-04-04 01:22:23.187065,2026-04-04 10:00:00,Sat,10,8.626892481884815
R-046,Clubhouse,2026-04-04 02:04:02.179014,2026-04-04 11:00:00,Sat,11,8.932728051723318
R-048,Badminton,2026-04-03 23:03:25.421154,2026-04-04 11:00:00,Sat,11,11.942938568305548
R-105,Pool,2026-04-04 09:16:29.969538,2026-04-04 15:00:00,Sat,15,5.725008461794299
R-041,Pool,2026-04-04 09:00:33.601684,2026-04-04 15:00:00,Sat,15,5.9906661987695635
R-044,Pool,2026-04-04 09:32:59.879625,2026-04-04 15:00:00,Sat,15,5.450033437551729
R-067,Pool,2026-04-04 08:33:22.378216,2026-04-04 15:00:00,Sat,15,6.443783828868896
R-008,Pool,2026-04-04 08:47:06.401575,2026-04-04 15:00:00,Sat,15,6.2148884515082035
R-039,Pool,2026-04-04 09:26:20.754904,2026-04-04 15:00:00,Sat,15,5.5609014155435625
R-093,Pool,2026-04-04 08:08:18.083373,2026-04-04 15:00:00,Sat,15,6.861643507424169
R-082,Pool,2026-04-04 10:51:58.458600,2026-04-04 15:00:00,Sat,15,4.133761500035313
R-119,Pool,2026-04-04 07:26:15.132758,2026-04-04 15:00:00,Sat,15,7.562463122654831
R-022,Pool,2026-04-04 07:47:26.071205,2026-04-04 15:00:00,Sat,15,7.209424665186157
R-011,Pool,2026-04-04 08:45:41.048696,2026-04-04 15:00:00,Sat,15,6.238597584541519
R-045,Pool,2026-04-04 10:36:02.386707,2026-04-04 15:00:00,Sat,15,4.399337025887311
R-112,Pool,2026-04-04 08:35:06.724459,2026-04-04 15:00:00,Sat,15,6.414798761377167
R-013,Pool,2026-04-04 10:16:43.525300,2026-04-04 15:00:00,Sat,15,4.721242972323412
R-004,Pool,2026-04-04 08:53:46.051899,2026-04-04 15:00:00,Sat,15,6.103874472620765
R-026,Pool,2026-04-04 07:48:43.223623,2026-04-04 15:00:00,Sat,15,7.187993438085904
R-079,Pool,2026-04-04 07:43:56.976320,2026-04-04 15:00:00,Sat,15,7.267506577646463
R-032,Pool,2026-04-04 09:26:21.540566,2026-04-04 15:00:00,Sat,15,5.560683176081304
R-110,Pool,2026-04-04 09:01:58.942670,2026-04-04 15:00:00,Sat,15,5.966960369348177
R-028,Clubhouse,2026-04-04 09:10:02.165610,2026-04-04 15:00:00,Sat,15,5.8327317750262
R-030,Pool,2026-04-04 08:34:59.582728,2026-04-04 15:00:00,Sat,15,6.41678257557557
R-050,Clubhouse,2026-04-04 07:30:11.677144,2026-04-04 15:00:00,Sat,15,7.496756348954805
R-096,Pool,2026-04-04 09:07:58.714155,2026-04-04 15:00:00,Sat,15,5.867023845825743
R-060,Clubhouse,2026-04-04 09:34:37.122099,2026-04-04 15:00:00,Sat,15,5.423021639200346
R-033,Pool,2026-04-04 08:14:08.014927,2026-04-04 15:00:00,Sat,15,6.764440298034445
R-051,Pool,2026-04-04 10:25:44.596211,2026-04-04 15:00:00,Sat,15,4.570945497045158
R-062,Pool,2026-04-04 10:58:42.654328,2026-04-04 15:00:00,Sat,15,4.021484908857714
R-064,Pool,2026-04-04 06:54:17.755591,2026-04-04 16:00:00,Sat,16,9.095067891394853
R-043,Pool,2026-04-04 09:15:22.239627,2026-04-04 16:00:00,Sat,16,6.7438223257449295
R-102,Clubhouse,2026-04-04 10:17:55.543235,2026-04-04 16:00:00,Sat,16,5.701237990187296
R-014,Pool,2026-04-04 09:08:17.262151,2026-04-04 16:00:00,Sat,16,6.861871624736747
R-077,Pool,2026-04-04 09:45:24.491920,2026-04-04 16:00:00,Sat,16,6.243196689005179
R-009,Pool,2026-04-04 09:20:12.920804,2026-04-04 16:00:00,Sat,16,6.663077554485882
R-103,Pool,2026-04-04 11:00:20.891851,2026-04-04 16:00:00,Sat,16,4.9941967080446625
R-007,Pool,2026-04-04 08:18:25.987944,2026-04-04 16:00:00,Sat,16,7.692781126546933
R-047,Pool,2026-04-04 08:12:36.559207,2026-04-04 16:00:00,Sat,16,7.7898446647973
R-076,Tennis,2026-04-03 19:51:31.948133,2026-04-04 19:00:00,Sat,19,23.14112551866437
R-057,Tennis,2026-04-03 19:33:29.446511,2026-04-04 19:00:00,Sat,19,23.441820413723168
R-072,Tennis,2026-04-03 17:48:12.149798,2026-04-04 19:00:00,Sat,19,25.19662505615691
R-107,Badminton,2026-04-03 18:32:16.324031,2026-04-04 19:00:00,Sat,19,24.46213221374818
R-095,Tennis,2026-04-03 20:39:20.702765,2026-04-04 19:00:00,Sat,19,22.344249231827995
R-083,Tennis,2026-04-03 19:15:12.897385,2026-04-04 19:00:00,Sat,19,23.74641739293293
R-023,Badminton,2026-04-03 19:31:56.588968,2026-04-04 19:00:00,Sat,19,23.467614175535815
R-006,Badminton,2026-04-03 19:52:19.056732,2026-04-04 19:00:00,Sat,19,23.12803979671059
R-059,Badminton,2026-04-03 18:12:48.127354,2026-04-04 19:00:00,Sat,19,24.786631290513707
R-040,Tennis,2026-04-03 17:13:32.080556,2026-04-04 19:00:00,Sat,19,25.774422067821927
R-116,Badminton,2026-04-03 18:34:37.811144,2026-04-04 19:00:00,Sat,19,24.422830237661273
R-085,Badminton,2026-04-03 17:54:24.242344,2026-04-04 19:00:00,Sat,19,25.09326601558571
R-056,Tennis,2026-04-03 17:38:48.031504,2026-04-04 19:00:00,Sat,19,25.353324582257578
R-089,Tennis,2026-04-03 16:09:12.433230,2026-04-04 19:00:00,Sat,19,26.84654632494734
R-092,Tennis,2026-04-03 17:39:14.055367,2026-04-04 19:00:00,Sat,19,25.346095731311905
R-018,Tennis,2026-04-03 17:35:24.584197,2026-04-04 19:00:00,Sat,19,25.40983772313286
R-038,Badminton,2026-04-03 16:23:52.372483,2026-04-04 19:00:00,Sat,19,26.60211875470036
R-069,Tennis,2026-04-03 19:21:31.031603,2026-04-04 19:00:00,Sat,19,23.641380110262983
R-065,Tennis,2026-04-03 17:22:52.910573,2026-04-04 19:00:00,Sat,19,25.61863595207527
R-074,Badminton,2026-04-03 19:03:42.682735,2026-04-04 19:00:00,Sat,19,23.938143684629313
R-052,Clubhouse,2026-04-04 07:41:55.555802,2026-04-04 19:00:00,Sat,19,11.301234499480177
R-002,Tennis,2026-04-03 20:19:58.536715,2026-04-04 19:00:00,Sat,19,22.6670731346423
R-100,Tennis,2026-04-03 20:12:19.009489,2026-04-04 20:00:00,Sat,20,23.79471958628815
R-027,Gym,2026-04-04 21:15:50.999387,2026-04-05 08:00:00,Sun,8,10.735833503564935
R-104,Badminton,2026-04-04 21:43:58.426497,2026-04-05 10:00:00,Sun,10,12.26710375086113
R-048,Badminton,2026-04-04 23:18:07.740063,2026-04-05 11:00:00,Sun,11,11.69784998248559
R-031,Gym,2026-04-05 00:52:14.828527,2026-04-05 14:00:00,Sun,14,13.129214297946763
R-103,Pool,2026-04-05 07:58:01.413872,2026-04-05 15:00:00,Sun,15,7.03294059124509
R-004,Pool,2026-04-05 10:44:37.105300,2026-04-05 15:00:00,Sun,15,4.25635963902001
R-086,Pool,2026-04-05 09:35:10.177691,2026-04-05 15:00:00,Sun,15,5.413839530164112
R-062,Pool,2026-04-05 09:36:18.470144,2026-04-05 15:00:00,Sun,15,5.394869404348382
R-041,Clubhouse,2026-04-05 09:44:32.891624,2026-04-05 15:00:00,Sun,15,5.257530104334876
R-064,Pool,2026-04-05 09:51:31.533423,2026-04-05 15:00:00,Sun,15,5.141240715775121
R-102,Pool,2026-04-05 10:12:25.969142,2026-04-05 15:00:00,Sun,15,4.792786349442029
R-119,Clubhouse,2026-04-05 08:53:39.924263,2026-04-05 15:00:00,Sun,15,6.105576593724648
R-039,Clubhouse,2026-04-05 08:47:57.951142,2026-04-05 15:00:00,Sun,15,6.2005691270940915
R-008,Clubhouse,2026-04-05 09:56:59.608912,2026-04-05 15:00:00,Sun,15,5.05010863568908
R-028,Clubhouse,2026-04-05 08:06:27.186941,2026-04-05 15:00:00,Sun,15,6.8924480719176415
R-026,Pool,2026-04-05 07:28:15.014664,2026-04-05 15:00:00,Sun,15,7.529162593218067
R-007,Clubhouse,2026-04-05 10:07:21.046585,2026-04-05 15:00:00,Sun,15,4.877487059838951
R-060,Pool,2026-04-05 10:26:27.556007,2026-04-05 15:00:00,Sun,15,4.559012220316113
R-096,Pool,2026-04-05 09:31:17.145483,2026-04-05 15:00:00,Sun,15,5.478570699279247
R-098,Clubhouse,2026-04-05 07:17:47.323487,2026-04-05 15:00:00,Sun,15,7.703521253731893
R-016,Pool,2026-04-05 08:10:43.522107,2026-04-05 15:00:00,Sun,15,6.821243859072734
R-009,Pool,2026-04-05 09:37:00.397856,2026-04-05 15:00:00,Sun,15,5.383222817741951
R-079,Pool,2026-04-05 09:02:03.551067,2026-04-05 15:00:00,Sun,15,5.965680259135376
R-068,Clubhouse,2026-04-05 09:18:50.145760,2026-04-05 15:00:00,Sun,15,5.686070622342754
R-105,Pool,2026-04-05 09:15:14.571333,2026-04-05 15:00:00,Sun,15,5.74595240745534
R-014,Pool,2026-04-05 10:07:30.198051,2026-04-05 15:00:00,Sun,15,4.874944985907505
R-011,Clubhouse,2026-04-05 09:06:48.206981,2026-04-05 15:00:00,Sun,15,5.886609171825836
R-043,Pool,2026-04-05 09:03:52.121178,2026-04-05 15:00:00,Sun,15,5.935521894936767
R-110,Pool,2026-04-05 08:48:19.718115,2026-04-05 15:00:00,Sun,15,6.194522745763055
R-112,Pool,2026-04-05 07:09:11.083683,2026-04-05 15:00:00,Sun,15,7.846921199281731
R-077,Pool,2026-04-05 10:28:23.847203,2026-04-05 15:00:00,Sun,15,4.526709110369774
R-051,Pool,2026-04-05 08:51:28.884352,2026-04-05 15:00:00,Sun,15,6.1419765689983405
R-093,Pool,2026-04-05 09:27:15.111088,2026-04-05 15:00:00,Sun,15,5.545802475471403
R-044,Pool,2026-04-05 07:59:55.075527,2026-04-05 15:00:00,Sun,15,7.001367909104692
R-082,Clubhouse,2026-04-05 10:51:49.002873,2026-04-05 15:00:00,Sun,15,4.136388090796642
R-045,Pool,2026-04-05 09:46:20.731483,2026-04-05 15:00:00,Sun,15,5.227574588082175
R-033,Pool,2026-04-05 10:03:39.550606,2026-04-05 16:00:00,Sun,16,5.939013720439005
R-030,Pool,2026-04-05 07:46:48.012540,2026-04-05 16:00:00,Sun,16,8.2199965167099
R-013,Pool,2026-04-05 11:15:56.489139,2026-04-05 16:00:00,Sun,16,4.734308572494969
R-047,Pool,2026-04-05 09:29:15.684894,2026-04-05 16:00:00,Sun,16,6.512309751710624
R-032,Pool,2026-04-05 09:59:00.254333,2026-04-05 16:00:00,Sun,16,6.0165960185100955
R-022,Pool,2026-04-05 09:43:28.964855,2026-04-05 16:00:00,Sun,16,6.275287540347492
R-050,Pool,2026-04-05 10:02:11.093838,2026-04-05 16:00:00,Sun,16,5.9635850451353
R-114,Tennis,2026-04-05 06:00:10.861093,2026-04-05 18:00:00,Sun,18,11.996983029637471
R-055,Gym,2026-04-06 04:29:42.784850,2026-04-06 07:00:00,Mon,7,2.504781986064165
R-091,Gym,2026-04-06 04:32:04.303474,2026-04-06 07:00:00,Mon,7,2.4654712572619046
R-066,Gym,2026-04-06 04:45:09.467529,2026-04-06 07:00:00,Mon,7,2.2473701309295366
R-053,Gym,2026-04-06 03:32:21.258437,2026-04-06 07:00:00,Mon,7,3.4607615453617715
R-078,Gym,2026-04-06 05:15:36.357986,2026-04-06 07:00:00,Mon,7,1.7399005593693653
R-012,Pool,2026-04-06 04:00:41.131847,2026-04-06 07:00:00,Mon,7,2.9885744869823623
R-073,Gym,2026-04-06 03:46:01.577511,2026-04-06 07:00:00,Mon,7,3.232895135751958
R-094,Gym,2026-04-06 04:24:49.384064,2026-04-06 07:00:00,Mon,7,2.5862822045234877
R-025,Gym,2026-04-06 04:21:48.328333,2026-04-06 07:00:00,Mon,7,2.6365754631054332
R-111,Gym,2026-04-06 04:12:47.582117,2026-04-06 07:00:00,Mon,7,2.786782745150242
R-003,Gym,2026-04-06 03:58:18.463460,2026-04-06 07:00:00,Mon,7,3.028204594335661
R-081,Gym,2026-04-06 04:07:31.936420,2026-04-06 07:00:00,Mon,7,2.8744621054639214
R-088,Gym,2026-04-06 04:16:54.397105,2026-04-06 07:00:00,Mon,7,2.7182230263353295
R-042,Gym,2026-04-06 03:43:09.454493,2026-04-06 07:00:00,Mon,7,3.280707085356328
R-015,Gym,2026-04-06 04:17:34.411430,2026-04-06 07:00:00,Mon,7,2.707107936154938
R-017,Gym,2026-04-06 04:49:16.748920,2026-04-06 07:00:00,Mon,7,2.1786808556684054
R-117,Gym,2026-04-06 03:33:13.688870,2026-04-06 07:00:00,Mon,7,3.4461975362087687
R-005,Gym,2026-04-06 04:07:49.865492,2026-04-06 07:00:00,Mon,7,2.8694818076889237
R-049,Gym,2026-04-06 04:03:51.807892,2026-04-06 07:00:00,Mon,7,2.935608918815123
R-108,Gym,2026-04-06 04:12:05.636373,2026-04-06 07:00:00,Mon,7,2.7984343407357217
R-087,Gym,2026-04-06 04:48:14.679465,2026-04-06 07:00:00,Mon,7,2.1959223707880695
R-084,Gym,2026-04-06 04:56:46.340853,2026-04-06 07:00:00,Mon,7,2.053794207631936
R-090,Gym,2026-04-06 03:24:17.335363,2026-04-06 07:00:00,Mon,7,3.5951846215176295
R-036,Gym,2026-04-05 16:14:51.407360,2026-04-06 09:00:00,Mon,9,16.75238684445678
R-120,Pool,2026-04-06 01:42:21.161695,2026-04-06 14:00:00,Mon,14,12.294121751349673
R-019,Tennis,2026-04-06 02:47:17.696918,2026-04-06 16:00:00,Mon,16,13.211750856076064
R-035,Gym,2026-04-06 15:42:21.116499,2026-04-06 18:00:00,Mon,18,2.294134305766198
R-058,Gym,2026-04-06 15:53:51.677072,2026-04-06 18:00:00,Mon,18,2.1023119243352975
R-114,Clubhouse,2026-04-06 05:17:33.024814,2026-04-06 19:00:00,Mon,19,13.707493107306158
R-099,Badminton,2026-04-06 23:53:28.419439,2026-04-07 08:00:00,Tue,8,8.108772378066794
R-046,Badminton,2026-04-06 20:15:36.324916,2026-04-07 09:00:00,Tue,9,12.739909745684722
R-113,Tennis,2026-04-07 01:13:42.767856,2026-04-07 11:00:00,Tue,11,9.771453373456772
R-083,Tennis,2026-04-06 19:13:27.198764,2026-04-07 19:00:00,Tue,19,23.77577812113458
R-095,Badminton,2026-04-06 14:34:53.569702,2026-04-07 19:00:00,Tue,19,28.418452860454764
R-085,Badminton,2026-04-06 20:03:26.015688,2026-04-07 19:00:00,Tue,19,22.9427734198913
R-075,Tennis,2026-04-06 22:18:53.495021,2026-04-07 19:00:00,Tue,19,20.68514027189216
R-097,Tennis,2026-04-06 19:27:04.348756,2026-04-07 19:00:00,Tue,19,23.548792012233886
R-006,Badminton,2026-04-06 22:29:09.934287,2026-04-07 19:00:00,Tue,19,20.513907142568808
R-100,Badminton,2026-04-06 17:17:35.017147,2026-04-07 19:00:00,Tue,19,25.70693968136262
R-074,Tennis,2026-04-06 18:13:25.362246,2026-04-07 19:00:00,Tue,19,24.77628826486775
R-116,Badminton,2026-04-06 16:31:28.240821,2026-04-07 19:00:00,Tue,19,26.47548866092847
R-059,Tennis,2026-04-06 19:40:21.823600,2026-04-07 19:00:00,Tue,19,23.32727122220924
R-092,Badminton,2026-04-06 19:19:03.840351,2026-04-07 19:00:00,Tue,19,23.68226656928036
R-038,Badminton,2026-04-06 21:20:12.021884,2026-04-07 19:00:00,Tue,19,21.66332725434495
R-109,Pool,2026-04-07 10:23:22.172254,2026-04-07 19:00:00,Tue,19,8.610507707255188
R-072,Badminton,2026-04-06 15:41:39.734962,2026-04-07 19:00:00,Tue,19,27.30562917718971
R-057,Badminton,2026-04-06 18:36:59.649349,2026-04-07 19:00:00,Tue,19,24.383430736400378
R-065,Badminton,2026-04-06 19:12:57.428652,2026-04-07 19:00:00,Tue,19,23.784047596686303
R-040,Tennis,2026-04-06 21:48:25.072410,2026-04-07 19:00:00,Tue,19,21.193035441723993
R-056,Badminton,2026-04-06 20:57:29.140503,2026-04-07 19:00:00,Tue,19,22.041905415863773
R-024,Badminton,2026-04-06 20:19:13.905743,2026-04-07 19:00:00,Tue,19,22.679470626835464
R-023,Tennis,2026-04-06 19:47:18.052407,2026-04-07 19:00:00,Tue,19,23.211652109180434
R-076,Badminton,2026-04-06 17:10:48.664860,2026-04-07 19:00:00,Tue,19,25.81981531678573
R-107,Tennis,2026-04-06 17:11:41.998151,2026-04-07 20:00:00,Tue,20,26.805000513736676
R-108,Gym,2026-04-08 03:32:49.354814,2026-04-08 07:00:00,Wed,7,3.4529569962226345
R-078,Gym,2026-04-08 04:31:37.248725,2026-04-08 07:00:00,Wed,7,2.4729864652415046
R-053,Gym,2026-04-08 04:06:31.097306,2026-04-08 07:00:00,Wed,7,2.891361859485435
R-091,Pool,2026-04-08 03:49:18.743435,2026-04-08 07:00:00,Wed,7,3.1781268235101474
R-066,Gym,2026-04-08 04:08:38.392285,2026-04-08 07:00:00,Wed,7,2.8560021430002083
R-094,Gym,2026-04-08 03:36:27.620671,2026-04-08 07:00:00,Wed,7,3.3923275914521955
R-088,Gym,2026-04-08 03:47:27.935441,2026-04-08 07:00:00,Wed,7,3.2089068220637706
R-003,Gym,2026-04-08 04:49:03.884217,2026-04-08 07:00:00,Wed,7,2.182254384065352
R-087,Gym,2026-04-08 03:49:46.260698,2026-04-08 07:00:00,Wed,7,3.170483139382657
R-084,Gym,2026-04-08 03:37:49.086573,2026-04-08 07:00:00,Wed,7,3.36969817408247
R-017,Gym,2026-04-08 03:21:06.592575,2026-04-08 07:00:00,Wed,7,3.6481687291469598
R-090,Gym,2026-04-08 04:14:06.913450,2026-04-08 07:00:00,Wed,7,2.764746263840154
R-020,Pool,2026-04-08 03:22:48.089237,2026-04-08 07:00:00,Wed,7,3.619975212052356
R-005,Gym,2026-04-08 04:34:16.356283,2026-04-08 07:00:00,Wed,7,2.4287899213479847
R-058,Gym,2026-04-08 03:21:33.278463,2026-04-08 07:00:00,Wed,7,3.6407559825950275
R-015,Gym,2026-04-08 03:45:38.946792,2026-04-08 07:00:00,Wed,7,3.2391814465610826
R-042,Gym,2026-04-08 04:42:10.969732,2026-04-08 07:00:00,Wed,7,2.296952852322532
R-070,Gym,2026-04-08 03:29:23.602188,2026-04-08 07:00:00,Wed,7,3.5101105033563207
R-081,Gym,2026-04-08 03:47:16.469706,2026-04-08 07:00:00,Wed,7,3.2120917484550198
R-061,Gym,2026-04-08 04:10:54.661131,2026-04-08 07:00:00,Wed,7,2.818149685710202
R-034,Clubhouse,2026-04-08 06:43:44.315961,2026-04-08 12:00:00,Wed,12,5.2710233441092385
R-046,Tennis,2026-04-08 00:00:30.556118,2026-04-08 13:00:00,Wed,13,12.99151218937052
R-080,Clubhouse,2026-04-07 22:03:12.493463,2026-04-08 15:00:00,Wed,15,16.94652959371088
R-029,Pool,2026-04-08 03:25:41.565846,2026-04-08 16:00:00,Wed,16,12.57178726492585
R-036,Badminton,2026-04-08 00:17:09.288478,2026-04-08 17:00:00,Wed,17,16.714086534010598
R-035,Gym,2026-04-08 14:54:13.897928,2026-04-08 18:00:00,Wed,18,3.096139464510522
R-055,Gym,2026-04-08 15:46:52.618198,2026-04-08 18:00:00,Wed,18,2.2187171671648342
R-025,Gym,2026-04-08 15:27:03.871551,2026-04-08 18:00:00,Wed,18,2.5489245690305133
R-111,Gym,2026-04-08 15:00:07.146921,2026-04-08 18:00:00,Wed,18,2.9980147442835303
R-114,Gym,2026-04-09 00:19:16.439795,2026-04-09 10:00:00,Thu,10,9.678766723603726
R-019,Gym,2026-04-09 05:06:10.819370,2026-04-09 13:00:00,Thu,13,7.896994619458501
R-100,Badminton,2026-04-08 17:52:29.283569,2026-04-09 19:00:00,Thu,19,25.125199008536057
R-083,Badminton,2026-04-08 22:20:05.466321,2026-04-09 19:00:00,Thu,19,20.665148244184223
R-075,Tennis,2026-04-08 19:07:58.411971,2026-04-09 19:00:00,Thu,19,23.867107785831944
R-107,Tennis,2026-04-08 22:36:51.088318,2026-04-09 19:00:00,Thu,19,20.3858088005541
R-056,Tennis,2026-04-08 17:24:05.083409,2026-04-09 19:00:00,Thu,19,25.598587941971644
R-057,Badminton,2026-04-08 19:44:02.892889,2026-04-09 19:00:00,Thu,19,23.265863086372367
R-069,Badminton,2026-04-08 19:47:54.791722,2026-04-09 19:00:00,Thu,19,23.201446743849154
R-085,Tennis,2026-04-08 19:47:47.693036,2026-04-09 19:00:00,Thu,19,23.203418601214636
R-040,Tennis,2026-04-08 21:08:42.440320,2026-04-09 19:00:00,Thu,19,21.854877688951355
R-018,Tennis,2026-04-08 20:15:48.623083,2026-04-09 19:00:00,Thu,19,22.73649358794084
R-006,Tennis,2026-04-08 20:02:52.668092,2026-04-09 19:00:00,Thu,19,22.952036641045762
R-092,Badminton,2026-04-08 19:01:31.042183,2026-04-09 19:00:00,Thu,19,23.97471050465587
R-059,Badminton,2026-04-08 16:51:03.755957,2026-04-09 19:00:00,Thu,19,26.14895667863698
R-065,Badminton,2026-04-08 19:56:56.308799,2026-04-09 19:00:00,Thu,19,23.051025333656618
R-024,Tennis,2026-04-08 20:52:13.320936,2026-04-09 19:00:00,Thu,19,22.129633073435368
R-072,Badminton,2026-04-08 19:44:42.941507,2026-04-09 19:00:00,Thu,19,23.254738470256534
R-116,Badminton,2026-04-08 20:57:02.383339,2026-04-09 19:00:00,Thu,19,22.049337961300584
R-023,Tennis,2026-04-08 19:12:44.714925,2026-04-09 19:00:00,Thu,19,23.78757918755566
R-074,Badminton,2026-04-08 15:17:12.157996,2026-04-09 19:00:00,Thu,19,27.713289445444644
R-089,Badminton,2026-04-08 15:54:11.229413,2026-04-09 20:00:00,Thu,20,28.096880718513155
R-002,Tennis,2026-04-08 18:59:37.960430,2026-04-09 20:00:00,Thu,20,25.006122102763722
R-017,Gym,2026-04-10 03:42:07.399828,2026-04-10 07:00:00,Fri,7,3.2979444920903713
R-020,Gym,2026-04-10 04:12:33.004080,2026-04-10 07:00:00,Fri,7,2.790832200032704
R-081,Pool,2026-04-10 04:25:05.412477,2026-04-10 07:00:00,Fri,7,2.5818298675856513
R-061,Gym,2026-04-10 04:15:47.573609,2026-04-10 07:00:00,Fri,7,2.736785108508441
R-003,Gym,2026-04-10 04:02:26.403079,2026-04-10 07:00:00,Fri,7,2.9593324779683226
R-005,Gym,2026-04-10 03:46:41.648622,2026-04-10 07:00:00,Fri,7,3.221764271691367
R-084,Gym,2026-04-10 04:30:42.363918,2026-04-10 07:00:00,Fri,7,2.4882322448640637
R-108,Gym,2026-04-10 04:10:38.514737,2026-04-10 07:00:00,Fri,7,2.8226347952277235
R-090,Gym,2026-04-10 03:30:14.505523,2026-04-10 07:00:00,Fri,7,3.49597068813141
R-088,Gym,2026-04-10 04:11:58.009579,2026-04-10 07:00:00,Fri,7,2.8005528947463127
R-070,Gym,2026-04-10 03:21:33.464531,2026-04-10 07:00:00,Fri,7,3.640704296881079
R-087,Pool,2026-04-10 04:33:29.127049,2026-04-10 07:00:00,Fri,7,2.4419091531117676
R-073,Gym,2026-04-10 03:13:53.586909,2026-04-10 07:00:00,Fri,7,3.768448080874137
R-049,Gym,2026-04-10 03:51:15.129888,2026-04-10 07:00:00,Fri,7,3.1457972533299934
R-012,Gym,2026-04-10 04:23:26.390424,2026-04-10 07:00:00,Fri,7,2.609335993223901
R-111,Gym,2026-04-10 04:05:35.136254,2026-04-10 07:00:00,Fri,7,2.9069065961962717
R-066,Gym,2026-04-10 04:10:03.459725,2026-04-10 07:00:00,Fri,7,2.83237229849453
R-053,Gym,2026-04-10 03:54:04.818471,2026-04-10 07:00:00,Fri,7,3.0986615358786875
R-101,Gym,2026-04-10 04:11:41.346734,2026-04-10 07:00:00,Fri,7,2.805181462766426
R-025,Gym,2026-04-10 03:59:16.691008,2026-04-10 07:00:00,Fri,7,3.012030275475498
R-055,Gym,2026-04-10 04:59:11.128810,2026-04-10 07:00:00,Fri,7,2.013575330438194
R-094,Gym,2026-04-10 03:17:09.008402,2026-04-10 07:00:00,Fri,7,3.7141643328129335
R-078,Gym,2026-04-10 03:17:21.769537,2026-04-10 07:00:00,Fri,7,3.7106195731857086
R-046,Tennis,2026-04-09 19:50:03.411155,2026-04-10 09:00:00,Fri,9,13.165719123651714
R-037,Tennis,2026-04-09 18:14:09.387009,2026-04-10 11:00:00,Fri,11,16.76405916410847
R-120,Pool,2026-04-10 04:15:55.751726,2026-04-10 14:00:00,Fri,14,9.734513409533912
R-113,Gym,2026-04-10 05:16:28.583236,2026-04-10 17:00:00,Fri,17,11.725393545501124
R-058,Gym,2026-04-10 14:28:45.509801,2026-04-10 18:00:00,Fri,18,3.520691721962937
R-035,Gym,2026-04-10 15:45:39.376039,2026-04-10 18:00:00,Fri,18,2.2390622113701717
R-015,Pool,2026-04-10 14:34:10.002856,2026-04-10 18:00:00,Fri,18,3.430554762260846
R-091,Gym,2026-04-10 14:47:31.073166,2026-04-10 18:00:00,Fri,18,3.208035231668073
R-114,Tennis,2026-04-10 01:48:25.518054,2026-04-10 19:00:00,Fri,19,17.192911651603616
R-037,Gym,2026-04-11 07:36:00.641839,2026-04-11 11:00:00,Sat,11,3.399821711522547
R-010,Badminton,2026-04-11 01:21:19.305516,2026-04-11 12:00:00,Sat,12,10.644637356801512
R-115,Badminton,2026-04-11 08:29:22.571861,2026-04-11 14:00:00,Sat,14,5.510396705361714
R-007,Pool,2026-04-11 09:41:23.191547,2026-04-11 15:00:00,Sat,15,5.310224570233178
R-112,Pool,2026-04-11 08:20:54.345278,2026-04-11 15:00:00,Sat,15,6.651570756120431
R-051,Pool,2026-04-11 06:40:13.051062,2026-04-11 15:00:00,Sat,15,8.329708038372974
R-033,Pool,2026-04-11 09:43:58.201693,2026-04-11 15:00:00,Sat,15,5.26716619625873
R-067,Pool,2026-04-11 09:29:38.007562,2026-04-11 15:00:00,Sat,15,5.506109010628038
R-039,Pool,2026-04-11 07:42:59.848369,2026-04-11 15:00:00,Sat,15,7.283375453143232
R-004,Clubhouse,2026-04-11 09:35:46.285054,2026-04-11 15:00:00,Sat,15,5.40380970729673
R-008,Pool,2026-04-11 06:49:06.210878,2026-04-11 15:00:00,Sat,15,8.181608089563124
R-062,Pool,2026-04-11 08:59:24.562679,2026-04-11 15:00:00,Sat,15,6.009843700327852
R-047,Pool,2026-04-11 09:11:10.524657,2026-04-11 15:00:00,Sat,15,5.813743150705926
R-086,Clubhouse,2026-04-11 08:53:07.271230,2026-04-11 15:00:00,Sat,15,6.1146468805992065
R-071,Tennis,2026-04-11 05:29:59.877122,2026-04-11 15:00:00,Sat,15,9.500034132827167
R-068,Pool,2026-04-11 07:59:08.229562,2026-04-11 15:00:00,Sat,15,7.0143806772252875
R-016,Pool,2026-04-11 08:38:31.669689,2026-04-11 15:00:00,Sat,15,6.357869530903156
R-082,Pool,2026-04-11 08:51:44.985280,2026-04-11 15:00:00,Sat,15,6.137504088792704
R-022,Pool,2026-04-11 09:55:25.261507,2026-04-11 15:00:00,Sat,15,5.076316248110533
R-036,Gym,2026-04-11 01:59:26.230395,2026-04-11 15:00:00,Sat,15,13.009380445764265
R-028,Pool,2026-04-11 09:58:50.578664,2026-04-11 15:00:00,Sat,15,5.019283704499789
R-079,Pool,2026-04-11 08:25:34.660572,2026-04-11 15:00:00,Sat,15,6.573705396654245
R-013,Pool,2026-04-11 10:21:37.419651,2026-04-11 15:00:00,Sat,15,4.6396056524694185
R-041,Pool,2026-04-11 08:17:56.143182,2026-04-11 15:00:00,Sat,15,6.701071338312428
R-064,Pool,2026-04-11 08:53:35.683732,2026-04-11 15:00:00,Sat,15,6.106754518963692
R-009,Pool,2026-04-11 09:27:40.798324,2026-04-11 15:00:00,Sat,15,5.538667132335379
R-043,Pool,2026-04-11 08:10:25.182361,2026-04-11 15:00:00,Sat,15,6.826338232959151
R-014,Pool,2026-04-11 08:44:15.410794,2026-04-11 15:00:00,Sat,15,6.26238589044381
R-026,Pool,2026-04-11 08:53:20.551355,2026-04-11 15:00:00,Sat,15,6.110957957001338
R-077,Pool,2026-04-11 07:39:00.021539,2026-04-11 15:00:00,Sat,15,7.349994016997643
R-030,Pool,2026-04-11 10:57:17.632444,2026-04-11 15:00:00,Sat,15,4.045102098836763
R-105,Clubhouse,2026-04-11 09:30:31.401926,2026-04-11 16:00:00,Sat,16,6.491277242822408
R-050,Pool,2026-04-11 08:48:59.196762,2026-04-11 16:00:00,Sat,16,7.183556454972944
R-044,Pool,2026-04-11 08:14:58.997916,2026-04-11 16:00:00,Sat,16,7.750278356567863
R-093,Pool,2026-04-11 10:09:17.443325,2026-04-11 16:00:00,Sat,16,5.845154631906236
R-096,Pool,2026-04-11 11:10:32.053856,2026-04-11 16:00:00,Sat,16,4.82442948447965
R-060,Pool,2026-04-11 10:21:14.299752,2026-04-11 16:00:00,Sat,16,5.64602784656179
R-103,Pool,2026-04-11 09:13:03.357737,2026-04-11 16:00:00,Sat,16,6.782400628549889
R-011,Pool,2026-04-11 08:42:13.414169,2026-04-11 16:00:00,Sat,16,7.296273841889188
R-076,Badminton,2026-04-10 18:09:36.211236,2026-04-11 19:00:00,Sat,19,24.839941323385833
R-023,Tennis,2026-04-10 18:58:26.922615,2026-04-11 19:00:00,Sat,19,24.025854829269676
R-006,Badminton,2026-04-10 17:05:51.034975,2026-04-11 19:00:00,Sat,19,25.9024902846132
R-100,Badminton,2026-04-10 19:53:11.772480,2026-04-11 19:00:00,Sat,19,23.113396533282927
R-024,Badminton,2026-04-10 18:46:27.999172,2026-04-11 19:00:00,Sat,19,24.225555785569888
R-116,Badminton,2026-04-10 16:45:18.895699,2026-04-11 19:00:00,Sat,19,26.244751194668375
R-018,Badminton,2026-04-10 21:06:41.172761,2026-04-11 19:00:00,Sat,19,21.88856312203496
R-107,Tennis,2026-04-10 17:14:37.001867,2026-04-11 19:00:00,Sat,19,25.75638837028049
R-074,Tennis,2026-04-10 17:54:39.868778,2026-04-11 19:00:00,Sat,19,25.088925339375603
R-075,Tennis,2026-04-10 17:56:42.934041,2026-04-11 19:00:00,Sat,19,25.05474054422931
R-072,Tennis,2026-04-10 16:47:30.711594,2026-04-11 19:00:00,Sat,19,26.208135668415945
R-083,Badminton,2026-04-10 19:17:25.646450,2026-04-11 19:00:00,Sat,19,23.70954265272453
R-057,Tennis,2026-04-10 20:31:46.468542,2026-04-11 19:00:00,Sat,19,22.47042540498063
R-092,Tennis,2026-04-10 21:46:15.845333,2026-04-11 19:00:00,Sat,19,21.228931851819205
R-056,Tennis,2026-04-10 17:31:48.827651,2026-04-11 19:00:00,Sat,19,25.46977009701918
R-069,Tennis,2026-04-10 19:03:24.793563,2026-04-11 19:00:00,Sat,19,23.94311289910516
R-085,Badminton,2026-04-10 18:28:14.412845,2026-04-11 19:00:00,Sat,19,24.52932976522767
R-095,Tennis,2026-04-10 18:30:25.447720,2026-04-11 19:00:00,Sat,19,24.492931188846796
R-097,Tennis,2026-04-10 19:15:12.079302,2026-04-11 19:00:00,Sat,19,23.74664463841473
R-059,Tennis,2026-04-10 17:14:30.890376,2026-04-11 19:00:00,Sat,19,25.758086006750048
R-038,Tennis,2026-04-10 20:04:23.097302,2026-04-11 19:00:00,Sat,19,22.926917416115753
R-089,Badminton,2026-04-10 20:22:25.841765,2026-04-11 20:00:00,Sat,20,23.626155065402934
R-120,Pool,2026-04-11 20:15:26.774497,2026-04-12 08:00:00,Sun,8,11.742562639798697
R-048,Pool,2026-04-11 17:21:51.338668,2026-04-12 08:00:00,Sun,8,14.635739258939344
R-034,Pool,2026-04-11 23:34:06.205266,2026-04-12 11:00:00,Sun,11,11.431609648295687
R-052,Tennis,2026-04-12 01:07:01.692223,2026-04-12 14:00:00,Sun,14,12.882863271267349
R-031,Clubhouse,2026-04-12 02:39:27.742744,2026-04-12 14:00:00,Sun,14,11.342293682192349
R-047,Clubhouse,2026-04-12 09:30:33.972186,2026-04-12 15:00:00,Sun,15,5.490563281597224
R-077,Clubhouse,2026-04-12 09:42:46.524907,2026-04-12 15:00:00,Sun,15,5.28707641471402
R-079,Pool,2026-04-12 09:17:08.772980,2026-04-12 15:00:00,Sun,15,5.714229727724821
R-026,Pool,2026-04-12 09:55:12.907985,2026-04-12 15:00:00,Sun,15,5.079747781963188
R-039,Pool,2026-04-12 08:28:11.576021,2026-04-12 15:00:00,Sun,15,6.530117772081958
R-110,Pool,2026-04-12 08:09:00.973770,2026-04-12 15:00:00,Sun,15,6.849729508323014
R-119,Pool,2026-04-12 09:14:25.793639,2026-04-12 15:00:00,Sun,15,5.759501766984265
R-007,Pool,2026-04-12 08:53:08.695812,2026-04-12 15:00:00,Sun,15,6.114251163345674
R-014,Pool,2026-04-12 10:30:34.409485,2026-04-12 15:00:00,Sun,15,4.490441809739948
R-013,Clubhouse,2026-04-12 07:31:14.090531,2026-04-12 15:00:00,Sun,15,7.479419296807124
R-064,Pool,2026-04-12 09:20:00.377001,2026-04-12 15:00:00,Sun,15,5.666561944063537
R-102,Pool,2026-04-12 10:05:58.105978,2026-04-12 15:00:00,Sun,15,4.900526117267398
R-060,Pool,2026-04-12 07:56:08.154963,2026-04-12 15:00:00,Sun,15,7.064401399028517
R-086,Pool,2026-04-12 09:46:00.401713,2026-04-12 15:00:00,Sun,15,5.233221746345725
R-043,Pool,2026-04-12 06:26:59.982677,2026-04-12 15:00:00,Sun,15,8.550004812049025
R-028,Pool,2026-04-12 09:37:00.941149,2026-04-12 15:00:00,Sun,15,5.383071902918727
R-011,Pool,2026-04-12 11:43:43.505875,2026-04-12 15:00:00,Sun,15,3.2712483681163262
R-096,Pool,2026-04-12 10:30:44.297858,2026-04-12 15:00:00,Sun,15,4.487695039368033
R-030,Pool,2026-04-12 09:58:33.574791,2026-04-12 15:00:00,Sun,15,5.024007002623082
R-051,Pool,2026-04-12 07:08:57.711374,2026-04-12 15:00:00,Sun,15,7.850635729420965
R-062,Clubhouse,2026-04-12 09:00:28.860351,2026-04-12 15:00:00,Sun,15,5.991983235816033
R-067,Pool,2026-04-12 09:25:41.163646,2026-04-12 15:00:00,Sun,15,5.571898987126373
R-004,Pool,2026-04-12 09:20:57.358974,2026-04-12 15:00:00,Sun,15,5.65073361828329
R-016,Pool,2026-04-12 10:50:09.468486,2026-04-12 15:00:00,Sun,15,4.164036531708395
R-112,Clubhouse,2026-04-12 11:11:55.465587,2026-04-12 15:00:00,Sun,15,3.801259559303872
R-009,Pool,2026-04-12 08:44:52.714134,2026-04-12 15:00:00,Sun,15,6.252023851752324
R-103,Pool,2026-04-12 08:57:22.778893,2026-04-12 15:00:00,Sun,15,6.043672529762662
R-068,Pool,2026-04-12 09:56:05.093040,2026-04-12 15:00:00,Sun,15,5.065251933418785
R-022,Clubhouse,2026-04-12 08:38:00.265395,2026-04-12 15:00:00,Sun,15,6.366592945765178
R-105,Clubhouse,2026-04-12 08:07:39.519809,2026-04-12 15:00:00,Sun,15,6.872355608610452
R-082,Pool,2026-04-12 10:22:37.726838,2026-04-12 15:00:00,Sun,15,4.622853656214572
R-044,Pool,2026-04-12 09:18:48.407640,2026-04-12 15:00:00,Sun,15,5.6865534333757415
R-050,Clubhouse,2026-04-12 08:58:08.765285,2026-04-12 15:00:00,Sun,15,6.030898531883718
R-041,Pool,2026-04-12 09:05:01.591285,2026-04-12 15:00:00,Sun,15,5.916224643060926
R-098,Pool,2026-04-12 09:57:39.938831,2026-04-12 16:00:00,Sun,16,6.038905880141849
R-033,Clubhouse,2026-04-12 09:06:58.794263,2026-04-12 16:00:00,Sun,16,6.883668260392128
R-008,Pool,2026-04-12 08:50:24.060604,2026-04-12 16:00:00,Sun,16,7.159983165430953
R-001,Badminton,2026-04-12 01:50:58.424162,2026-04-12 17:00:00,Sun,17,15.15043773283942
R-019,Badminton,2026-04-12 09:28:53.616113,2026-04-12 18:00:00,Sun,18,8.518439968547153
R-080,Gym,2026-04-12 06:20:48.875830,2026-04-12 18:00:00,Sun,18,11.653090047092343
R-104,Badminton,2026-04-12 06:47:35.641475,2026-04-12 18:00:00,Sun,18,11.206766257044645
R-020,Gym,2026-04-13 04:04:59.803029,2026-04-13 07:00:00,Mon,7,2.9167213809198964
R-066,Gym,2026-04-13 03:29:18.868882,2026-04-13 07:00:00,Mon,7,3.511425310593498
R-053,Gym,2026-04-13 03:43:27.577486,2026-04-13 07:00:00,Mon,7,3.275672920433414
R-058,Pool,2026-04-13 03:35:52.145864,2026-04-13 07:00:00,Mon,7,3.402181704574013
R-055,Gym,2026-04-13 04:29:51.273319,2026-04-13 07:00:00,Mon,7,2.502424078071337
R-088,Gym,2026-04-13 03:36:27.059032,2026-04-13 07:00:00,Mon,7,3.3924836020930664
R-117,Gym,2026-04-13 03:22:17.032690,2026-04-13 07:00:00,Mon,7,3.6286020305245352
R-073,Gym,2026-04-13 03:56:13.461163,2026-04-13 07:00:00,Mon,7,3.062927454772556
R-012,Gym,2026-04-13 04:28:42.499571,2026-04-13 07:00:00,Mon,7,2.521527896847367
R-087,Gym,2026-04-13 05:01:21.647816,2026-04-13 07:00:00,Mon,7,1.9773200511858617
R-111,Gym,2026-04-13 04:00:46.934401,2026-04-13 07:00:00,Mon,7,2.986962666519614
R-025,Gym,2026-04-13 03:45:25.940510,2026-04-13 07:00:00,Mon,7,3.242794302756932
R-091,Gym,2026-04-13 04:01:11.807998,2026-04-13 07:00:00,Mon,7,2.980053333847936
R-005,Gym,2026-04-13 04:23:36.935566,2026-04-13 07:00:00,Mon,7,2.606406787138134
R-078,Gym,2026-04-13 04:16:30.045627,2026-04-13 07:00:00,Mon,7,2.724987325721656
R-084,Gym,2026-04-13 04:29:14.964856,2026-04-13 07:00:00,Mon,7,2.512509762234877
R-090,Gym,2026-04-13 04:00:03.745356,2026-04-13 07:00:00,Mon,7,2.998959623254174
R-108,Gym,2026-04-13 03:01:54.483935,2026-04-13 07:00:00,Mon,7,3.9681989069072428
R-017,Gym,2026-04-13 03:40:35.462233,2026-04-13 07:00:00,Mon,7,3.3234827131867326
R-061,Gym,2026-04-13 04:14:53.944508,2026-04-13 07:00:00,Mon,7,2.7516820810820457
R-049,Gym,2026-04-13 03:55:01.859812,2026-04-13 07:00:00,Mon,7,3.0828167187523072
R-052,Tennis,2026-04-12 20:00:52.628092,2026-04-13 09:00:00,Mon,9,12.98538108556101
R-048,Pool,2026-04-13 01:28:46.086127,2026-04-13 11:00:00,Mon,11,9.520531631350876
R-042,Gym,2026-04-13 15:10:20.681958,2026-04-13 18:00:00,Mon,18,2.827588344952772
R-015,Gym,2026-04-13 14:50:17.688720,2026-04-13 18:00:00,Mon,18,3.1617531333869517
R-081,Gym,2026-04-13 14:36:11.324256,2026-04-13 18:00:00,Mon,18,3.3968543733124807
R-114,Tennis,2026-04-13 06:41:34.926272,2026-04-13 19:00:00,Mon,19,12.306964924458375
R-027,Tennis,2026-04-14 03:54:18.610835,2026-04-14 13:00:00,Tue,13,9.094830323492962
R-010,Tennis,2026-04-13 18:50:43.531783,2026-04-14 13:00:00,Tue,13,18.15457450460073
R-037,Gym,2026-04-13 21:49:06.913103,2026-04-14 18:00:00,Tue,18,20.181413027056266
R-023,Tennis,2026-04-13 18:24:43.429423,2026-04-14 19:00:00,Tue,19,24.587936271452097
R-056,Badminton,2026-04-13 19:52:54.793769,2026-04-14 19:00:00,Tue,19,23.11811284188737
R-018,Tennis,2026-04-13 17:02:11.606158,2026-04-14 19:00:00,Tue,19,25.963442733959138
R-040,Badminton,2026-04-13 16:40:57.911693,2026-04-14 19:00:00,Tue,19,26.31724675189094
R-074,Badminton,2026-04-13 16:15:54.901813,2026-04-14 19:00:00,Tue,19,26.734749496285676
R-100,Tennis,2026-04-13 16:46:28.161415,2026-04-14 19:00:00,Tue,19,26.22551071793328
R-097,Badminton,2026-04-13 17:40:54.300986,2026-04-14 19:00:00,Tue,19,25.31824972614179
R-024,Badminton,2026-04-13 21:25:21.263227,2026-04-14 19:00:00,Tue,19,21.57742688128924
R-071,Badminton,2026-04-14 06:45:26.947071,2026-04-14 19:00:00,Tue,19,12.242514702442643
R-002,Tennis,2026-04-13 17:27:11.188788,2026-04-14 19:00:00,Tue,19,25.546892003418467
R-072,Badminton,2026-04-13 18:41:57.588429,2026-04-14 19:00:00,Tue,19,24.300669880908693
R-092,Tennis,2026-04-13 16:23:33.625798,2026-04-14 19:00:00,Tue,19,26.607326167301682
R-089,Tennis,2026-04-13 15:48:31.344296,2026-04-14 19:00:00,Tue,19,27.19129325102531
R-069,Badminton,2026-04-13 19:14:08.448923,2026-04-14 19:00:00,Tue,19,23.764319743619204
R-095,Tennis,2026-04-13 19:11:43.811699,2026-04-14 19:00:00,Tue,19,23.804496750232843
R-076,Tennis,2026-04-13 19:50:02.231032,2026-04-14 19:00:00,Tue,19,23.166046935497107
R-006,Tennis,2026-04-13 19:39:59.079396,2026-04-14 19:00:00,Tue,19,23.33358905670636
R-075,Tennis,2026-04-13 21:04:49.543246,2026-04-14 19:00:00,Tue,19,21.919571320583202
R-085,Tennis,2026-04-13 23:12:02.215998,2026-04-14 19:00:00,Tue,19,19.799384444985737
R-038,Badminton,2026-04-13 21:02:10.444241,2026-04-14 19:00:00,Tue,19,21.963765488495586
R-057,Badminton,2026-04-13 18:03:22.161010,2026-04-14 19:00:00,Tue,19,24.94384416393762
R-083,Badminton,2026-04-13 19:02:38.882108,2026-04-14 19:00:00,Tue,19,23.955866081110553
R-107,Badminton,2026-04-13 19:45:42.982193,2026-04-14 19:00:00,Tue,19,23.23806050185097
R-065,Tennis,2026-04-13 19:00:43.269986,2026-04-14 20:00:00,Tue,20,24.987980559412456
R-070,Gym,2026-04-15 04:21:48.930865,2026-04-15 07:00:00,Wed,7,2.636408093036726
R-035,Gym,2026-04-15 03:51:51.124335,2026-04-15 07:00:00,Wed,7,3.1357987959217457
R-073,Gym,2026-04-15 04:04:37.683564,2026-04-15 07:00:00,Wed,7,2.922865676746973
R-117,Gym,2026-04-15 03:06:07.303721,2026-04-15 07:00:00,Wed,7,3.8979711885189534
R-094,Gym,2026-04-15 04:05:06.320591,2026-04-15 07:00:00,Wed,7,2.9149109469892585
R-078,Gym,2026-04-15 04:05:51.622422,2026-04-15 07:00:00,Wed,7,2.902327105053386
R-088,Gym,2026-04-15 04:37:28.936242,2026-04-15 07:00:00,Wed,7,2.3752954883399697
R-061,Gym,2026-04-15 04:14:13.355172,2026-04-15 07:00:00,Wed,7,2.7629568965480544
R-111,Pool,2026-04-15 04:07:12.427951,2026-04-15 07:00:00,Wed,7,2.8798811246041875
R-053,Gym,2026-04-15 03:57:47.901893,2026-04-15 07:00:00,Wed,7,3.036693918494519
R-066,Gym,2026-04-15 04:06:57.308148,2026-04-15 07:00:00,Wed,7,2.8840810701082074
R-017,Gym,2026-04-15 04:01:17.932650,2026-04-15 07:00:00,Wed,7,2.9783520417602007
R-003,Pool,2026-04-15 03:20:25.133731,2026-04-15 07:00:00,Wed,7,3.6596850747097927
R-087,Gym,2026-04-15 03:56:30.355446,2026-04-15 07:00:00,Wed,7,3.058234598342209
R-025,Pool,2026-04-15 04:30:59.168176,2026-04-15 07:00:00,Wed,7,2.4835643954516478
R-020,Gym,2026-04-15 03:53:43.168753,2026-04-15 07:00:00,Wed,7,3.1046753465050334
R-091,Gym,2026-04-15 04:44:20.486060,2026-04-15 07:00:00,Wed,7,2.260976094534813
R-042,Gym,2026-04-15 04:19:13.589299,2026-04-15 07:00:00,Wed,7,2.679558528112477
R-049,Gym,2026-04-15 04:05:25.996530,2026-04-15 07:00:00,Wed,7,2.909445408275487
R-055,Gym,2026-04-15 03:19:14.693264,2026-04-15 07:00:00,Wed,7,3.67925187115137
R-005,Gym,2026-04-15 04:07:54.848316,2026-04-15 07:00:00,Wed,7,2.8680976899330695
R-080,Tennis,2026-04-15 07:21:29.036709,2026-04-15 15:00:00,Wed,15,7.641934247420055
R-019,Gym,2026-04-14 21:09:24.150598,2026-04-15 16:00:00,Wed,16,18.84329150047668
R-120,Gym,2026-04-15 07:30:56.749895,2026-04-15 17:00:00,Wed,17,9.484236140270466
R-106,Tennis,2026-04-15 03:20:49.210135,2026-04-15 17:00:00,Wed,17,13.652997184652781
R-058,Gym,2026-04-15 15:06:27.166818,2026-04-15 18:00:00,Wed,18,2.8924536617445646
R-090,Gym,2026-04-15 15:36:16.166031,2026-04-15 18:00:00,Wed,18,2.395509435724248
R-019,Badminton,2026-04-16 04:02:17.550724,2026-04-16 16:00:00,Thu,16,11.961791465611666
R-116,Tennis,2026-04-15 15:41:44.623949,2026-04-16 19:00:00,Thu,19,27.304271125301774
R-072,Tennis,2026-04-15 20:10:17.777695,2026-04-16 19:00:00,Thu,19,22.82839508471774
R-057,Badminton,2026-04-15 19:53:50.263156,2026-04-16 19:00:00,Thu,19,23.102704678963534
R-069,Badminton,2026-04-15 21:21:56.064084,2026-04-16 19:00:00,Thu,19,21.63442664329088
R-076,Tennis,2026-04-15 18:04:09.478161,2026-04-16 19:00:00,Thu,19,24.93070051077081
R-085,Badminton,2026-04-15 19:16:14.696501,2026-04-16 19:00:00,Thu,19,23.729250971827557
R-048,Gym,2026-04-16 05:56:52.134307,2026-04-16 19:00:00,Thu,19,13.05218491461239
R-038,Badminton,2026-04-15 23:50:54.421787,2026-04-16 19:00:00,Thu,19,19.151549503723515
R-059,Badminton,2026-04-15 19:13:48.394162,2026-04-16 19:00:00,Thu,19,23.76989051069266
R-040,Tennis,2026-04-15 21:43:11.548791,2026-04-16 19:00:00,Thu,19,21.280125335916743
R-092,Badminton,2026-04-15 17:10:51.422458,2026-04-16 19:00:00,Thu,19,25.81904931735337
R-023,Badminton,2026-04-15 19:40:27.926891,2026-04-16 19:00:00,Thu,19,23.325575863507808
R-097,Badminton,2026-04-15 17:42:17.734441,2026-04-16 19:00:00,Thu,19,25.295073766461076
R-074,Tennis,2026-04-15 17:56:36.248372,2026-04-16 19:00:00,Thu,19,25.056597674361722
R-056,Badminton,2026-04-15 20:09:41.040389,2026-04-16 19:00:00,Thu,19,22.8385998920731
R-018,Badminton,2026-04-15 16:37:59.540450,2026-04-16 19:00:00,Thu,19,26.36679431945342
R-100,Tennis,2026-04-15 19:34:27.622643,2026-04-16 19:00:00,Thu,19,23.425660376988716
R-024,Tennis,2026-04-15 19:56:22.596315,2026-04-16 20:00:00,Thu,20,24.060389912475873
R-083,Tennis,2026-04-15 21:50:03.217985,2026-04-16 20:00:00,Thu,20,22.165772781915344
R-065,Tennis,2026-04-15 18:13:50.373116,2026-04-16 20:00:00,Thu,20,25.769340801132657
R-095,Tennis,2026-04-15 22:32:11.659090,2026-04-16 20:00:00,Thu,20,21.463428030487627
R-090,Gym,2026-04-17 03:48:08.204068,2026-04-17 07:00:00,Fri,7,3.1977210922494246
R-005,Gym,2026-04-17 04:34:54.904715,2026-04-17 07:00:00,Fri,7,2.418082023705375
R-088,Pool,2026-04-17 04:48:31.284998,2026-04-17 07:00:00,Fri,7,2.191309722874034
R-035,Gym,2026-04-17 04:18:41.986198,2026-04-17 07:00:00,Fri,7,2.688337167124001
R-053,Gym,2026-04-17 03:28:55.329032,2026-04-17 07:00:00,Fri,7,3.517964157886784
R-012,Gym,2026-04-17 03:43:44.043601,2026-04-17 07:00:00,Fri,7,3.2710989997994555
R-055,Gym,2026-04-17 03:29:40.919685,2026-04-17 07:00:00,Fri,7,3.505300087447436
R-003,Gym,2026-04-17 03:40:17.971678,2026-04-17 07:00:00,Fri,7,3.3283412006367477
R-078,Gym,2026-04-17 03:48:17.561684,2026-04-17 07:00:00,Fri,7,3.195121754447799
R-111,Gym,2026-04-17 04:53:05.997373,2026-04-17 07:00:00,Fri,7,2.115000729679648
R-101,Gym,2026-04-17 03:54:43.293229,2026-04-17 07:00:00,Fri,7,3.087974103068455
R-066,Gym,2026-04-17 04:11:07.228042,2026-04-17 07:00:00,Fri,7,2.8146588771540553
R-108,Gym,2026-04-17 03:56:18.150280,2026-04-17 07:00:00,Fri,7,3.0616249222290692
R-058,Gym,2026-04-17 04:04:53.830572,2026-04-17 07:00:00,Fri,7,2.918380396703976
R-084,Gym,2026-04-17 04:30:08.121484,2026-04-17 07:00:00,Fri,7,2.497744032189353
R-025,Gym,2026-04-17 04:25:01.303299,2026-04-17 07:00:00,Fri,7,2.5829713057685018
R-094,Gym,2026-04-17 04:25:16.312130,2026-04-17 07:00:00,Fri,7,2.5788021860440242
R-020,Gym,2026-04-17 04:01:57.202599,2026-04-17 07:00:00,Fri,7,2.9674437225752683
R-081,Gym,2026-04-17 03:55:37.136488,2026-04-17 07:00:00,Fri,7,3.0730176421898583
R-073,Gym,2026-04-17 03:36:16.666421,2026-04-17 07:00:00,Fri,7,3.3953704385837638
R-042,Gym,2026-04-17 04:01:10.619643,2026-04-17 07:00:00,Fri,7,2.9803834324571694
R-029,Badminton,2026-04-16 22:58:12.559181,2026-04-17 09:00:00,Fri,9,10.029844672013166
R-109,Tennis,2026-04-16 21:32:01.101185,2026-04-17 12:00:00,Fri,12,14.466360781928362
R-106,Tennis,2026-04-17 01:39:38.436123,2026-04-17 13:00:00,Fri,13,11.33932329902914
R-010,Tennis,2026-04-17 01:28:11.855655,2026-04-17 15:00:00,Fri,15,13.530040095706466
R-049,Gym,2026-04-17 14:19:20.929727,2026-04-17 18:00:00,Fri,18,3.677519520301573
R-091,Gym,2026-04-17 14:42:35.608940,2026-04-17 18:00:00,Fri,18,3.290108627834158
R-017,Gym,2026-04-17 15:34:28.539795,2026-04-17 18:00:00,Fri,18,2.4254056126282526
R-061,Gym,2026-04-17 14:59:59.141504,2026-04-17 18:00:00,Fri,18,3.00023847102681
R-087,Gym,2026-04-17 14:31:22.024415,2026-04-17 18:00:00,Fri,18,3.477215440363297
R-117,Gym,2026-04-17 15:09:35.327301,2026-04-17 18:00:00,Fri,18,2.840186860732413
R-109,Pool,2026-04-17 18:08:37.247988,2026-04-18 08:00:00,Sat,8,13.856320003284509
R-046,Tennis,2026-04-17 21:51:16.039368,2026-04-18 10:00:00,Sat,10,12.145544620083633
R-104,Pool,2026-04-17 19:03:34.330015,2026-04-18 12:00:00,Sat,12,16.940463884847237
R-032,Pool,2026-04-18 07:40:56.513447,2026-04-18 15:00:00,Sat,15,7.317635153532326
R-080,Badminton,2026-04-18 00:13:50.505488,2026-04-18 15:00:00,Sat,15,14.769304031108343
R-086,Pool,2026-04-18 09:20:38.816731,2026-04-18 15:00:00,Sat,15,5.655884241262475
R-102,Pool,2026-04-18 08:22:32.155793,2026-04-18 15:00:00,Sat,15,6.624401168741229
R-039,Pool,2026-04-18 08:05:07.659208,2026-04-18 15:00:00,Sat,15,6.9145391088445685
R-098,Pool,2026-04-18 08:51:59.144289,2026-04-18 15:00:00,Sat,15,6.133571030774126
R-011,Pool,2026-04-18 11:12:00.704840,2026-04-18 15:00:00,Sat,15,3.7998042112129147
R-016,Pool,2026-04-18 08:54:29.675581,2026-04-18 15:00:00,Sat,15,6.091756782959846
R-047,Pool,2026-04-18 09:55:10.467954,2026-04-18 15:00:00,Sat,15,5.080425568336823
R-013,Pool,2026-04-18 08:56:18.237615,2026-04-18 15:00:00,Sat,15,6.0616006624615855
R-119,Pool,2026-04-18 08:47:18.247688,2026-04-18 15:00:00,Sat,15,6.211597864582813
R-077,Pool,2026-04-18 08:52:25.403235,2026-04-18 15:00:00,Sat,15,6.126276879226662
R-041,Pool,2026-04-18 07:24:52.043293,2026-04-18 15:00:00,Sat,15,7.5855435297360945
R-064,Pool,2026-04-18 09:09:14.025042,2026-04-18 15:00:00,Sat,15,5.846104154895637
R-028,Pool,2026-04-18 09:06:48.037505,2026-04-18 15:00:00,Sat,15,5.886656248594357
R-004,Pool,2026-04-18 09:22:59.926114,2026-04-18 15:00:00,Sat,15,5.616687190534223
R-014,Pool,2026-04-18 08:54:20.028240,2026-04-18 15:00:00,Sat,15,6.09443659986438
R-051,Clubhouse,2026-04-18 09:04:02.740121,2026-04-18 15:00:00,Sat,15,5.932572188482128
R-033,Clubhouse,2026-04-18 07:30:58.158279,2026-04-18 15:00:00,Sat,15,7.483844922379831
R-030,Pool,2026-04-18 09:29:31.304722,2026-04-18 15:00:00,Sat,15,5.507970910451119
R-045,Pool,2026-04-18 07:44:15.261694,2026-04-18 15:00:00,Sat,15,7.262427307187669
R-093,Pool,2026-04-18 09:20:09.831880,2026-04-18 15:00:00,Sat,15,5.663935588983998
R-068,Pool,2026-04-18 09:52:29.166589,2026-04-18 15:00:00,Sat,15,5.1252315031857325
R-043,Clubhouse,2026-04-18 10:20:18.417505,2026-04-18 15:00:00,Sat,15,4.661550693008003
R-112,Pool,2026-04-18 08:29:40.130487,2026-04-18 15:00:00,Sat,15,6.50551930928583
R-022,Pool,2026-04-18 08:57:36.100035,2026-04-18 15:00:00,Sat,15,6.039972212475967
R-067,Pool,2026-04-18 08:59:52.673762,2026-04-18 15:00:00,Sat,15,6.002035066193178
R-105,Pool,2026-04-18 08:43:36.439003,2026-04-18 15:00:00,Sat,15,6.273211387917392
R-082,Pool,2026-04-18 08:39:07.883801,2026-04-18 15:00:00,Sat,15,6.347810055384362
R-103,Pool,2026-04-18 08:00:58.768707,2026-04-18 15:00:00,Sat,15,6.983675359031294
R-096,Pool,2026-04-18 12:00:23.955201,2026-04-18 16:00:00,Sat,16,3.9933457775709926
R-009,Pool,2026-04-18 09:17:25.904758,2026-04-18 16:00:00,Sat,16,6.709470900525242
R-050,Pool,2026-04-18 09:33:25.390955,2026-04-18 16:00:00,Sat,16,6.44294695705612
R-110,Pool,2026-04-18 11:08:57.201456,2026-04-18 16:00:00,Sat,16,4.850777373331099
R-113,Tennis,2026-04-18 06:58:00.776565,2026-04-18 18:00:00,Sat,18,11.033117620697348
R-059,Tennis,2026-04-17 18:13:39.157360,2026-04-18 19:00:00,Sat,19,24.772456288784888
R-092,Tennis,2026-04-17 18:51:57.735977,2026-04-18 19:00:00,Sat,19,24.133962228633756
R-107,Badminton,2026-04-17 16:37:31.702080,2026-04-18 19:00:00,Sat,19,26.374527200066264
R-116,Badminton,2026-04-17 20:30:51.351430,2026-04-18 19:00:00,Sat,19,22.485735714019235
R-097,Tennis,2026-04-17 22:13:23.704064,2026-04-18 19:00:00,Sat,19,20.776748870991284
R-076,Tennis,2026-04-17 19:56:41.653578,2026-04-18 19:00:00,Sat,19,23.055096228435723
R-056,Badminton,2026-04-17 20:18:46.969514,2026-04-18 19:00:00,Sat,19,22.686952912733197
R-095,Badminton,2026-04-17 22:01:22.654814,2026-04-18 19:00:00,Sat,19,20.97704032942956
R-057,Badminton,2026-04-17 15:46:42.697969,2026-04-18 19:00:00,Sat,19,27.221472786465377
R-089,Badminton,2026-04-17 20:22:18.204777,2026-04-18 19:00:00,Sat,19,22.62827645082815
R-006,Tennis,2026-04-17 17:33:44.810390,2026-04-18 19:00:00,Sat,19,25.437552669562933
R-023,Badminton,2026-04-17 21:47:18.699368,2026-04-18 19:00:00,Sat,19,21.211472397898913
R-065,Badminton,2026-04-17 17:01:48.383563,2026-04-18 19:00:00,Sat,19,25.969893454825325
R-083,Badminton,2026-04-17 18:38:26.849258,2026-04-18 19:00:00,Sat,19,24.359208539438043
R-074,Badminton,2026-04-17 18:56:39.186056,2026-04-18 19:00:00,Sat,19,24.055781651076448
R-072,Badminton,2026-04-17 20:11:29.111117,2026-04-18 19:00:00,Sat,19,22.808580245185382
R-046,Clubhouse,2026-04-18 22:00:38.610071,2026-04-19 09:00:00,Sun,9,10.989274980346512
R-104,Pool,2026-04-18 18:50:08.227345,2026-04-19 10:00:00,Sun,10,15.164381292969
R-037,Clubhouse,2026-04-18 23:28:11.249647,2026-04-19 11:00:00,Sun,11,11.5302084312851
R-031,Tennis,2026-04-18 17:42:50.002276,2026-04-19 12:00:00,Sun,12,18.286110478873255
R-079,Pool,2026-04-19 11:22:34.001723,2026-04-19 15:00:00,Sun,15,3.62388841029106
R-022,Pool,2026-04-19 09:00:34.992444,2026-04-19 15:00:00,Sun,15,5.990279876619211
R-044,Pool,2026-04-19 08:05:13.202543,2026-04-19 15:00:00,Sun,15,6.912999293716302
R-014,Pool,2026-04-19 09:16:18.366468,2026-04-19 15:00:00,Sun,15,5.728231536553949
R-051,Clubhouse,2026-04-19 08:39:38.893484,2026-04-19 15:00:00,Sun,15,6.339196254530801
R-033,Pool,2026-04-19 08:16:48.906698,2026-04-19 15:00:00,Sun,15,6.719748139528113
R-004,Pool,2026-04-19 09:48:26.046984,2026-04-19 15:00:00,Sun,15,5.1927647265877015
R-105,Clubhouse,2026-04-19 08:57:35.811870,2026-04-19 15:00:00,Sun,15,6.040052258405891
R-093,Pool,2026-04-19 09:19:59.411169,2026-04-19 15:00:00,Sun,15,5.666830230859188
R-011,Clubhouse,2026-04-19 09:18:22.882626,2026-04-19 15:00:00,Sun,15,5.693643715098917
R-043,Pool,2026-04-19 11:08:07.074353,2026-04-19 15:00:00,Sun,15,3.864701568526547
R-028,Pool,2026-04-19 07:43:11.270045,2026-04-19 15:00:00,Sun,15,7.280202765375394
R-110,Pool,2026-04-19 09:25:13.296089,2026-04-19 15:00:00,Sun,15,5.579639975154395
R-064,Pool,2026-04-19 08:55:54.732502,2026-04-19 15:00:00,Sun,15,6.068129860575279
R-096,Clubhouse,2026-04-19 09:03:21.922816,2026-04-19 15:00:00,Sun,15,5.943910328946306
R-060,Clubhouse,2026-04-19 09:10:07.750362,2026-04-19 15:00:00,Sun,15,5.831180455052871
R-102,Pool,2026-04-19 07:46:26.683712,2026-04-19 15:00:00,Sun,15,7.22592119111539
R-086,Clubhouse,2026-04-19 08:26:48.316720,2026-04-19 15:00:00,Sun,15,6.553245355445053
R-008,Pool,2026-04-19 09:00:52.884168,2026-04-19 15:00:00,Sun,15,5.985309953339323
R-068,Clubhouse,2026-04-19 09:50:33.957576,2026-04-19 15:00:00,Sun,15,5.15723400678927
R-039,Pool,2026-04-19 06:39:06.324678,2026-04-19 15:00:00,Sun,15,8.34824314493553
R-007,Clubhouse,2026-04-19 08:33:36.586166,2026-04-19 15:00:00,Sun,15,6.439837176091217
R-009,Pool,2026-04-19 09:51:59.549768,2026-04-19 15:00:00,Sun,15,5.1334583978624515
R-067,Pool,2026-04-19 09:40:34.587363,2026-04-19 15:00:00,Sun,15,5.323725732491255
R-047,Pool,2026-04-19 08:47:09.828155,2026-04-19 15:00:00,Sun,15,6.213936623491811
R-119,Pool,2026-04-19 09:04:27.313398,2026-04-19 15:00:00,Sun,15,5.9257462782943655
R-041,Pool,2026-04-19 09:23:45.132868,2026-04-19 15:00:00,Sun,15,5.604129758786763
R-045,Clubhouse,2026-04-19 08:42:18.922323,2026-04-19 15:00:00,Sun,15,6.294743799185443
R-077,Pool,2026-04-19 08:16:20.801140,2026-04-19 15:00:00,Sun,15,6.727555238906895
R-050,Pool,2026-04-19 10:03:57.730301,2026-04-19 16:00:00,Sun,16,5.933963805309969
R-013,Pool,2026-04-19 11:41:24.377472,2026-04-19 16:00:00,Sun,16,4.309895146547016
R-094,Gym,2026-04-20 04:27:12.912090,2026-04-20 07:00:00,Mon,7,2.546413308326265
R-088,Gym,2026-04-20 03:49:59.676908,2026-04-20 07:00:00,Mon,7,3.166756414424641
R-108,Gym,2026-04-20 04:10:03.702522,2026-04-20 07:00:00,Mon,7,2.8323048550274486
R-053,Gym,2026-04-20 04:19:18.148387,2026-04-20 07:00:00,Mon,7,2.6782921146281273
R-003,Pool,2026-04-20 03:37:50.330356,2026-04-20 07:00:00,Mon,7,3.369352678819659
R-070,Gym,2026-04-20 04:02:42.133867,2026-04-20 07:00:00,Mon,7,2.9549628147652522
R-091,Gym,2026-04-20 03:23:29.228689,2026-04-20 07:00:00,Mon,7,3.6085475863873056
R-005,Gym,2026-04-20 04:30:42.250679,2026-04-20 07:00:00,Mon,7,2.4882637004055996
R-111,Gym,2026-04-20 04:52:07.021373,2026-04-20 07:00:00,Mon,7,2.131382951812034
R-078,Gym,2026-04-20 03:51:20.913113,2026-04-20 07:00:00,Mon,7,3.144190801825584
R-087,Gym,2026-04-20 03:46:04.336373,2026-04-20 07:00:00,Mon,7,3.232128785242859
R-084,Gym,2026-04-20 03:40:35.965003,2026-04-20 07:00:00,Mon,7,3.3233430547366405
R-101,Gym,2026-04-20 04:08:34.605244,2026-04-20 07:00:00,Mon,7,2.8570540988874193
R-049,Gym,2026-04-20 04:04:28.786719,2026-04-20 07:00:00,Mon,7,2.9253370225399604
R-090,Pool,2026-04-20 02:58:43.556814,2026-04-20 07:00:00,Mon,7,4.021234218381044
R-025,Gym,2026-04-20 03:57:52.515499,2026-04-20 07:00:00,Mon,7,3.035412361511191
R-055,Gym,2026-04-20 03:59:03.744936,2026-04-20 07:00:00,Mon,7,3.015626406559781
R-061,Gym,2026-04-20 04:28:11.063912,2026-04-20 07:00:00,Mon,7,2.5302600243476343
R-073,Gym,2026-04-20 04:15:49.979358,2026-04-20 07:00:00,Mon,7,2.736116845075044
R-058,Gym,2026-04-20 03:53:40.974822,2026-04-20 07:00:00,Mon,7,3.1052847717440866
R-020,Pool,2026-04-20 04:59:52.448448,2026-04-20 07:00:00,Mon,7,2.0020976534388435
R-066,Pool,2026-04-20 04:14:07.582095,2026-04-20 07:00:00,Mon,7,2.76456052904823
R-081,Gym,2026-04-20 03:39:12.148800,2026-04-20 07:00:00,Mon,7,3.346625333201188
R-001,Badminton,2026-04-20 04:18:15.201372,2026-04-20 12:00:00,Mon,12,7.695777396745651
R-120,Badminton,2026-04-20 10:25:39.489920,2026-04-20 15:00:00,Mon,15,4.572363911108607
R-080,Pool,2026-04-20 01:01:05.884559,2026-04-20 15:00:00,Mon,15,13.981698733690546
R-012,Gym,2026-04-20 14:48:08.210108,2026-04-20 18:00:00,Mon,18,3.197719414348175
R-015,Gym,2026-04-20 13:50:25.722912,2026-04-20 18:00:00,Mon,18,4.159521413264052
R-035,Gym,2026-04-20 14:37:07.318734,2026-04-20 18:00:00,Mon,18,3.3813003516138087
R-001,Tennis,2026-04-20 21:08:58.258039,2026-04-21 08:00:00,Tue,8,10.8504838780194
R-046,Tennis,2026-04-21 05:23:49.404290,2026-04-21 12:00:00,Tue,12,6.602943252732201
R-054,Clubhouse,2026-04-21 01:13:52.784594,2026-04-21 14:00:00,Tue,14,12.768670946133241
R-113,Badminton,2026-04-21 08:27:22.482746,2026-04-21 16:00:00,Tue,16,7.543754792796582
R-056,Tennis,2026-04-20 21:15:44.415163,2026-04-21 19:00:00,Tue,19,21.737662454679636
R-038,Tennis,2026-04-20 19:00:04.242369,2026-04-21 19:00:00,Tue,19,23.998821564284242
R-069,Badminton,2026-04-20 15:04:34.056664,2026-04-21 19:00:00,Tue,19,27.923873148926955
R-085,Tennis,2026-04-20 17:58:38.390773,2026-04-21 19:00:00,Tue,19,25.022669229754634
R-092,Tennis,2026-04-20 18:13:43.233698,2026-04-21 19:00:00,Tue,19,24.77132397289805
R-107,Tennis,2026-04-20 18:12:24.534877,2026-04-21 19:00:00,Tue,19,24.793184756414885
R-074,Tennis,2026-04-20 22:15:39.402765,2026-04-21 19:00:00,Tue,19,20.73905478738992
R-018,Badminton,2026-04-20 20:31:13.825739,2026-04-21 19:00:00,Tue,19,22.479492850228553
R-095,Badminton,2026-04-20 15:15:19.330092,2026-04-21 19:00:00,Tue,19,27.744630529871348
R-040,Tennis,2026-04-20 20:49:44.247321,2026-04-21 19:00:00,Tue,19,22.17104241077651
R-057,Badminton,2026-04-20 17:10:43.765862,2026-04-21 19:00:00,Tue,19,25.821176149541294
R-065,Tennis,2026-04-20 18:35:14.240120,2026-04-21 19:00:00,Tue,19,24.412711077675777
R-023,Badminton,2026-04-20 17:24:24.774936,2026-04-21 19:00:00,Tue,19,25.593118073365506
R-024,Tennis,2026-04-20 20:32:24.644667,2026-04-21 19:00:00,Tue,19,22.459820925959626
R-100,Tennis,2026-04-20 16:11:56.630684,2026-04-21 19:00:00,Tue,19,26.800935921068636
R-083,Tennis,2026-04-20 21:01:27.581054,2026-04-21 19:00:00,Tue,19,21.975671929322672
R-075,Badminton,2026-04-20 22:33:01.475691,2026-04-21 19:00:00,Tue,19,20.449590085796714
R-097,Tennis,2026-04-20 15:15:14.170720,2026-04-21 19:00:00,Tue,19,27.746063688846796
R-072,Badminton,2026-04-20 21:09:19.827307,2026-04-21 19:00:00,Tue,19,21.844492414750547
R-076,Tennis,2026-04-20 17:10:03.234920,2026-04-21 19:00:00,Tue,19,25.832434744390895
R-006,Tennis,2026-04-20 19:43:35.687918,2026-04-21 20:00:00,Tue,20,24.273420022820844
R-035,Gym,2026-04-22 03:26:18.660691,2026-04-22 07:00:00,Wed,7,3.5614831413315637
R-081,Gym,2026-04-22 04:45:57.442132,2026-04-22 07:00:00,Wed,7,2.2340438521295622
R-003,Gym,2026-04-22 03:32:37.480233,2026-04-22 07:00:00,Wed,7,3.4562554909581067
R-025,Gym,2026-04-22 03:43:03.311716,2026-04-22 07:00:00,Wed,7,3.2824134123176503
R-020,Gym,2026-04-22 04:14:24.663129,2026-04-22 07:00:00,Wed,7,2.7598157976048556
R-058,Gym,2026-04-22 04:11:20.509646,2026-04-22 07:00:00,Wed,7,2.8109695426897057
R-061,Gym,2026-04-22 03:28:26.963051,2026-04-22 07:00:00,Wed,7,3.5258435969557684
R-015,Gym,2026-04-22 03:56:42.936998,2026-04-22 07:00:00,Wed,7,3.054739722860192
R-088,Gym,2026-04-22 03:28:28.673928,2026-04-22 07:00:00,Wed,7,3.525368353315262
R-012,Gym,2026-04-22 03:59:38.415936,2026-04-22 07:00:00,Wed,7,3.005995573286716
R-087,Gym,2026-04-22 03:43:24.389066,2026-04-22 07:00:00,Wed,7,3.2765585929055856
R-053,Gym,2026-04-22 03:24:12.276052,2026-04-22 07:00:00,Wed,7,3.5965899854275585
R-084,Gym,2026-04-22 04:05:10.103973,2026-04-22 07:00:00,Wed,7,2.913860007448368
R-070,Gym,2026-04-22 04:33:26.876596,2026-04-22 07:00:00,Wed,7,2.4425342787611397
R-017,Gym,2026-04-22 04:30:04.897569,2026-04-22 07:00:00,Wed,7,2.49863956407765
R-101,Gym,2026-04-22 04:57:43.469161,2026-04-22 07:00:00,Wed,7,2.0379252329358626
R-055,Gym,2026-04-22 03:28:15.152821,2026-04-22 07:00:00,Wed,7,3.5291242164727077
R-117,Gym,2026-04-22 04:32:23.328107,2026-04-22 07:00:00,Wed,7,2.4601866370293526
R-042,Gym,2026-04-22 03:55:00.486568,2026-04-22 07:00:00,Wed,7,3.0831981755378157
R-090,Gym,2026-04-22 04:10:37.364089,2026-04-22 07:00:00,Wed,7,2.8229544195995295
R-111,Gym,2026-04-22 03:35:46.655973,2026-04-22 07:00:00,Wed,7,3.403706674052429
R-115,Badminton,2026-04-22 05:55:35.970920,2026-04-22 15:00:00,Wed,15,9.073341411075006
R-037,Gym,2026-04-21 23:48:37.099076,2026-04-22 17:00:00,Wed,17,17.18969470103159
R-094,Pool,2026-04-22 15:56:14.142739,2026-04-22 18:00:00,Wed,18,2.062738128077548
R-066,Pool,2026-04-22 15:18:32.916768,2026-04-22 18:00:00,Wed,18,2.6908564532923704
R-005,Gym,2026-04-22 15:44:54.317113,2026-04-22 18:00:00,Wed,18,2.251578579842937
R-073,Gym,2026-04-22 15:18:33.186888,2026-04-22 18:00:00,Wed,18,2.6907814199344435
R-046,Clubhouse,2026-04-22 23:45:37.310626,2026-04-23 09:00:00,Thu,9,9.239635937133265
R-113,Badminton,2026-04-23 03:57:23.656406,2026-04-23 13:00:00,Thu,13,9.043428776061873
R-052,Clubhouse,2026-04-22 22:35:34.140240,2026-04-23 14:00:00,Thu,14,15.407183266700859
R-034,Pool,2026-04-23 05:57:13.922312,2026-04-23 17:00:00,Thu,17,11.046132691027545
R-010,Tennis,2026-04-23 06:07:09.516311,2026-04-23 18:00:00,Thu,18,11.880689913529434
R-092,Tennis,2026-04-22 19:47:35.962584,2026-04-23 19:00:00,Thu,19,23.206677059964324
R-023,Badminton,2026-04-22 19:21:10.513457,2026-04-23 19:00:00,Thu,19,23.647079595217466
R-056,Badminton,2026-04-22 21:41:44.061867,2026-04-23 19:00:00,Thu,19,21.304427259285752
R-107,Badminton,2026-04-22 18:13:53.272536,2026-04-23 19:00:00,Thu,19,24.768535406599888
R-057,Badminton,2026-04-22 22:52:02.875795,2026-04-23 19:00:00,Thu,19,20.13253450141453
R-040,Tennis,2026-04-22 19:01:09.806725,2026-04-23 19:00:00,Thu,19,23.980609242962533
R-018,Tennis,2026-04-22 18:58:37.706933,2026-04-23 19:00:00,Thu,19,24.022859185169846
R-075,Badminton,2026-04-22 18:06:02.167853,2026-04-23 19:00:00,Thu,19,24.899397818722314
R-097,Tennis,2026-04-22 21:42:43.962992,2026-04-23 19:00:00,Thu,19,21.287788057788376
R-074,Tennis,2026-04-22 17:33:01.174822,2026-04-23 19:00:00,Thu,19,25.449673660442542
R-100,Badminton,2026-04-22 21:22:27.474684,2026-04-23 19:00:00,Thu,19,21.625701476751615
R-059,Badminton,2026-04-22 17:39:03.644936,2026-04-23 19:00:00,Thu,19,25.348987517904362
R-095,Badminton,2026-04-22 22:07:55.131160,2026-04-23 19:00:00,Thu,19,20.86801912214144
R-089,Tennis,2026-04-22 20:03:33.661639,2026-04-23 19:00:00,Thu,19,22.940649544822193
R-038,Badminton,2026-04-22 18:13:11.000254,2026-04-23 19:00:00,Thu,19,24.780277707085826
R-069,Tennis,2026-04-22 18:56:37.217297,2026-04-23 19:00:00,Thu,19,24.05632852865821
R-024,Tennis,2026-04-22 19:12:50.414054,2026-04-23 19:00:00,Thu,19,23.785996096111482
R-002,Tennis,2026-04-22 18:54:07.214177,2026-04-23 19:00:00,Thu,19,24.097996061946933
R-076,Badminton,2026-04-22 21:30:16.651188,2026-04-23 20:00:00,Thu,20,22.495374669922825
R-006,Badminton,2026-04-22 18:40:06.201546,2026-04-23 20:00:00,Thu,20,25.33161068172682
R-065,Badminton,2026-04-22 17:48:25.531030,2026-04-23 20:00:00,Thu,20,26.192908047190404
R-072,Badminton,2026-04-22 21:05:28.035606,2026-04-23 20:00:00,Thu,20,22.908878998469316
R-078,Gym,2026-04-24 03:48:54.497666,2026-04-24 07:00:00,Fri,7,3.1848617593990776
R-084,Pool,2026-04-24 04:15:55.834032,2026-04-24 07:00:00,Fri,7,2.7344905467918723
R-101,Gym,2026-04-24 03:43:19.674061,2026-04-24 07:00:00,Fri,7,3.2778683164227544
R-058,Gym,2026-04-24 03:34:50.920198,2026-04-24 07:00:00,Fri,7,3.4191888339198426
R-005,Gym,2026-04-24 03:37:30.644824,2026-04-24 07:00:00,Fri,7,3.37482088211376
R-035,Gym,2026-04-24 04:06:36.751166,2026-04-24 07:00:00,Fri,7,2.889791342849256
R-042,Gym,2026-04-24 03:59:21.260456,2026-04-24 07:00:00,Fri,7,3.0107609845436767
R-087,Gym,2026-04-24 04:07:43.970804,2026-04-24 07:00:00,Fri,7,2.871119221073672
R-025,Gym,2026-04-24 03:55:45.878550,2026-04-24 07:00:00,Fri,7,3.070589291594139
R-015,Gym,2026-04-24 03:55:14.701217,2026-04-24 07:00:00,Fri,7,3.079249662052075
R-003,Gym,2026-04-24 04:24:42.525130,2026-04-24 07:00:00,Fri,7,2.588187463769096
R-091,Gym,2026-04-24 04:30:12.045184,2026-04-24 07:00:00,Fri,7,2.496654115576279
R-020,Gym,2026-04-24 03:15:50.024392,2026-04-24 07:00:00,Fri,7,3.7361043354836854
R-073,Gym,2026-04-24 04:26:31.428412,2026-04-24 07:00:00,Fri,7,2.5579365522145543
R-055,Gym,2026-04-24 03:30:23.804352,2026-04-24 07:00:00,Fri,7,3.4933876799644543
R-111,Gym,2026-04-24 03:59:00.717387,2026-04-24 07:00:00,Fri,7,3.016467392585999
R-090,Gym,2026-04-24 04:17:25.001087,2026-04-24 07:00:00,Fri,7,2.709721920163506
R-012,Gym,2026-04-24 02:57:35.286391,2026-04-24 07:00:00,Fri,7,4.040198224641528
R-017,Gym,2026-04-24 03:38:11.201178,2026-04-24 07:00:00,Fri,7,3.36355522820957
R-053,Gym,2026-04-24 03:51:26.972972,2026-04-24 07:00:00,Fri,7,3.142507507681482
R-108,Gym,2026-04-24 03:50:22.188230,2026-04-24 07:00:00,Fri,7,3.160503269507717
R-081,Gym,2026-04-24 03:26:10.002554,2026-04-24 07:00:00,Fri,7,3.5638881793265114
R-054,Badminton,2026-04-24 00:17:02.107462,2026-04-24 09:00:00,Fri,9,8.716081260549988
R-109,Badminton,2026-04-24 00:16:59.616624,2026-04-24 11:00:00,Fri,11,10.71677315991869
R-049,Gym,2026-04-24 15:18:44.776590,2026-04-24 18:00:00,Fri,18,2.6875620582109665
R-094,Gym,2026-04-24 14:58:33.793303,2026-04-24 18:00:00,Fri,18,3.023946304677233
R-037,Tennis,2026-04-24 21:39:49.075644,2026-04-25 09:00:00,Sat,9,11.336367876779336
R-019,Pool,2026-04-25 01:01:14.195809,2026-04-25 14:00:00,Sat,14,12.97939005299394
R-077,Clubhouse,2026-04-25 09:22:31.200415,2026-04-25 15:00:00,Sat,15,5.624666551299687
R-041,Pool,2026-04-25 09:16:40.106574,2026-04-25 15:00:00,Sat,15,5.722192618335525
R-110,Clubhouse,2026-04-25 08:07:11.511100,2026-04-25 15:00:00,Sat,15,6.880135805630591
R-045,Pool,2026-04-25 10:19:46.702604,2026-04-25 15:00:00,Sat,15,4.670360387829029
R-050,Pool,2026-04-25 09:26:36.091379,2026-04-25 15:00:00,Sat,15,5.55664128359172
R-086,Clubhouse,2026-04-25 09:23:49.343910,2026-04-25 15:00:00,Sat,15,5.602960025086125
R-033,Pool,2026-04-25 09:44:34.041342,2026-04-25 15:00:00,Sat,15,5.257210738439552
R-062,Clubhouse,2026-04-25 09:03:22.198477,2026-04-25 15:00:00,Sat,15,5.943833756377328
R-047,Pool,2026-04-25 09:04:14.524013,2026-04-25 15:00:00,Sat,15,5.929298885276767
R-102,Clubhouse,2026-04-25 08:56:11.583181,2026-04-25 15:00:00,Sat,15,6.063449116391818
R-007,Clubhouse,2026-04-25 10:05:36.485289,2026-04-25 15:00:00,Sat,15,4.906531864254642
R-039,Pool,2026-04-25 07:28:26.830112,2026-04-25 15:00:00,Sat,15,7.525880524511406
R-008,Pool,2026-04-25 08:24:38.611563,2026-04-25 15:00:00,Sat,15,6.589274565907766
R-004,Pool,2026-04-25 10:01:11.816279,2026-04-25 15:00:00,Sat,15,4.98005103349688
R-026,Pool,2026-04-25 10:00:04.181969,2026-04-25 15:00:00,Sat,15,4.998838341883518
R-112,Pool,2026-04-25 09:01:21.556948,2026-04-25 15:00:00,Sat,15,5.977345292279004
R-060,Pool,2026-04-25 08:41:39.296812,2026-04-25 15:00:00,Sat,15,6.3057508856192435
R-119,Pool,2026-04-25 09:39:54.415918,2026-04-25 15:00:00,Sat,15,5.334884467325166
R-011,Clubhouse,2026-04-25 09:32:16.198277,2026-04-25 15:00:00,Sat,15,5.462167145344706
R-043,Pool,2026-04-25 08:54:11.536710,2026-04-25 15:00:00,Sat,15,6.096795358319532
R-044,Pool,2026-04-25 09:03:36.544747,2026-04-25 15:00:00,Sat,15,5.939848681403427
R-032,Pool,2026-04-25 09:16:04.088803,2026-04-25 15:00:00,Sat,15,5.732197554723765
R-028,Pool,2026-04-25 11:12:27.020003,2026-04-25 15:00:00,Sat,15,3.7924944434812993
R-096,Clubhouse,2026-04-25 08:42:37.144307,2026-04-25 15:00:00,Sat,15,6.289682136930193
R-082,Pool,2026-04-25 09:15:13.914493,2026-04-25 15:00:00,Sat,15,5.746134862934092
R-014,Pool,2026-04-25 08:06:17.849211,2026-04-25 15:00:00,Sat,15,6.8950418857277525
R-093,Pool,2026-04-25 08:37:43.485094,2026-04-25 15:00:00,Sat,15,6.37125414050106
R-103,Pool,2026-04-25 07:55:06.055562,2026-04-25 15:00:00,Sat,15,7.081651232690186
R-022,Clubhouse,2026-04-25 06:32:34.753009,2026-04-25 15:00:00,Sat,15,8.457013053182536
R-098,Pool,2026-04-25 08:52:47.420469,2026-04-25 15:00:00,Sat,15,6.120160980754159
R-016,Pool,2026-04-25 09:33:44.392151,2026-04-25 16:00:00,Sat,16,6.437668846960347
R-068,Pool,2026-04-25 11:12:12.178590,2026-04-25 16:00:00,Sat,16,4.796617058283809
R-013,Pool,2026-04-25 10:41:08.159686,2026-04-25 16:00:00,Sat,16,5.314400087146299
R-064,Pool,2026-04-25 10:15:49.499852,2026-04-25 16:00:00,Sat,16,5.7362500410799235
R-067,Pool,2026-04-25 09:19:22.751484,2026-04-25 16:00:00,Sat,16,6.67701347665016
R-030,Pool,2026-04-25 08:59:30.476124,2026-04-25 16:00:00,Sat,16,7.008201076596845
R-051,Pool,2026-04-25 10:09:03.495030,2026-04-25 16:00:00,Sat,16,5.849029158439082
R-072,Tennis,2026-04-24 20:38:01.580592,2026-04-25 19:00:00,Sat,19,22.36622761342076
R-074,Tennis,2026-04-24 18:47:33.047723,2026-04-25 19:00:00,Sat,19,24.207486743520633
R-059,Tennis,2026-04-24 18:34:46.757884,2026-04-25 19:00:00,Sat,19,24.42034503222967
R-085,Badminton,2026-04-24 15:54:47.036121,2026-04-25 19:00:00,Sat,19,27.086934410782217
R-107,Tennis,2026-04-24 20:49:50.188367,2026-04-25 19:00:00,Sat,19,22.169392120154193
R-116,Badminton,2026-04-24 18:02:59.845269,2026-04-25 19:00:00,Sat,19,24.950042980812803
R-038,Tennis,2026-04-24 20:29:36.541164,2026-04-25 19:00:00,Sat,19,22.50651634326484
R-100,Tennis,2026-04-24 18:57:12.140329,2026-04-25 19:00:00,Sat,19,24.046627686365987
R-006,Tennis,2026-04-24 23:20:34.896872,2026-04-25 19:00:00,Sat,19,19.656973091121692
R-069,Badminton,2026-04-24 19:26:43.415469,2026-04-25 19:00:00,Sat,19,23.5546068141892
R-002,Badminton,2026-04-24 17:59:57.709628,2026-04-25 19:00:00,Sat,19,25.00063621446127
R-023,Badminton,2026-04-24 21:12:37.289191,2026-04-25 19:00:00,Sat,19,21.789641891523203
R-065,Badminton,2026-04-24 19:42:36.821156,2026-04-25 19:00:00,Sat,19,23.289771900988793
R-097,Tennis,2026-04-24 21:58:55.760208,2026-04-25 19:00:00,Sat,19,21.017844386614225
R-018,Tennis,2026-04-24 18:29:31.770045,2026-04-25 19:00:00,Sat,19,24.507841654296577
R-076,Tennis,2026-04-24 20:47:13.619452,2026-04-25 19:00:00,Sat,19,22.212883485564
R-040,Badminton,2026-04-24 21:45:56.329907,2026-04-25 19:00:00,Sat,19,21.234352803487052
R-089,Tennis,2026-04-24 20:36:50.754322,2026-04-25 20:00:00,Sat,20,23.385901577184708
R-024,Badminton,2026-04-24 19:56:39.054741,2026-04-25 20:00:00,Sat,20,24.05581812761956
R-001,Gym,2026-04-26 04:35:19.739879,2026-04-26 13:00:00,Sun,13,8.411183367058378
R-011,Pool,2026-04-26 09:55:35.674584,2026-04-26 15:00:00,Sun,15,5.073423726595133
R-105,Pool,2026-04-26 08:00:06.130706,2026-04-26 15:00:00,Sun,15,6.9982970262402935
R-067,Pool,2026-04-26 10:48:45.555552,2026-04-26 15:00:00,Sun,15,4.187345679866301
R-022,Clubhouse,2026-04-26 09:41:08.002541,2026-04-26 15:00:00,Sun,15,5.31444373852949
R-028,Pool,2026-04-26 07:55:55.660615,2026-04-26 15:00:00,Sun,15,7.067872051291347
R-064,Pool,2026-04-26 09:35:44.685709,2026-04-26 15:00:00,Sun,15,5.404253969826478
R-119,Pool,2026-04-26 07:42:54.680829,2026-04-26 15:00:00,Sun,15,7.284810880744292
R-062,Pool,2026-04-26 09:14:16.695228,2026-04-26 15:00:00,Sun,15,5.762029103210709
R-093,Pool,2026-04-26 08:33:16.732325,2026-04-26 15:00:00,Sun,15,6.445352131964381
R-068,Pool,2026-04-26 08:16:43.049050,2026-04-26 15:00:00,Sun,15,6.721375263802356
R-096,Pool,2026-04-26 08:48:28.773941,2026-04-26 15:00:00,Sun,15,6.192007238739107
R-026,Clubhouse,2026-04-26 09:13:36.409539,2026-04-26 15:00:00,Sun,15,5.77321957245701
R-112,Pool,2026-04-26 09:29:18.577261,2026-04-26 15:00:00,Sun,15,5.511506316516466
R-039,Clubhouse,2026-04-26 08:09:06.952489,2026-04-26 15:00:00,Sun,15,6.848068753084433
R-009,Pool,2026-04-26 08:33:21.250934,2026-04-26 15:00:00,Sun,15,6.444096962721215
R-050,Clubhouse,2026-04-26 09:07:57.879124,2026-04-26 15:00:00,Sun,15,5.8672557989112155
R-102,Pool,2026-04-26 10:05:15.245940,2026-04-26 15:00:00,Sun,15,4.912431683268936
R-016,Pool,2026-04-26 10:52:21.194629,2026-04-26 15:00:00,Sun,15,4.1274459363430624
R-033,Pool,2026-04-26 10:56:55.989040,2026-04-26 15:00:00,Sun,15,4.051114155613933
R-077,Pool,2026-04-26 08:35:39.622043,2026-04-26 15:00:00,Sun,15,6.405660543676311
R-079,Pool,2026-04-26 09:11:02.870225,2026-04-26 15:00:00,Sun,15,5.81586938207491
R-008,Pool,2026-04-26 09:51:36.767626,2026-04-26 15:00:00,Sun,15,5.139786770594741
R-014,Pool,2026-04-26 08:28:59.370778,2026-04-26 15:00:00,Sun,15,6.516841450580483
R-045,Pool,2026-04-26 09:38:26.859816,2026-04-26 15:00:00,Sun,15,5.359205606610326
R-110,Pool,2026-04-26 08:57:56.572587,2026-04-26 15:00:00,Sun,15,6.034285392410381
R-044,Pool,2026-04-26 08:19:20.451374,2026-04-26 15:00:00,Sun,15,6.6776523962297025
R-041,Pool,2026-04-26 07:55:31.574030,2026-04-26 15:00:00,Sun,15,7.0745627694979305
R-013,Pool,2026-04-26 10:40:06.193876,2026-04-26 15:00:00,Sun,15,4.331612812123399
R-047,Pool,2026-04-26 09:35:38.018649,2026-04-26 15:00:00,Sun,15,5.406105930918768
R-098,Pool,2026-04-26 10:38:46.054548,2026-04-26 16:00:00,Sun,16,5.353873736709892
R-030,Pool,2026-04-26 10:09:01.516317,2026-04-26 16:00:00,Sun,16,5.8495788007405025
R-007,Pool,2026-04-26 08:59:30.436473,2026-04-26 16:00:00,Sun,16,7.0082120906975245
R-103,Pool,2026-04-26 10:30:44.838997,2026-04-26 16:00:00,Sun,16,5.487544722940611
R-060,Clubhouse,2026-04-26 09:21:16.493208,2026-04-26 16:00:00,Sun,16,6.645418553268281
R-086,Pool,2026-04-26 10:51:57.295067,2026-04-26 16:00:00,Sun,16,5.13408470372317
R-082,Pool,2026-04-26 08:27:54.972314,2026-04-26 16:00:00,Sun,16,7.534729912756882
R-114,Badminton,2026-04-26 03:04:48.321891,2026-04-26 17:00:00,Sun,17,13.919910585738458
R-115,Pool,2026-04-26 07:02:45.496673,2026-04-26 18:00:00,Sun,18,10.954028701856178
R-031,Pool,2026-04-26 04:51:23.667318,2026-04-26 19:00:00,Sun,19,14.14342574507906
R-061,Gym,2026-04-27 03:57:04.160558,2026-04-27 07:00:00,Mon,7,3.04884428952481
R-081,Gym,2026-04-27 02:43:41.982142,2026-04-27 07:00:00,Mon,7,4.2716716273463256
R-088,Gym,2026-04-27 04:40:36.509099,2026-04-27 07:00:00,Mon,7,2.323191917020682
R-084,Gym,2026-04-27 04:12:03.679079,2026-04-27 07:00:00,Mon,7,2.7989780336988677
R-003,Gym,2026-04-27 04:22:45.841038,2026-04-27 07:00:00,Mon,7,2.620599711545764
R-111,Gym,2026-04-27 03:55:58.922481,2026-04-27 07:00:00,Mon,7,3.066965977439806
R-042,Gym,2026-04-27 04:38:32.094486,2026-04-27 07:00:00,Mon,7,2.357751531750747
R-087,Gym,2026-04-27 03:55:46.188459,2026-04-27 07:00:00,Mon,7,3.070503205734212
R-073,Pool,2026-04-27 03:26:17.167527,2026-04-27 07:00:00,Mon,7,3.5618979092247818
R-094,Gym,2026-04-27 03:46:40.983402,2026-04-27 07:00:00,Mon,7,3.2219490550853602
R-078,Gym,2026-04-27 04:19:00.060451,2026-04-27 07:00:00,Mon,7,2.6833165414374975
R-066,Gym,2026-04-27 04:09:03.366301,2026-04-27 07:00:00,Mon,7,2.8490649163551294
R-091,Gym,2026-04-27 03:35:26.903378,2026-04-27 07:00:00,Mon,7,3.4091935060775542
R-049,Gym,2026-04-27 04:04:26.490189,2026-04-27 07:00:00,Mon,7,2.9259749474102783
R-070,Gym,2026-04-27 04:09:42.813183,2026-04-27 07:00:00,Mon,7,2.8381074492867584
R-017,Gym,2026-04-27 04:34:24.314889,2026-04-27 07:00:00,Mon,7,2.426579197626066
R-090,Gym,2026-04-27 04:29:12.873017,2026-04-27 07:00:00,Mon,7,2.5130908284957094
R-053,Pool,2026-04-27 04:08:18.019821,2026-04-27 07:00:00,Mon,7,2.8616611607700047
R-117,Gym,2026-04-27 03:56:32.019847,2026-04-27 07:00:00,Mon,7,3.057772264712042
R-005,Gym,2026-04-27 03:46:08.575752,2026-04-27 07:00:00,Mon,7,3.2309511798831223
R-035,Pool,2026-04-27 03:48:31.388923,2026-04-27 07:00:00,Mon,7,3.191280854852498
R-055,Gym,2026-04-27 03:47:11.533961,2026-04-27 07:00:00,Mon,7,3.213462788714474
R-080,Tennis,2026-04-26 15:41:59.045273,2026-04-27 08:00:00,Mon,8,16.300265201863887
R-052,Badminton,2026-04-26 16:57:28.104900,2026-04-27 09:00:00,Mon,9,16.04219308345299
R-063,Badminton,2026-04-26 23:00:40.711002,2026-04-27 11:00:00,Mon,11,11.988691388203316
R-104,Clubhouse,2026-04-27 02:52:06.627904,2026-04-27 16:00:00,Mon,16,13.1314922489097
R-101,Gym,2026-04-27 15:39:02.037344,2026-04-27 18:00:00,Mon,18,2.349434070986045
R-025,Pool,2026-04-27 15:07:55.161662,2026-04-27 18:00:00,Mon,18,2.868010649529411
R-020,Gym,2026-04-27 15:18:24.462435,2026-04-27 18:00:00,Mon,18,2.6932048791488654
R-002,Tennis,2026-04-27 18:45:03.393178,2026-04-28 19:00:00,Tue,19,24.24905745060416
R-075,Tennis,2026-04-27 20:11:21.114768,2026-04-28 19:00:00,Tue,19,22.810801453296886
R-116,Badminton,2026-04-27 19:45:49.579523,2026-04-28 19:00:00,Tue,19,23.236227910195424
R-089,Tennis,2026-04-27 17:56:42.456920,2026-04-28 19:00:00,Tue,19,25.054873077844416
R-095,Tennis,2026-04-27 20:37:17.257834,2026-04-28 19:00:00,Tue,19,22.378539490533587
R-097,Badminton,2026-04-27 16:47:18.607987,2026-04-28 19:00:00,Tue,19,26.211497781526184
R-100,Badminton,2026-04-27 17:48:31.922702,2026-04-28 19:00:00,Tue,19,25.19113258285102
R-056,Tennis,2026-04-27 16:04:00.266773,2026-04-28 19:00:00,Tue,19,26.933259229695068
R-057,Badminton,2026-04-27 17:42:04.061655,2026-04-28 19:00:00,Tue,19,25.298871762473123
R-024,Tennis,2026-04-27 21:25:24.679597,2026-04-28 19:00:00,Tue,19,21.57647788960758
R-085,Tennis,2026-04-27 19:08:49.185691,2026-04-28 19:00:00,Tue,19,23.85300397478169
R-059,Badminton,2026-04-27 16:01:53.562125,2026-04-28 19:00:00,Tue,19,26.968454965295113
R-023,Badminton,2026-04-27 15:40:24.255141,2026-04-28 19:00:00,Tue,19,27.326595794082035
R-092,Tennis,2026-04-27 15:42:02.797154,2026-04-28 19:00:00,Tue,19,27.29922301277713
R-083,Tennis,2026-04-27 21:25:16.740805,2026-04-28 19:00:00,Tue,19,21.57868310980417
R-074,Badminton,2026-04-27 17:00:36.676423,2026-04-28 19:00:00,Tue,19,25.98981210480974
R-069,Tennis,2026-04-27 19:38:03.035611,2026-04-28 19:00:00,Tue,19,23.36582344125201
R-018,Badminton,2026-04-27 15:28:34.851819,2026-04-28 19:00:00,Tue,19,27.523652272504478
R-076,Badminton,2026-04-27 18:54:27.066487,2026-04-28 19:00:00,Tue,19,24.09248153144538
R-006,Tennis,2026-04-27 22:05:32.310719,2026-04-28 20:00:00,Tue,20,21.907691466931322
R-040,Badminton,2026-04-27 22:08:10.906044,2026-04-28 20:00:00,Tue,20,21.863637209881563
R-049,Gym,2026-04-29 04:43:39.200405,2026-04-29 07:00:00,Wed,7,2.27244433182771
R-053,Gym,2026-04-29 03:36:53.395036,2026-04-29 07:00:00,Wed,7,3.385168045631074
R-055,Gym,2026-04-29 03:32:58.031225,2026-04-29 07:00:00,Wed,7,3.4505468818355167
R-084,Pool,2026-04-29 03:18:20.879308,2026-04-29 07:00:00,Wed,7,3.6942001922430814
R-078,Pool,2026-04-29 04:00:55.237776,2026-04-29 07:00:00,Wed,7,2.9846561733210795
R-081,Gym,2026-04-29 03:17:11.648487,2026-04-29 07:00:00,Wed,7,3.7134309759198443
R-058,Gym,2026-04-29 03:35:09.921441,2026-04-29 07:00:00,Wed,7,3.413910710910977
R-091,Gym,2026-04-29 05:06:01.755917,2026-04-29 07:00:00,Wed,7,1.8995122451927247
R-061,Gym,2026-04-29 04:03:32.787339,2026-04-29 07:00:00,Wed,7,2.9408924058350947
R-073,Gym,2026-04-29 03:46:05.868266,2026-04-29 07:00:00,Wed,7,3.231703259420937
R-087,Gym,2026-04-29 03:57:48.761397,2026-04-29 07:00:00,Wed,7,3.0364551675379228
R-090,Gym,2026-04-29 04:12:31.998780,2026-04-29 07:00:00,Wed,7,2.7911114501079486
R-042,Gym,2026-04-29 04:13:38.676762,2026-04-29 07:00:00,Wed,7,2.7725897883543777
R-003,Gym,2026-04-29 03:43:16.676356,2026-04-29 07:00:00,Wed,7,3.278701012121534
R-020,Gym,2026-04-29 03:45:11.799107,2026-04-29 07:00:00,Wed,7,3.2467224703905355
R-108,Gym,2026-04-29 03:45:56.924095,2026-04-29 07:00:00,Wed,7,3.234187751337056
R-035,Gym,2026-04-29 04:09:34.759106,2026-04-29 07:00:00,Wed,7,2.8403446927603837
R-012,Pool,2026-04-29 03:07:27.351915,2026-04-29 07:00:00,Wed,7,3.875735579163786
R-101,Gym,2026-04-29 04:00:11.626328,2026-04-29 07:00:00,Wed,7,2.9967704645780797
R-111,Gym,2026-04-29 04:10:33.082782,2026-04-29 07:00:00,Wed,7,2.824143671628795
R-117,Gym,2026-04-29 03:46:03.000931,2026-04-29 07:00:00,Wed,7,3.2324997413190464
R-109,Pool,2026-04-28 16:37:14.391306,2026-04-29 08:00:00,Wed,8,15.379335748208224
R-088,Gym,2026-04-29 14:34:27.451002,2026-04-29 18:00:00,Wed,18,3.4257080550836503
R-017,Gym,2026-04-29 14:18:20.721345,2026-04-29 18:00:00,Wed,18,3.6942440707764446
R-094,Pool,2026-04-29 14:37:13.494336,2026-04-29 18:00:00,Wed,18,3.3795849065359427
R-066,Gym,2026-04-29 15:13:59.303957,2026-04-29 18:00:00,Wed,18,2.766860011929788
R-080,Tennis,2026-04-30 00:58:24.794856,2026-04-30 09:00:00,Thu,9,8.026445873251213
R-072,Tennis,2026-04-29 18:03:28.481906,2026-04-30 19:00:00,Thu,19,24.942088359569915
R-107,Tennis,2026-04-29 21:31:21.624632,2026-04-30 19:00:00,Thu,19,21.477326491222637
R-069,Badminton,2026-04-29 18:55:18.402914,2026-04-30 19:00:00,Thu,19,24.07822141268858
R-006,Tennis,2026-04-29 16:32:29.806090,2026-04-30 19:00:00,Thu,19,26.458387197261132
R-074,Tennis,2026-04-29 18:51:19.211846,2026-04-30 19:00:00,Thu,19,24.144663376073915
R-076,Badminton,2026-04-29 22:29:05.344642,2026-04-30 19:00:00,Thu,19,20.515182043916838
R-059,Tennis,2026-04-29 22:03:15.844578,2026-04-30 19:00:00,Thu,19,20.945598728386166
R-018,Badminton,2026-04-29 18:54:44.229705,2026-04-30 19:00:00,Thu,19,24.08771397072475
R-092,Badminton,2026-04-29 20:09:01.828875,2026-04-30 19:00:00,Thu,19,22.84949197916452
R-085,Badminton,2026-04-29 20:24:55.876270,2026-04-30 19:00:00,Thu,19,22.584478813762345
R-023,Tennis,2026-04-29 22:11:05.144105,2026-04-30 19:00:00,Thu,19,20.815237748677557
R-057,Badminton,2026-04-29 19:06:34.827254,2026-04-30 19:00:00,Thu,19,23.890325762767823
R-024,Badminton,2026-04-29 16:37:48.608161,2026-04-30 19:00:00,Thu,19,26.36983106627263
R-056,Badminton,2026-04-29 19:05:15.698192,2026-04-30 19:00:00,Thu,19,23.91230605789873
R-097,Badminton,2026-04-29 18:36:35.582406,2026-04-30 19:00:00,Thu,19,24.3901159982302
R-095,Tennis,2026-04-29 22:02:18.141331,2026-04-30 19:00:00,Thu,19,20.96162740797771
R-075,Badminton,2026-04-29 20:30:56.757900,2026-04-30 19:00:00,Thu,19,22.484233916687344
R-089,Badminton,2026-04-29 18:27:37.842934,2026-04-30 19:00:00,Thu,19,24.539488073962914
R-116,Tennis,2026-04-29 16:36:36.266345,2026-04-30 19:00:00,Thu,19,26.389926015402132
R-083,Tennis,2026-04-29 21:52:13.116837,2026-04-30 19:00:00,Thu,19,21.129689767554233
R-040,Tennis,2026-04-29 21:09:52.737845,2026-04-30 19:00:00,Thu,19,21.83535059873173
R-065,Badminton,2026-04-29 17:27:06.422953,2026-04-30 20:00:00,Thu,20,26.548215846399
R-002,Tennis,2026-04-29 23:42:49.481588,2026-04-30 20:00:00,Thu,20,20.286255114449705
